txn_id,signal_id,txn_time,amount,direction,txn_type,country,currency
TXN-00003747,SIG-00416,2024-09-22 00:16:02.826504,7230.6,in,payment,US,USD
TXN-00001711,SIG-00186,2024-11-15 06:39:46.712791,9567.02,out,withdrawal,US,USD
TXN-00006070,SIG-00681,2024-11-22 00:36:18.614719,418.9,in,deposit,US,USD
TXN-00003839,SIG-00427,2024-05-04 16:04:02.668828,409.23,in,card_purchase,US,USD
TXN-00006459,SIG-00725,2024-08-27 10:25:00.050818,2124.76,in,payment,US,USD
TXN-00007738,SIG-00861,2024-05-07 12:41:17.953355,244.59,in,refund,KY,GBP
TXN-00002895,SIG-00321,2024-09-03 23:14:14.427754,2895.33,out,transfer,US,USD
TXN-00010382,SIG-01147,2024-11-29 21:25:24.309143,607.41,in,fx_exchange,US,USD
TXN-00007259,SIG-00813,2024-12-18 14:19:54.643789,736.9,out,card_purchase,US,USD
TXN-00004395,SIG-00486,2024-05-12 17:55:43.708271,781.77,in,deposit,US,USD
TXN-00002997,SIG-00333,2024-07-15 18:51:04.958335,6998.16,in,fx_exchange,US,USD
TXN-00006900,SIG-00771,2024-10-10 05:13:35.108509,1145.75,in,bill_pay,US,USD
TXN-00000593,SIG-00060,2024-11-15 08:11:14.383951,5674.7,in,deposit,US,USD
TXN-00010700,SIG-01182,2024-03-21 05:55:29.891468,579.05,out,wire,US,USD
TXN-00003774,SIG-00418,2024-02-08 11:43:18.484070,8199.08,out,transfer,US,USD
TXN-00003525,SIG-00393,2024-07-29 05:26:12.726047,543.07,in,atm_withdrawal,BR,USD
TXN-00000609,SIG-00062,2024-09-03 18:54:18.299722,7634.11,in,bill_pay,US,USD
TXN-00000034,SIG-00004,2024-03-01 07:00:14.656959,548.69,in,payment,US,USD
TXN-00004398,SIG-00487,2024-11-18 16:59:19.491629,1094.76,out,card_purchase,US,USD
TXN-00007932,SIG-00880,2024-05-02 15:26:47.931060,10146.31,in,transfer,US,USD
TXN-00004808,SIG-00537,2024-01-20 18:34:06.939774,2714.39,in,deposit,KY,EUR
TXN-00010852,SIG-01197,2024-07-17 16:48:48.747577,12242.16,in,transfer,US,USD
TXN-00005083,SIG-00567,2024-10-22 15:27:09.363695,500.4,out,payment,US,USD
TXN-00001951,SIG-00207,2024-10-02 03:35:29.671439,3693.83,out,bill_pay,US,USD
TXN-00004061,SIG-00453,2024-10-30 06:44:09.915224,1125.17,out,withdrawal,US,USD
TXN-00005480,SIG-00611,2024-10-14 02:39:11.212659,245.59,in,refund,US,USD
TXN-00010859,SIG-01197,2024-08-09 07:58:51.447067,15191.28,out,withdrawal,US,USD
TXN-00003861,SIG-00428,2024-05-19 13:20:44.094549,1445.37,in,payment,US,USD
TXN-00005441,SIG-00607,2024-03-17 11:37:03.726682,3146.9,in,withdrawal,CN,GBP
TXN-00000695,SIG-00073,2024-04-03 05:23:15.336990,6675.45,in,fx_exchange,US,USD
TXN-00006500,SIG-00729,2024-03-01 03:33:25.524905,3933.44,out,transfer,TR,CHF
TXN-00007494,SIG-00837,2024-09-08 14:39:49.099173,304.02,in,payment,KY,JPY
TXN-00001719,SIG-00187,2024-09-21 05:12:14.167852,863.73,in,bill_pay,US,USD
TXN-00006464,SIG-00725,2024-08-31 08:31:29.634639,1347.72,in,transfer,US,USD
TXN-00002649,SIG-00291,2024-05-07 11:24:41.159068,3028.9,in,transfer,US,USD
TXN-00000867,SIG-00090,2024-04-25 20:09:28.548085,281.86,in,refund,US,USD
TXN-00003782,SIG-00419,2024-03-26 11:53:41.956647,1306.83,in,atm_withdrawal,PA,CHF
TXN-00008248,SIG-00911,2024-12-16 08:03:28.487293,17504.24,out,bill_pay,US,USD
TXN-00006962,SIG-00777,2024-07-06 02:05:11.679774,488.22,out,fx_exchange,US,USD
TXN-00002869,SIG-00319,2024-11-17 07:05:10.978454,4626.97,in,deposit,IN,USD
TXN-00006623,SIG-00741,2024-01-28 23:53:05.649887,751.09,out,bill_pay,US,USD
TXN-00000488,SIG-00050,2024-01-24 15:40:20.644643,939.35,in,atm_withdrawal,US,USD
TXN-00009520,SIG-01051,2024-08-14 18:03:10.644330,9691.61,out,card_purchase,BR,GBP
TXN-00005472,SIG-00610,2024-04-18 10:19:28.912799,1295.47,in,payment,US,USD
TXN-00003061,SIG-00341,2024-03-19 14:19:39.558798,3366.39,out,card_purchase,US,USD
TXN-00005313,SIG-00593,2024-09-08 03:46:31.978839,4126.71,in,refund,US,USD
TXN-00003423,SIG-00383,2024-08-23 13:40:07.478632,4045.75,out,deposit,US,USD
TXN-00005982,SIG-00668,2024-04-24 18:57:44.439809,290.66,in,payment,US,USD
TXN-00001769,SIG-00192,2024-03-19 11:32:58.096405,255.79,in,card_purchase,US,USD
TXN-00010595,SIG-01169,2024-07-25 15:33:02.944885,721.34,in,withdrawal,US,USD
TXN-00006862,SIG-00768,2024-10-21 02:48:39.095283,468.99,in,card_purchase,US,USD
TXN-00008496,SIG-00941,2024-01-30 12:51:03.611512,968.58,out,atm_withdrawal,US,USD
TXN-00002216,SIG-00243,2024-10-14 21:12:12.002523,5128.36,out,deposit,TR,JPY
TXN-00006830,SIG-00763,2024-10-17 07:52:21.786428,2175.54,in,card_purchase,US,USD
TXN-00007213,SIG-00808,2024-05-22 01:56:57.061649,1327.0,out,refund,US,USD
TXN-00001684,SIG-00183,2024-09-28 06:14:20.751831,1249.25,out,withdrawal,US,USD
TXN-00004314,SIG-00477,2024-10-02 23:41:56.846894,1484.73,in,wire,US,USD
TXN-00002474,SIG-00271,2024-07-25 05:53:13.943852,798.31,in,atm_withdrawal,BR,JPY
TXN-00006833,SIG-00764,2024-03-24 08:32:08.107991,9500.84,out,deposit,US,USD
TXN-00009788,SIG-01082,2024-06-10 22:23:40.280367,1965.06,out,fx_exchange,US,USD
TXN-00010773,SIG-01190,2024-04-20 23:22:19.815846,6701.93,in,payment,US,USD
TXN-00007783,SIG-00865,2024-02-29 08:12:43.133092,1643.14,out,deposit,US,USD
TXN-00009237,SIG-01023,2024-11-10 15:16:59.964700,5076.21,in,wire,US,USD
TXN-00005275,SIG-00589,2024-08-10 19:10:45.183747,2787.94,in,payment,US,USD
TXN-00007638,SIG-00851,2024-01-14 23:59:19.771759,749.63,in,withdrawal,US,USD
TXN-00008932,SIG-00988,2024-08-08 03:40:02.248082,275.33,in,refund,US,USD
TXN-00001808,SIG-00196,2024-05-15 16:58:41.326905,2029.39,out,payment,US,USD
TXN-00007104,SIG-00794,2024-07-14 01:11:19.325082,9156.42,in,withdrawal,US,USD
TXN-00006958,SIG-00777,2024-07-04 14:59:20.631581,1770.95,out,atm_withdrawal,US,USD
TXN-00002070,SIG-00225,2024-11-14 21:07:20.962506,2916.58,in,bill_pay,US,USD
TXN-00002693,SIG-00296,2024-04-09 20:03:52.390793,240.75,out,payment,US,USD
TXN-00010638,SIG-01174,2024-03-31 11:01:25.989476,1435.11,out,payment,US,USD
TXN-00004265,SIG-00474,2024-11-11 11:38:23.063412,863.32,in,payment,US,USD
TXN-00004141,SIG-00460,2024-01-14 11:02:38.562606,3423.72,out,wire,TR,GBP
TXN-00008559,SIG-00947,2023-12-12 14:10:03.762609,603.41,out,payment,US,USD
TXN-00001255,SIG-00133,2023-12-07 11:26:46.060374,107.67,in,deposit,PA,USD
TXN-00001480,SIG-00159,2024-04-02 19:29:29.449834,145.86,out,payment,US,USD
TXN-00007324,SIG-00817,2024-03-21 09:41:43.175802,897.71,out,card_purchase,US,USD
TXN-00001202,SIG-00127,2024-06-04 12:22:01.746332,464.3,out,card_purchase,US,USD
TXN-00005655,SIG-00632,2024-04-30 20:04:15.445530,492.46,out,card_purchase,AE,JPY
TXN-00009685,SIG-01070,2024-03-30 20:41:08.758501,917.72,in,payment,US,USD
TXN-00002418,SIG-00265,2024-04-02 03:40:05.578394,1031.73,in,payment,US,USD
TXN-00005528,SIG-00617,2024-07-27 10:57:28.790229,5651.15,in,refund,US,USD
TXN-00003881,SIG-00430,2024-08-17 15:40:17.664553,306.55,in,deposit,US,USD
TXN-00005028,SIG-00561,2024-10-24 11:09:02.192737,1683.78,out,wire,US,USD
TXN-00006102,SIG-00684,2024-09-19 23:03:58.499321,542.76,in,fx_exchange,US,USD
TXN-00002448,SIG-00269,2024-01-06 16:10:23.589504,393.84,out,atm_withdrawal,US,USD
TXN-00010652,SIG-01176,2024-05-23 18:55:23.897290,1490.56,in,bill_pay,RU,JPY
TXN-00003144,SIG-00352,2024-10-20 09:07:11.583217,952.59,out,deposit,US,USD
TXN-00010484,SIG-01158,2024-01-23 15:38:00.986984,21863.87,in,transfer,US,USD
TXN-00008911,SIG-00985,2024-09-24 07:23:52.632429,968.45,out,card_purchase,US,USD
TXN-00006358,SIG-00713,2024-05-01 04:32:57.048945,2144.6,out,payment,US,USD
TXN-00008367,SIG-00923,2024-02-13 07:57:31.070361,1435.89,out,withdrawal,US,USD
TXN-00002408,SIG-00263,2024-10-28 20:10:59.044176,2874.07,out,withdrawal,US,USD
TXN-00000409,SIG-00041,2024-08-30 08:40:32.626417,736.47,in,withdrawal,US,USD
TXN-00005863,SIG-00656,2024-03-24 01:24:02.970099,1824.02,out,card_purchase,US,USD
TXN-00003096,SIG-00345,2024-03-25 00:38:11.196513,191.96,in,transfer,IN,JPY
TXN-00006955,SIG-00776,2024-04-01 10:57:34.398995,2808.44,in,withdrawal,US,USD
TXN-00009885,SIG-01093,2024-08-20 00:49:37.972618,3826.59,out,card_purchase,CN,USD
TXN-00006948,SIG-00776,2024-03-04 05:02:53.512380,4577.25,in,fx_exchange,US,USD
TXN-00008893,SIG-00983,2024-02-26 06:24:01.683078,2170.11,out,atm_withdrawal,BR,USD
TXN-00003718,SIG-00413,2024-03-20 03:46:52.565024,1338.44,in,card_purchase,US,USD
TXN-00003101,SIG-00346,2023-12-15 15:20:36.085804,416.21,out,payment,US,USD
TXN-00003648,SIG-00406,2024-07-12 05:17:43.586277,623.78,out,wire,IN,GBP
TXN-00002358,SIG-00257,2024-02-08 19:14:39.942377,2424.89,in,payment,NG,JPY
TXN-00002738,SIG-00300,2024-02-19 21:44:12.649339,6900.97,out,deposit,US,USD
TXN-00007052,SIG-00789,2024-09-13 15:22:58.892698,2072.1,out,card_purchase,RU,JPY
TXN-00007091,SIG-00792,2024-03-18 17:12:27.909405,2987.82,out,wire,US,USD
TXN-00006638,SIG-00742,2024-11-28 14:22:58.595134,2069.34,in,withdrawal,US,USD
TXN-00001580,SIG-00171,2024-08-10 07:10:38.318671,4745.93,in,card_purchase,US,USD
TXN-00005748,SIG-00644,2024-09-14 06:40:57.007439,3605.63,in,transfer,TR,USD
TXN-00001114,SIG-00116,2024-11-19 04:36:51.362653,213.16,in,bill_pay,US,USD
TXN-00002863,SIG-00317,2024-05-14 12:20:42.171046,825.29,in,deposit,US,USD
TXN-00006290,SIG-00706,2024-03-18 10:29:26.964510,2908.66,out,transfer,US,USD
TXN-00002168,SIG-00238,2024-07-29 00:05:49.755944,2907.42,in,payment,US,USD
TXN-00010857,SIG-01197,2024-07-26 00:45:07.130843,1723.36,in,card_purchase,CN,EUR
TXN-00007418,SIG-00828,2024-02-26 05:09:20.575431,731.38,out,refund,US,USD
TXN-00010713,SIG-01183,2024-11-30 20:14:53.882528,260.97,in,wire,US,USD
TXN-00010197,SIG-01124,2024-04-12 17:54:55.110508,2049.01,in,card_purchase,NG,GBP
TXN-00007334,SIG-00818,2024-02-26 14:50:41.135104,496.18,out,wire,US,USD
TXN-00002456,SIG-00269,2024-01-10 18:02:26.548660,1368.4,in,card_purchase,US,USD
TXN-00005027,SIG-00561,2024-10-24 15:57:43.434056,3605.32,in,card_purchase,UA,USD
TXN-00010260,SIG-01133,2024-03-03 13:03:36.803689,456.82,in,card_purchase,US,USD
TXN-00000652,SIG-00067,2024-12-27 22:02:16.347292,1514.02,out,transfer,US,USD
TXN-00010863,SIG-01198,2024-03-24 20:48:50.646696,5028.0,out,card_purchase,BR,GBP
TXN-00005166,SIG-00575,2024-05-03 04:25:49.965688,1622.87,in,withdrawal,US,USD
TXN-00006235,SIG-00700,2024-08-06 14:38:28.922246,206.55,out,card_purchase,US,USD
TXN-00000036,SIG-00004,2024-02-22 15:17:48.875068,1281.61,in,payment,US,USD
TXN-00009636,SIG-01066,2024-10-13 04:26:44.374892,5815.1,in,payment,US,USD
TXN-00003910,SIG-00435,2024-04-16 22:33:59.968449,162.12,in,payment,BR,JPY
TXN-00001826,SIG-00198,2024-11-28 23:13:47.531279,715.66,out,wire,US,USD
TXN-00001181,SIG-00125,2024-09-27 19:35:58.804947,130.6,in,bill_pay,US,USD
TXN-00005126,SIG-00571,2024-10-05 18:33:40.521386,1978.36,in,fx_exchange,UA,USD
TXN-00003435,SIG-00384,2024-10-27 02:11:50.536058,389.39,in,transfer,US,USD
TXN-00003647,SIG-00406,2024-07-05 18:44:15.829752,778.7,out,card_purchase,CN,JPY
TXN-00000305,SIG-00032,2024-10-29 02:40:34.135701,7620.49,out,bill_pay,PA,EUR
TXN-00004794,SIG-00536,2024-12-16 19:19:06.844326,617.46,out,transfer,US,USD
TXN-00007615,SIG-00850,2024-05-11 19:59:25.529760,1925.45,in,payment,US,USD
TXN-00000096,SIG-00009,2024-06-08 08:33:44.641273,686.66,out,payment,NG,GBP
TXN-00002849,SIG-00315,2024-04-30 08:19:30.296795,418.78,out,card_purchase,US,USD
TXN-00007761,SIG-00863,2024-09-07 15:20:29.428378,18841.13,out,withdrawal,BR,EUR
TXN-00007683,SIG-00856,2024-10-06 17:59:33.389689,775.3,in,atm_withdrawal,UA,JPY
TXN-00004103,SIG-00457,2024-03-05 11:09:22.156660,1931.89,in,transfer,US,USD
TXN-00007018,SIG-00786,2024-05-13 15:58:55.243546,438.74,out,transfer,US,USD
TXN-00003167,SIG-00353,2024-06-14 14:55:59.155266,1956.5,out,fx_exchange,US,USD
TXN-00005958,SIG-00666,2024-04-03 01:50:28.197045,3688.81,in,fx_exchange,US,USD
TXN-00000484,SIG-00050,2024-01-14 10:50:43.140946,452.5,in,deposit,IN,GBP
TXN-00004924,SIG-00550,2024-11-03 21:59:40.794467,613.15,out,card_purchase,US,USD
TXN-00003032,SIG-00337,2024-10-06 15:38:08.489493,1254.92,in,transfer,US,USD
TXN-00009574,SIG-01059,2024-06-19 17:47:39.038954,405.58,out,atm_withdrawal,US,USD
TXN-00008216,SIG-00908,2024-09-24 00:13:46.719967,839.51,in,card_purchase,US,USD
TXN-00007333,SIG-00818,2024-02-20 12:25:28.667683,1952.64,out,transfer,AE,GBP
TXN-00005606,SIG-00625,2024-10-16 22:40:28.052673,636.47,out,deposit,US,USD
TXN-00001916,SIG-00206,2024-04-18 08:01:26.725143,464.27,out,payment,US,USD
TXN-00008167,SIG-00902,2024-01-17 18:16:12.585933,15078.46,in,deposit,BR,EUR
TXN-00003756,SIG-00416,2024-10-10 08:52:52.684419,90.8,out,atm_withdrawal,US,USD
TXN-00001085,SIG-00113,2024-07-13 18:44:30.490679,11133.29,out,wire,US,USD
TXN-00010507,SIG-01159,2024-11-18 10:12:32.503008,42097.57,in,deposit,US,USD
TXN-00007919,SIG-00878,2024-01-15 21:23:17.303632,8827.14,out,wire,US,USD
TXN-00010630,SIG-01173,2024-05-21 15:42:13.832583,490.06,in,transfer,KY,JPY
TXN-00008961,SIG-00992,2024-02-27 20:20:43.321172,849.85,out,bill_pay,US,USD
TXN-00000102,SIG-00010,2024-08-28 01:35:07.949429,19767.98,out,payment,NG,USD
TXN-00009533,SIG-01052,2024-02-23 11:46:18.041205,27317.52,in,payment,IN,JPY
TXN-00003003,SIG-00334,2024-03-13 01:13:30.044351,2004.8,in,bill_pay,US,USD
TXN-00008263,SIG-00912,2024-06-21 22:49:15.410175,10566.03,in,payment,US,USD
TXN-00003131,SIG-00351,2024-01-09 01:43:34.926973,2087.6,in,transfer,US,USD
TXN-00000511,SIG-00051,2024-07-19 17:37:17.649859,228.34,in,withdrawal,US,USD
TXN-00000519,SIG-00052,2024-10-22 19:27:14.158972,4685.2,out,withdrawal,US,USD
TXN-00003013,SIG-00336,2024-10-23 03:34:04.584600,295.17,in,deposit,UA,USD
TXN-00008219,SIG-00908,2024-10-01 14:57:16.130696,10427.73,out,wire,US,USD
TXN-00001384,SIG-00147,2024-10-10 10:10:27.623261,1466.05,out,payment,TR,CHF
TXN-00005065,SIG-00565,2024-02-10 02:34:54.128337,563.98,in,bill_pay,US,USD
TXN-00000319,SIG-00034,2024-07-21 03:18:29.026787,5686.05,out,transfer,US,USD
TXN-00003950,SIG-00441,2024-07-15 22:01:35.609921,525.33,in,transfer,US,USD
TXN-00007709,SIG-00859,2024-05-21 09:56:12.097200,1810.55,out,deposit,US,USD
TXN-00004048,SIG-00451,2024-04-06 09:30:47.255888,2932.71,in,deposit,RU,JPY
TXN-00004049,SIG-00451,2024-04-21 01:02:06.275792,977.6,in,refund,US,USD
TXN-00007061,SIG-00790,2024-06-11 05:12:04.416009,7570.78,in,transfer,AE,JPY
TXN-00001714,SIG-00187,2024-09-26 18:33:47.325603,236.54,in,payment,US,USD
TXN-00007090,SIG-00792,2024-03-19 01:54:39.135258,10141.58,out,payment,US,USD
TXN-00003404,SIG-00378,2024-01-02 07:46:40.789983,1315.12,in,payment,TR,CHF
TXN-00007280,SIG-00814,2024-07-05 08:49:52.806030,10420.84,in,wire,AE,GBP
TXN-00004239,SIG-00470,2024-02-18 12:42:48.249663,749.52,in,refund,US,USD
TXN-00002620,SIG-00287,2024-08-05 04:52:15.383161,923.19,in,transfer,RU,GBP
TXN-00002877,SIG-00319,2024-11-23 14:21:07.784382,2284.25,out,wire,TR,EUR
TXN-00004300,SIG-00477,2024-10-04 13:07:31.696342,36798.21,in,deposit,US,USD
TXN-00010554,SIG-01165,2024-04-15 20:27:07.553053,940.9,in,atm_withdrawal,US,USD
TXN-00005212,SIG-00579,2024-07-20 22:39:25.376016,700.23,out,payment,US,USD
TXN-00008370,SIG-00923,2024-02-04 10:22:09.346078,374.06,in,withdrawal,US,USD
TXN-00010610,SIG-01171,2024-07-25 21:09:37.627624,670.03,out,refund,IN,CHF
TXN-00008993,SIG-00998,2024-09-01 07:50:06.944971,1052.87,in,deposit,US,USD
TXN-00002407,SIG-00263,2024-10-14 16:27:11.726893,2316.71,in,deposit,IN,JPY
TXN-00007797,SIG-00866,2024-08-18 11:19:38.043248,651.74,out,bill_pay,US,USD
TXN-00006946,SIG-00776,2024-03-08 12:36:27.140932,6941.72,in,payment,KY,GBP
TXN-00004029,SIG-00449,2024-11-06 10:41:36.497896,719.71,out,atm_withdrawal,US,USD
TXN-00010296,SIG-01136,2024-10-06 12:20:13.355750,899.98,in,transfer,US,USD
TXN-00007297,SIG-00815,2024-06-09 02:09:38.672712,1133.23,in,fx_exchange,US,USD
TXN-00009809,SIG-01083,2024-05-10 23:29:19.925535,14862.37,in,withdrawal,KY,USD
TXN-00004919,SIG-00549,2024-06-12 00:58:04.554955,505.59,out,card_purchase,US,USD
TXN-00005351,SIG-00598,2024-01-07 23:49:40.645345,227.74,in,wire,US,USD
TXN-00003843,SIG-00427,2024-05-09 17:25:25.845325,294.5,out,payment,US,USD
TXN-00010110,SIG-01116,2024-12-17 15:42:18.008356,35.25,out,deposit,CN,USD
TXN-00001286,SIG-00135,2024-10-08 18:47:40.085600,1103.46,out,atm_withdrawal,IN,CHF
TXN-00002518,SIG-00276,2024-06-10 08:53:42.142740,1559.41,in,transfer,US,USD
TXN-00004149,SIG-00460,2024-02-07 22:17:42.570422,6555.91,in,transfer,US,USD
TXN-00000108,SIG-00010,2024-07-24 20:36:17.623461,2791.6,out,deposit,US,USD
TXN-00006212,SIG-00697,2024-02-23 11:18:06.303514,1199.06,in,deposit,US,USD
TXN-00007363,SIG-00821,2024-09-20 10:06:39.181128,290.75,out,wire,US,USD
TXN-00010246,SIG-01130,2024-02-11 10:22:31.610003,1119.02,out,card_purchase,US,USD
TXN-00006762,SIG-00756,2024-09-03 09:00:59.378493,2439.8,in,wire,US,USD
TXN-00001069,SIG-00112,2024-11-15 13:59:02.936874,2068.72,in,transfer,US,USD
TXN-00003127,SIG-00350,2024-05-01 20:50:03.960618,2957.21,in,payment,US,USD
TXN-00002184,SIG-00240,2024-10-13 17:27:15.769153,1362.95,in,payment,KY,USD
TXN-00004504,SIG-00501,2024-06-27 08:52:32.714781,845.65,in,fx_exchange,US,USD
TXN-00008936,SIG-00989,2024-01-22 01:04:52.655199,11539.16,out,deposit,US,USD
TXN-00003903,SIG-00434,2024-02-10 14:09:41.591848,452.91,out,payment,US,USD
TXN-00010053,SIG-01108,2023-12-24 22:58:09.611173,1192.33,in,payment,TR,USD
TXN-00009198,SIG-01019,2024-08-02 19:42:32.211490,616.85,out,transfer,US,USD
TXN-00006837,SIG-00764,2024-03-22 12:41:39.746893,260.77,in,card_purchase,US,USD
TXN-00004162,SIG-00462,2024-02-19 21:13:49.312996,528.12,in,card_purchase,US,USD
TXN-00007326,SIG-00817,2024-03-03 00:21:10.572487,373.91,out,bill_pay,US,USD
TXN-00000304,SIG-00032,2024-10-20 00:50:56.045696,21424.4,in,withdrawal,KY,EUR
TXN-00008360,SIG-00922,2024-08-01 04:35:36.927849,227.71,in,card_purchase,KY,JPY
TXN-00002827,SIG-00312,2024-03-08 04:55:59.427820,667.96,in,transfer,US,USD
TXN-00004166,SIG-00462,2024-02-28 06:20:30.011555,8168.53,out,payment,US,USD
TXN-00001776,SIG-00193,2024-06-14 03:06:57.595477,830.79,out,card_purchase,US,USD
TXN-00005894,SIG-00658,2024-03-18 21:42:12.148727,187.92,out,card_purchase,US,USD
TXN-00005062,SIG-00565,2024-02-05 06:52:50.789310,30.79,out,deposit,US,USD
TXN-00003273,SIG-00363,2024-05-21 21:38:18.071802,10690.0,in,withdrawal,US,USD
TXN-00001150,SIG-00121,2024-05-28 16:41:50.429606,421.95,in,fx_exchange,AE,EUR
TXN-00003616,SIG-00402,2024-02-18 04:09:06.330171,58.38,out,atm_withdrawal,US,USD
TXN-00006725,SIG-00752,2024-09-13 12:29:06.982546,1881.71,in,fx_exchange,US,USD
TXN-00009776,SIG-01082,2024-05-24 06:39:20.517665,2141.98,in,transfer,US,USD
TXN-00006766,SIG-00756,2024-09-25 23:18:45.285331,1645.58,in,payment,US,USD
TXN-00002211,SIG-00242,2024-02-20 04:30:17.995579,2077.82,in,bill_pay,US,USD
TXN-00010295,SIG-01136,2024-10-06 00:21:58.125833,624.64,out,fx_exchange,US,USD
TXN-00008814,SIG-00976,2024-11-20 03:29:12.910825,1486.45,in,wire,US,USD
TXN-00009830,SIG-01086,2024-10-01 00:30:13.559638,6009.67,in,bill_pay,UA,EUR
TXN-00002792,SIG-00307,2024-08-02 00:14:45.349530,154.65,out,card_purchase,US,USD
TXN-00005530,SIG-00617,2024-08-03 12:23:15.280406,638.79,out,payment,KY,CHF
TXN-00004956,SIG-00553,2024-09-14 16:29:29.693754,1013.19,in,deposit,US,USD
TXN-00001435,SIG-00156,2024-10-31 20:52:53.486701,1040.45,out,bill_pay,US,USD
TXN-00008208,SIG-00907,2024-12-05 18:07:24.269227,155.06,in,atm_withdrawal,US,USD
TXN-00001161,SIG-00122,2024-10-24 10:11:35.099721,5521.02,in,payment,US,USD
TXN-00002957,SIG-00328,2024-03-27 04:24:04.395052,1180.38,out,payment,US,USD
TXN-00000252,SIG-00025,2024-01-19 21:36:47.996505,313.96,out,payment,US,USD
TXN-00009590,SIG-01061,2024-10-17 15:18:05.492813,28.47,in,transfer,US,USD
TXN-00007573,SIG-00844,2024-02-08 23:47:33.415326,825.15,in,payment,US,USD
TXN-00001209,SIG-00128,2024-08-21 04:19:29.115931,1056.65,in,payment,UA,CHF
TXN-00005663,SIG-00634,2024-07-28 01:59:47.726643,12655.17,in,card_purchase,US,USD
TXN-00001407,SIG-00151,2024-09-07 21:04:07.280886,8252.99,out,payment,US,USD
TXN-00002862,SIG-00317,2024-05-13 00:02:17.378687,3287.28,out,payment,US,USD
TXN-00010756,SIG-01187,2024-11-29 01:12:17.257619,919.66,out,bill_pay,TR,CHF
TXN-00004082,SIG-00454,2024-07-29 09:31:10.124814,565.49,in,payment,TR,GBP
TXN-00007067,SIG-00790,2024-06-16 03:20:35.394915,1700.57,in,withdrawal,US,USD
TXN-00010332,SIG-01141,2024-08-01 05:04:08.106209,1189.73,out,withdrawal,US,USD
TXN-00004374,SIG-00484,2024-10-07 02:15:17.407854,4921.65,in,refund,US,USD
TXN-00001497,SIG-00162,2024-10-07 04:32:08.896244,2198.36,out,wire,US,USD
TXN-00007121,SIG-00795,2023-12-29 20:12:19.748996,235.45,in,payment,US,USD
TXN-00002949,SIG-00327,2023-12-10 06:31:22.610685,801.0,in,atm_withdrawal,US,USD
TXN-00007106,SIG-00794,2024-07-31 16:10:00.946162,722.68,in,atm_withdrawal,US,USD
TXN-00010196,SIG-01123,2024-02-20 12:25:40.161714,822.69,in,atm_withdrawal,US,USD
TXN-00005177,SIG-00575,2024-05-07 20:58:07.384944,6261.98,in,fx_exchange,BR,EUR
TXN-00009548,SIG-01054,2024-09-05 03:13:25.292389,3015.72,out,atm_withdrawal,US,USD
TXN-00010764,SIG-01189,2024-11-08 08:26:37.788572,120.31,in,card_purchase,US,USD
TXN-00002129,SIG-00232,2024-04-10 04:13:03.850723,1319.56,out,withdrawal,US,USD
TXN-00008225,SIG-00909,2024-02-05 23:26:18.027645,9518.96,in,withdrawal,US,USD
TXN-00010583,SIG-01168,2024-10-17 08:01:19.766459,867.21,out,transfer,US,USD
TXN-00003352,SIG-00372,2024-03-14 02:40:12.642682,2965.16,out,payment,US,USD
TXN-00002948,SIG-00327,2023-12-27 08:23:42.486536,1318.51,in,card_purchase,KY,USD
TXN-00003027,SIG-00336,2024-10-20 15:09:12.739108,250.36,in,atm_withdrawal,UA,GBP
TXN-00002612,SIG-00287,2024-08-19 11:30:45.064176,827.62,out,transfer,US,USD
TXN-00000563,SIG-00056,2024-02-21 20:27:09.440440,193.71,out,fx_exchange,US,USD
TXN-00004658,SIG-00518,2024-09-07 22:34:34.437347,1479.33,out,transfer,US,USD
TXN-00005909,SIG-00660,2024-09-16 05:33:44.625091,215.07,in,wire,US,USD
TXN-00007775,SIG-00864,2024-06-21 12:13:56.451191,142.19,in,atm_withdrawal,US,USD
TXN-00000896,SIG-00093,2024-02-11 17:06:01.656545,1099.25,out,card_purchase,RU,GBP
TXN-00004120,SIG-00458,2024-03-26 09:20:10.956513,839.35,in,withdrawal,US,USD
TXN-00005129,SIG-00571,2024-09-30 00:40:27.384711,642.51,in,card_purchase,US,USD
TXN-00000217,SIG-00020,2024-11-18 11:42:32.562992,7589.75,in,payment,UA,JPY
TXN-00001731,SIG-00188,2024-02-24 11:18:10.216822,1680.88,in,transfer,US,USD
TXN-00003575,SIG-00398,2024-06-03 00:04:07.982754,2010.4,out,transfer,TR,EUR
TXN-00003465,SIG-00387,2024-05-19 09:18:56.844470,783.23,in,deposit,US,USD
TXN-00009514,SIG-01050,2024-08-20 14:11:02.309897,834.01,in,wire,US,USD
TXN-00006423,SIG-00720,2024-04-27 19:25:02.585865,471.6,out,atm_withdrawal,US,USD
TXN-00002520,SIG-00276,2024-06-09 16:29:46.586649,2951.59,in,atm_withdrawal,US,USD
TXN-00001704,SIG-00186,2024-11-16 14:12:42.400925,1381.89,out,payment,US,USD
TXN-00005197,SIG-00577,2024-05-27 09:41:34.253222,1099.2,out,wire,US,USD
TXN-00010287,SIG-01134,2024-03-16 21:02:39.599074,856.31,out,transfer,AE,USD
TXN-00003687,SIG-00409,2024-11-10 03:40:57.587345,581.75,out,wire,US,USD
TXN-00002139,SIG-00233,2024-05-22 00:25:43.943998,4409.77,in,payment,US,USD
TXN-00000347,SIG-00036,2024-07-03 15:04:01.499956,397.84,out,wire,US,USD
TXN-00005435,SIG-00607,2024-03-09 16:53:48.142778,3276.98,out,bill_pay,US,USD
TXN-00002626,SIG-00288,2024-10-15 00:53:18.844548,882.03,in,refund,UA,CHF
TXN-00008742,SIG-00968,2024-05-15 09:23:40.481775,1605.88,out,atm_withdrawal,US,USD
TXN-00004129,SIG-00459,2024-03-29 14:22:17.022116,8407.32,in,payment,US,USD
TXN-00008880,SIG-00981,2024-04-15 11:11:49.346069,11148.94,out,bill_pay,US,USD
TXN-00000857,SIG-00089,2024-09-02 16:56:27.125419,3620.09,in,transfer,US,USD
TXN-00000399,SIG-00040,2024-07-30 11:01:28.002118,5051.39,in,card_purchase,US,USD
TXN-00002999,SIG-00333,2024-07-11 09:10:20.442863,1845.62,out,atm_withdrawal,IN,USD
TXN-00008951,SIG-00991,2024-08-25 21:22:20.970201,5511.99,in,card_purchase,US,USD
TXN-00009351,SIG-01033,2024-09-29 12:40:09.442631,1626.77,in,wire,US,USD
TXN-00004388,SIG-00485,2024-07-09 06:32:57.956148,337.89,out,transfer,US,USD
TXN-00001563,SIG-00169,2024-01-11 05:19:52.236822,4022.03,out,payment,CN,JPY
TXN-00009002,SIG-00998,2024-09-09 09:37:28.950645,218.9,out,fx_exchange,US,USD
TXN-00009970,SIG-01103,2024-04-05 04:57:30.366131,750.65,in,withdrawal,US,USD
TXN-00005280,SIG-00589,2024-07-31 19:19:43.110976,540.73,in,payment,US,USD
TXN-00007437,SIG-00830,2024-04-02 20:46:27.134977,15943.56,in,payment,US,USD
TXN-00003004,SIG-00334,2024-03-05 12:37:34.160096,104.04,out,card_purchase,US,USD
TXN-00007808,SIG-00867,2024-06-08 01:47:20.529780,271.35,in,card_purchase,US,USD
TXN-00007563,SIG-00844,2024-02-20 15:40:49.327485,459.53,out,deposit,US,USD
TXN-00010573,SIG-01167,2024-09-02 11:42:21.217136,2486.54,in,transfer,US,USD
TXN-00000361,SIG-00037,2024-02-28 08:44:32.738363,2919.68,out,card_purchase,US,USD
TXN-00009204,SIG-01019,2024-08-07 19:03:50.837732,826.27,in,refund,US,USD
TXN-00003291,SIG-00364,2023-12-31 04:16:12.943773,3783.37,in,deposit,US,USD
TXN-00000534,SIG-00055,2024-09-09 20:14:37.470436,7626.38,out,card_purchase,US,USD
TXN-00003248,SIG-00361,2024-01-11 16:36:20.448220,633.62,out,wire,AE,USD
TXN-00010451,SIG-01155,2024-09-03 20:40:22.647217,1511.94,in,refund,KY,EUR
TXN-00007248,SIG-00812,2024-03-11 21:15:11.667029,154.13,in,deposit,US,USD
TXN-00005689,SIG-00636,2024-11-14 14:23:06.566019,1792.5,in,transfer,AE,USD
TXN-00001924,SIG-00207,2024-10-05 09:26:51.212454,8534.6,in,atm_withdrawal,US,USD
TXN-00003788,SIG-00419,2024-04-17 12:51:13.832439,866.44,in,refund,US,USD
TXN-00002616,SIG-00287,2024-08-20 07:09:13.737294,460.1,out,card_purchase,US,USD
TXN-00001627,SIG-00175,2023-12-24 10:36:50.428196,277.09,in,bill_pay,US,USD
TXN-00009528,SIG-01052,2024-02-13 15:58:21.110173,361.28,out,transfer,US,USD
TXN-00004890,SIG-00545,2024-04-29 12:10:31.297240,163.49,out,card_purchase,US,USD
TXN-00005951,SIG-00665,2024-05-29 10:30:54.874986,329.11,out,deposit,NG,JPY
TXN-00009033,SIG-01002,2024-12-04 09:59:16.390796,605.68,in,withdrawal,US,USD
TXN-00008725,SIG-00967,2024-08-01 01:25:11.286526,2201.92,out,wire,PA,CHF
TXN-00003017,SIG-00336,2024-10-22 10:04:41.221499,2316.98,in,card_purchase,US,USD
TXN-00010004,SIG-01105,2024-05-23 15:29:24.576326,710.37,out,wire,US,USD
TXN-00004078,SIG-00454,2024-07-19 04:02:17.223228,7314.04,out,transfer,IN,USD
TXN-00006890,SIG-00770,2024-02-03 03:16:21.133960,4792.82,out,deposit,US,USD
TXN-00001906,SIG-00204,2024-05-28 01:43:46.669322,69.07,in,deposit,US,USD
TXN-00008791,SIG-00973,2024-08-16 23:31:36.128561,3179.09,out,payment,US,USD
TXN-00010082,SIG-01111,2024-09-01 05:47:26.153684,4152.74,in,deposit,US,USD
TXN-00001143,SIG-00120,2024-03-23 07:19:28.649155,234.96,in,atm_withdrawal,US,USD
TXN-00006554,SIG-00733,2024-06-08 05:18:01.874339,2936.76,in,wire,PA,EUR
TXN-00004804,SIG-00537,2024-01-26 09:06:46.615366,438.4,in,transfer,US,USD
TXN-00010711,SIG-01183,2024-12-12 19:43:27.220899,263.52,in,fx_exchange,US,USD
TXN-00002222,SIG-00244,2024-09-25 10:59:57.547584,1017.47,out,card_purchase,US,USD
TXN-00003911,SIG-00435,2024-04-18 16:33:38.144239,629.22,in,card_purchase,US,USD
TXN-00010280,SIG-01134,2024-02-29 12:18:32.386385,925.62,in,card_purchase,US,USD
TXN-00008645,SIG-00957,2024-03-18 02:34:13.038610,141.62,in,deposit,NG,EUR
TXN-00004642,SIG-00516,2024-05-03 09:10:44.833463,689.48,in,withdrawal,US,USD
TXN-00009496,SIG-01048,2024-01-07 21:31:38.421781,380.34,in,wire,US,USD
TXN-00009171,SIG-01016,2024-08-02 12:56:09.583719,318.61,out,deposit,US,USD
TXN-00002909,SIG-00322,2024-01-16 05:22:56.398414,1935.66,out,card_purchase,US,USD
TXN-00007305,SIG-00815,2024-05-21 21:52:04.160854,375.88,out,transfer,US,USD
TXN-00000174,SIG-00018,2024-04-27 03:50:00.042578,1074.28,in,wire,UA,CHF
TXN-00004748,SIG-00530,2024-01-01 02:38:59.225901,1083.03,out,card_purchase,US,USD
TXN-00001487,SIG-00160,2024-04-08 01:48:21.363003,1355.36,out,card_purchase,US,USD
TXN-00000748,SIG-00078,2024-08-11 20:42:08.668974,1229.05,in,payment,IN,CHF
TXN-00002956,SIG-00328,2024-03-09 08:01:02.562117,2095.35,out,payment,US,USD
TXN-00004122,SIG-00458,2024-03-23 17:28:01.156612,2765.16,in,transfer,US,USD
TXN-00010261,SIG-01133,2024-03-23 23:07:36.465145,1333.96,out,card_purchase,US,USD
TXN-00009023,SIG-01001,2024-11-27 03:59:25.042292,940.29,in,wire,RU,USD
TXN-00008210,SIG-00908,2024-10-06 07:33:43.953155,10158.09,in,bill_pay,AE,CHF
TXN-00008827,SIG-00976,2024-11-20 00:55:43.044632,741.15,in,withdrawal,US,USD
TXN-00005355,SIG-00598,2023-12-14 18:42:23.016336,21.81,out,payment,US,USD
TXN-00003394,SIG-00377,2024-07-31 19:41:43.955333,2098.44,in,payment,KY,CHF
TXN-00003659,SIG-00406,2024-07-08 05:01:45.805930,4614.27,out,withdrawal,US,USD
TXN-00007977,SIG-00883,2024-01-20 15:27:02.378571,5283.76,out,atm_withdrawal,US,USD
TXN-00006635,SIG-00742,2024-12-06 21:14:43.041943,1149.44,in,bill_pay,US,USD
TXN-00004481,SIG-00498,2024-08-23 10:38:39.574109,683.16,out,atm_withdrawal,US,USD
TXN-00000701,SIG-00073,2024-04-08 08:27:50.259635,155.05,in,transfer,US,USD
TXN-00008168,SIG-00902,2024-01-16 07:47:38.345629,224.85,in,deposit,US,USD
TXN-00006497,SIG-00728,2024-10-25 15:24:51.678174,16369.49,in,wire,PA,JPY
TXN-00001042,SIG-00108,2024-03-05 19:45:08.082576,723.75,in,payment,BR,EUR
TXN-00006796,SIG-00760,2024-12-22 05:28:42.088813,12476.27,out,refund,US,USD
TXN-00005334,SIG-00596,2024-08-04 10:08:38.339866,4284.01,in,card_purchase,US,USD
TXN-00003762,SIG-00417,2024-05-23 11:41:31.520472,397.08,out,refund,US,USD
TXN-00000840,SIG-00087,2024-03-16 06:19:16.417141,472.3,in,card_purchase,US,USD
TXN-00010028,SIG-01106,2023-12-29 03:12:44.828640,563.52,in,bill_pay,US,USD
TXN-00003018,SIG-00336,2024-10-24 07:09:38.171912,1131.85,out,deposit,US,USD
TXN-00002983,SIG-00332,2024-11-05 20:39:00.937431,593.77,out,wire,US,USD
TXN-00001459,SIG-00158,2024-04-24 03:47:46.061371,1605.73,in,refund,US,USD
TXN-00006339,SIG-00712,2024-04-28 08:24:03.508855,10185.86,out,deposit,US,USD
TXN-00008627,SIG-00955,2024-08-25 10:30:34.603158,929.05,out,payment,US,USD
TXN-00010470,SIG-01157,2024-01-14 10:50:55.550920,1100.59,in,wire,US,USD
TXN-00008340,SIG-00920,2024-11-15 10:54:35.189828,2552.08,out,atm_withdrawal,NG,USD
TXN-00006928,SIG-00775,2024-09-20 03:23:05.007545,3610.49,in,transfer,US,USD
TXN-00001499,SIG-00162,2024-10-09 00:26:56.361054,3556.57,out,card_purchase,US,USD
TXN-00001278,SIG-00134,2024-03-04 19:30:32.289186,410.65,in,deposit,US,USD
TXN-00004418,SIG-00490,2024-11-08 01:37:03.426610,2494.23,in,card_purchase,US,USD
TXN-00008494,SIG-00941,2024-02-10 13:41:00.483175,595.89,out,card_purchase,US,USD
TXN-00001693,SIG-00185,2024-08-18 08:29:05.921954,954.74,in,fx_exchange,US,USD
TXN-00005365,SIG-00599,2024-01-24 10:34:36.039476,7364.13,in,payment,KY,CHF
TXN-00005199,SIG-00577,2024-05-18 09:01:57.707865,1987.31,out,fx_exchange,US,USD
TXN-00008275,SIG-00914,2024-06-14 05:24:35.915887,8902.07,in,withdrawal,BR,CHF
TXN-00009483,SIG-01046,2024-01-28 16:40:29.712265,4420.91,in,wire,US,USD
TXN-00009871,SIG-01091,2024-05-17 16:45:46.532400,934.35,in,transfer,US,USD
TXN-00000048,SIG-00006,2024-06-10 21:03:12.590088,1108.39,out,transfer,US,USD
TXN-00007886,SIG-00875,2024-03-28 13:57:32.559215,1910.2,out,card_purchase,US,USD
TXN-00000040,SIG-00005,2024-04-12 23:57:31.990973,996.71,out,payment,US,USD
TXN-00001394,SIG-00148,2024-10-16 21:14:40.518479,167.13,in,atm_withdrawal,US,USD
TXN-00002378,SIG-00260,2024-07-24 08:27:23.790099,535.43,in,atm_withdrawal,NG,USD
TXN-00003108,SIG-00346,2024-01-09 16:33:51.964724,1784.44,in,payment,US,USD
TXN-00002725,SIG-00299,2024-04-07 23:17:17.305735,195.36,out,withdrawal,US,USD
TXN-00007622,SIG-00850,2024-06-02 17:06:13.776048,4561.41,out,withdrawal,US,USD
TXN-00006885,SIG-00770,2024-01-21 09:48:28.378238,592.65,in,withdrawal,RU,GBP
TXN-00006381,SIG-00715,2024-06-23 05:43:32.255283,964.43,in,transfer,US,USD
TXN-00004833,SIG-00540,2024-08-27 12:24:42.805014,565.24,in,withdrawal,US,USD
TXN-00007966,SIG-00883,2023-12-30 17:03:38.122733,2591.84,out,payment,US,USD
TXN-00005652,SIG-00632,2024-05-09 19:50:07.298018,112.14,in,atm_withdrawal,US,USD
TXN-00007372,SIG-00822,2024-08-04 14:29:50.139361,353.4,in,payment,US,USD
TXN-00010006,SIG-01105,2024-05-02 03:47:47.676820,2801.14,out,transfer,BR,USD
TXN-00004443,SIG-00493,2024-03-14 21:37:12.704013,11256.86,out,deposit,US,USD
TXN-00009816,SIG-01084,2024-03-25 22:06:11.955119,1719.58,out,bill_pay,US,USD
TXN-00001796,SIG-00195,2024-11-22 02:15:24.096210,722.17,in,wire,US,USD
TXN-00001195,SIG-00127,2024-05-30 16:42:45.543868,15315.9,out,deposit,US,USD
TXN-00003112,SIG-00347,2024-10-12 07:32:54.004713,606.99,out,payment,US,USD
TXN-00002272,SIG-00248,2024-07-15 18:58:05.647670,5864.54,in,fx_exchange,NG,USD
TXN-00004853,SIG-00542,2024-04-13 21:09:24.623992,1748.82,in,bill_pay,US,USD
TXN-00004280,SIG-00475,2024-09-12 17:00:41.985249,1697.72,out,atm_withdrawal,US,USD
TXN-00001767,SIG-00192,2024-03-03 23:25:43.205355,230.15,out,bill_pay,US,USD
TXN-00006487,SIG-00728,2024-10-28 17:44:13.190859,32067.77,in,card_purchase,US,USD
TXN-00000435,SIG-00043,2024-03-17 04:06:49.522630,7765.21,out,fx_exchange,CN,GBP
TXN-00003245,SIG-00360,2024-05-05 02:47:42.330543,5650.48,out,transfer,US,USD
TXN-00003388,SIG-00376,2024-04-10 19:17:46.394178,2771.08,out,refund,US,USD
TXN-00007177,SIG-00803,2024-12-13 17:07:44.261383,501.62,out,payment,US,USD
TXN-00001609,SIG-00174,2024-02-04 23:32:18.780543,4696.51,out,transfer,IN,GBP
TXN-00001119,SIG-00117,2024-07-23 21:07:06.155249,340.39,out,wire,US,USD
TXN-00002614,SIG-00287,2024-08-14 05:05:44.227795,2181.16,in,card_purchase,US,USD
TXN-00006422,SIG-00720,2024-05-19 13:25:42.489425,1247.07,out,withdrawal,US,USD
TXN-00007048,SIG-00789,2024-09-23 05:03:40.980968,1721.59,out,card_purchase,US,USD
TXN-00009255,SIG-01025,2024-07-21 08:14:34.051468,626.86,out,bill_pay,PA,GBP
TXN-00003856,SIG-00428,2024-05-20 15:02:18.039545,5652.68,in,refund,US,USD
TXN-00003596,SIG-00401,2024-11-22 05:30:07.323160,301.38,in,transfer,US,USD
TXN-00000622,SIG-00063,2024-02-18 15:54:48.138847,3849.57,in,withdrawal,US,USD
TXN-00004984,SIG-00556,2024-07-30 16:33:53.527495,7489.89,in,deposit,US,USD
TXN-00005762,SIG-00646,2024-05-04 14:16:56.034247,64.8,in,withdrawal,US,USD
TXN-00004148,SIG-00460,2024-02-08 04:42:33.677277,223.01,in,withdrawal,US,USD
TXN-00003285,SIG-00364,2023-12-07 17:09:30.949562,577.01,in,card_purchase,US,USD
TXN-00003356,SIG-00373,2024-08-30 16:56:23.040975,1208.31,out,card_purchase,US,USD
TXN-00005266,SIG-00588,2024-10-22 20:18:24.223419,494.3,out,card_purchase,US,USD
TXN-00009746,SIG-01080,2024-02-17 18:51:55.891389,445.71,in,payment,NG,CHF
TXN-00005932,SIG-00662,2024-06-19 20:54:02.938594,5535.35,in,deposit,US,USD
TXN-00004970,SIG-00554,2024-12-19 10:38:44.077921,745.22,in,deposit,US,USD
TXN-00003320,SIG-00369,2024-06-10 15:18:35.027123,894.61,out,payment,US,USD
TXN-00007580,SIG-00846,2024-10-15 22:12:41.110492,5364.52,out,withdrawal,KY,CHF
TXN-00000933,SIG-00098,2024-06-04 12:15:30.870226,197.6,in,card_purchase,US,USD
TXN-00000915,SIG-00095,2024-09-04 13:29:44.351328,693.74,out,card_purchase,US,USD
TXN-00005602,SIG-00624,2024-07-27 04:42:46.930284,176.26,in,wire,US,USD
TXN-00005490,SIG-00612,2024-05-19 10:27:02.437104,876.67,out,payment,US,USD
TXN-00004973,SIG-00555,2024-02-05 06:33:14.053808,5516.66,in,payment,US,USD
TXN-00002627,SIG-00288,2024-10-15 01:00:43.381435,2580.57,in,fx_exchange,US,USD
TXN-00008642,SIG-00956,2024-02-21 15:45:16.096392,2793.01,out,withdrawal,US,USD
TXN-00002953,SIG-00328,2024-03-31 01:01:32.175549,1205.3,out,fx_exchange,US,USD
TXN-00005013,SIG-00560,2024-07-18 21:11:41.300118,1660.47,in,atm_withdrawal,IN,JPY
TXN-00003964,SIG-00441,2024-07-31 16:48:15.534084,97.72,in,withdrawal,US,USD
TXN-00001214,SIG-00128,2024-08-25 03:26:48.661959,1701.73,out,fx_exchange,US,USD
TXN-00010387,SIG-01148,2024-07-20 04:03:35.125949,2760.19,out,payment,US,USD
TXN-00003486,SIG-00388,2024-09-28 16:44:49.615143,2232.48,in,card_purchase,US,USD
TXN-00001011,SIG-00104,2024-08-02 23:44:54.664693,530.74,out,payment,US,USD
TXN-00004565,SIG-00508,2024-03-23 13:42:22.243038,741.13,out,payment,US,USD
TXN-00007511,SIG-00839,2024-11-16 05:53:01.286861,4050.44,in,withdrawal,US,USD
TXN-00001723,SIG-00187,2024-09-29 10:22:42.738333,362.09,out,card_purchase,US,USD
TXN-00001122,SIG-00118,2024-02-20 04:22:54.987325,2325.11,out,card_purchase,US,USD
TXN-00008431,SIG-00932,2024-08-01 06:07:48.165738,75.44,out,withdrawal,RU,USD
TXN-00009836,SIG-01086,2024-10-03 07:52:34.080133,7622.79,out,refund,US,USD
TXN-00003069,SIG-00342,2024-06-27 14:31:16.073544,2122.81,in,card_purchase,US,USD
TXN-00009897,SIG-01094,2024-03-04 18:00:48.978191,23032.24,out,payment,US,USD
TXN-00000015,SIG-00002,2024-10-02 11:58:54.815061,529.53,in,atm_withdrawal,US,USD
TXN-00003450,SIG-00384,2024-10-20 21:11:34.412963,2153.84,in,payment,US,USD
TXN-00010626,SIG-01172,2024-05-11 05:28:30.554205,18865.14,out,payment,US,USD
TXN-00009371,SIG-01034,2023-12-15 12:17:14.779148,936.28,out,deposit,US,USD
TXN-00007629,SIG-00851,2024-01-10 06:32:22.517940,623.96,out,deposit,US,USD
TXN-00008447,SIG-00935,2024-09-30 11:29:11.108256,1674.59,out,payment,US,USD
TXN-00009936,SIG-01098,2024-11-05 06:00:22.558300,1992.1,in,atm_withdrawal,US,USD
TXN-00008442,SIG-00934,2024-10-03 11:42:57.243582,312.94,out,transfer,US,USD
TXN-00009973,SIG-01103,2024-04-02 23:52:50.757490,27182.89,in,deposit,US,USD
TXN-00006115,SIG-00686,2024-10-26 13:40:09.302391,1643.23,out,wire,KY,JPY
TXN-00005118,SIG-00571,2024-10-21 03:16:25.093647,2711.9,out,fx_exchange,US,USD
TXN-00007236,SIG-00811,2024-12-03 14:40:04.444572,3593.97,out,payment,US,USD
TXN-00002125,SIG-00231,2024-07-06 09:35:03.849322,1181.25,out,deposit,CN,USD
TXN-00006420,SIG-00720,2024-04-18 06:17:09.910880,1572.85,in,payment,US,USD
TXN-00008274,SIG-00914,2024-05-30 14:21:44.182165,617.13,out,card_purchase,AE,GBP
TXN-00003252,SIG-00361,2024-01-14 19:35:31.197926,814.62,out,deposit,US,USD
TXN-00003232,SIG-00359,2024-08-07 16:11:59.862820,2280.9,in,refund,US,USD
TXN-00005640,SIG-00630,2024-10-29 15:24:13.471353,1248.6,in,refund,US,USD
TXN-00000674,SIG-00070,2024-04-21 09:16:14.935468,103.62,in,atm_withdrawal,RU,JPY
TXN-00004223,SIG-00469,2024-06-19 07:34:47.842776,3037.39,out,payment,US,USD
TXN-00003062,SIG-00341,2024-03-05 14:38:26.999629,2120.93,out,transfer,US,USD
TXN-00005527,SIG-00617,2024-08-04 21:34:37.749696,855.73,out,transfer,US,USD
TXN-00007252,SIG-00812,2024-02-08 11:38:44.403185,2784.99,out,wire,US,USD
TXN-00004716,SIG-00524,2024-10-26 09:19:52.329458,1449.58,out,card_purchase,US,USD
TXN-00001246,SIG-00133,2023-12-21 19:02:08.999191,3241.32,in,card_purchase,US,USD
TXN-00003945,SIG-00440,2024-08-30 13:26:57.038907,657.48,out,fx_exchange,US,USD
TXN-00000400,SIG-00040,2024-07-21 13:31:57.095158,2124.14,out,transfer,US,USD
TXN-00000266,SIG-00027,2024-12-05 04:42:56.172198,1226.19,out,payment,KY,JPY
TXN-00007769,SIG-00864,2024-06-19 01:32:44.991595,5183.43,out,payment,US,USD
TXN-00007925,SIG-00878,2024-01-17 17:04:10.228133,6079.74,in,payment,US,USD
TXN-00008453,SIG-00936,2024-11-10 16:55:30.302947,2671.82,out,payment,US,USD
TXN-00005720,SIG-00639,2024-04-05 11:16:59.883609,1046.72,in,refund,US,USD
TXN-00008698,SIG-00963,2024-06-02 19:31:06.520845,407.01,in,card_purchase,US,USD
TXN-00007536,SIG-00841,2023-12-13 03:19:18.227249,4652.48,in,card_purchase,US,USD
TXN-00006926,SIG-00774,2024-01-16 01:34:31.432023,323.42,out,atm_withdrawal,NG,CHF
TXN-00003858,SIG-00428,2024-05-17 13:54:40.945983,4824.32,in,payment,UA,USD
TXN-00010483,SIG-01157,2024-01-26 17:00:43.297859,20888.64,out,transfer,US,USD
TXN-00000741,SIG-00078,2024-08-09 16:20:08.939925,32.19,out,payment,US,USD
TXN-00002685,SIG-00295,2024-02-09 11:56:19.748031,321.3,in,refund,US,USD
TXN-00001471,SIG-00159,2024-04-03 06:50:03.575469,76.71,out,deposit,US,USD
TXN-00003754,SIG-00416,2024-09-27 14:49:20.910178,3253.95,out,transfer,US,USD
TXN-00010892,SIG-01200,2024-05-15 22:58:42.116737,2676.6,out,fx_exchange,US,USD
TXN-00002677,SIG-00294,2024-08-21 08:02:20.599319,108.89,in,bill_pay,KY,GBP
TXN-00010297,SIG-01136,2024-10-04 20:33:31.345387,1162.39,out,transfer,US,USD
TXN-00004380,SIG-00485,2024-07-04 12:19:29.090581,608.98,in,payment,US,USD
TXN-00006936,SIG-00775,2024-09-23 01:30:07.140997,4026.91,in,deposit,NG,EUR
TXN-00006683,SIG-00747,2024-02-06 22:38:40.372561,989.67,in,deposit,US,USD
TXN-00010401,SIG-01149,2024-04-29 06:33:07.838134,1517.85,in,wire,US,USD
TXN-00002120,SIG-00231,2024-06-06 13:08:29.878063,91.55,out,payment,US,USD
TXN-00008302,SIG-00916,2024-02-02 12:04:18.184829,2634.46,out,fx_exchange,US,USD
TXN-00005482,SIG-00611,2024-10-19 20:02:20.057730,5567.87,out,card_purchase,CN,CHF
TXN-00003947,SIG-00440,2024-09-04 20:56:34.733784,1838.61,in,atm_withdrawal,US,USD
TXN-00005475,SIG-00611,2024-10-08 10:06:31.697314,329.9,out,payment,US,USD
TXN-00001158,SIG-00122,2024-10-22 05:12:48.570211,476.45,out,payment,US,USD
TXN-00007535,SIG-00841,2023-12-05 15:39:33.278159,324.04,in,payment,US,USD
TXN-00000853,SIG-00088,2024-02-25 23:20:27.134715,1501.13,out,atm_withdrawal,US,USD
TXN-00005870,SIG-00657,2024-11-10 22:53:22.232277,1199.14,in,transfer,TR,USD
TXN-00004798,SIG-00536,2024-12-16 00:59:04.798641,564.56,in,bill_pay,US,USD
TXN-00007832,SIG-00870,2024-05-30 11:26:48.845870,1158.28,in,atm_withdrawal,US,USD
TXN-00004868,SIG-00543,2024-09-17 12:37:12.483822,657.12,in,transfer,US,USD
TXN-00004190,SIG-00465,2024-11-06 10:50:44.739060,6486.2,out,withdrawal,KY,GBP
TXN-00008739,SIG-00968,2024-05-18 04:02:02.767912,2486.83,out,deposit,US,USD
TXN-00002146,SIG-00233,2024-05-11 06:45:49.026753,197.25,out,withdrawal,US,USD
TXN-00004623,SIG-00513,2024-10-25 03:31:43.070391,1046.82,in,withdrawal,CN,CHF
TXN-00001953,SIG-00208,2024-11-26 17:18:13.201112,380.67,out,withdrawal,US,USD
TXN-00006524,SIG-00731,2024-03-08 16:01:16.728632,3256.7,in,withdrawal,NG,EUR
TXN-00008622,SIG-00955,2024-07-25 18:39:15.423631,680.17,in,wire,US,USD
TXN-00002508,SIG-00274,2024-08-30 14:51:39.801716,221.14,in,card_purchase,US,USD
TXN-00001433,SIG-00156,2024-10-25 17:28:57.917898,2290.24,out,wire,US,USD
TXN-00009355,SIG-01033,2024-10-01 20:12:17.253146,3490.18,in,payment,US,USD
TXN-00009403,SIG-01037,2024-04-06 21:51:16.215135,139.71,out,withdrawal,US,USD
TXN-00008771,SIG-00972,2024-11-28 02:06:44.254090,3159.09,out,atm_withdrawal,US,USD
TXN-00002808,SIG-00309,2024-07-11 17:43:54.821840,585.71,in,atm_withdrawal,US,USD
TXN-00002760,SIG-00302,2023-12-20 14:26:56.887648,488.08,out,wire,US,USD
TXN-00007284,SIG-00814,2024-06-21 04:13:08.485277,420.0,in,transfer,US,USD
TXN-00009116,SIG-01012,2024-03-21 01:40:21.889858,2225.41,in,bill_pay,US,USD
TXN-00002817,SIG-00311,2024-10-30 04:44:09.584050,1279.57,out,payment,US,USD
TXN-00008036,SIG-00889,2024-08-01 04:29:09.198972,763.53,in,refund,US,USD
TXN-00008073,SIG-00894,2024-01-16 02:36:19.763052,933.82,in,card_purchase,US,USD
TXN-00008093,SIG-00896,2024-05-30 08:20:43.276566,2498.69,out,transfer,BR,USD
TXN-00005791,SIG-00649,2024-06-23 12:34:05.303638,3809.0,in,payment,US,USD
TXN-00008612,SIG-00953,2024-04-19 19:31:08.539736,61.12,in,card_purchase,US,USD
TXN-00005690,SIG-00636,2024-11-10 09:02:20.508687,11671.03,in,wire,US,USD
TXN-00004465,SIG-00494,2024-01-16 03:07:01.678956,263.37,out,withdrawal,AE,GBP
TXN-00010526,SIG-01161,2024-01-05 18:17:37.963803,8756.01,out,refund,CN,GBP
TXN-00005562,SIG-00620,2024-10-17 05:38:54.516481,924.2,in,payment,US,USD
TXN-00001595,SIG-00172,2024-06-22 05:08:15.015074,962.44,in,payment,KY,GBP
TXN-00006540,SIG-00732,2024-07-21 23:47:19.074454,47153.63,in,transfer,US,USD
TXN-00003048,SIG-00339,2024-05-18 08:38:22.509967,428.64,in,atm_withdrawal,US,USD
TXN-00000368,SIG-00037,2024-03-09 02:30:50.503624,278.37,in,deposit,US,USD
TXN-00002629,SIG-00288,2024-10-22 18:53:27.326017,694.92,in,atm_withdrawal,US,USD
TXN-00000425,SIG-00042,2024-05-07 05:38:48.274312,1247.26,out,card_purchase,KY,GBP
TXN-00005981,SIG-00668,2024-04-10 22:43:39.922197,1431.11,in,withdrawal,US,USD
TXN-00001374,SIG-00146,2024-08-28 12:29:22.780705,6142.15,in,transfer,US,USD
TXN-00007955,SIG-00882,2024-06-07 17:41:37.054051,534.21,in,bill_pay,US,USD
TXN-00010593,SIG-01169,2024-07-11 12:15:32.820508,190.16,out,refund,US,USD
TXN-00003287,SIG-00364,2023-12-10 23:55:51.047216,180.69,out,payment,US,USD
TXN-00009878,SIG-01092,2024-04-26 17:12:33.443283,1725.53,out,transfer,US,USD
TXN-00001057,SIG-00110,2024-11-26 21:31:15.423644,901.95,in,atm_withdrawal,US,USD
TXN-00002837,SIG-00314,2024-08-02 17:30:09.404936,8425.46,out,transfer,US,USD
TXN-00000796,SIG-00083,2024-11-23 04:24:53.161089,1028.57,out,withdrawal,US,USD
TXN-00008768,SIG-00972,2024-11-21 09:06:48.609771,223.72,in,withdrawal,US,USD
TXN-00009345,SIG-01033,2024-10-05 16:07:16.316357,233.46,out,atm_withdrawal,US,USD
TXN-00000136,SIG-00015,2024-09-25 07:33:05.413269,3625.68,in,card_purchase,US,USD
TXN-00002596,SIG-00284,2024-11-24 04:44:34.576954,3094.87,out,refund,US,USD
TXN-00006118,SIG-00686,2024-10-29 01:23:16.071399,2824.0,out,card_purchase,US,USD
TXN-00009609,SIG-01063,2024-08-15 03:06:47.235779,853.68,in,bill_pay,US,USD
TXN-00008489,SIG-00939,2024-09-21 20:03:44.658500,4988.72,out,payment,US,USD
TXN-00006441,SIG-00723,2024-02-22 02:15:16.832520,1787.17,out,card_purchase,US,USD
TXN-00007325,SIG-00817,2024-03-10 16:32:27.293918,7708.96,out,payment,US,USD
TXN-00001251,SIG-00133,2023-12-26 16:30:03.773363,1839.81,in,refund,US,USD
TXN-00008067,SIG-00893,2024-07-04 05:53:32.524996,7768.9,in,bill_pay,US,USD
TXN-00005887,SIG-00657,2024-11-12 09:11:23.498655,632.12,in,fx_exchange,US,USD
TXN-00001942,SIG-00207,2024-10-05 21:31:28.436244,153.22,in,withdrawal,US,USD
TXN-00009067,SIG-01006,2024-11-23 08:45:15.307068,1272.78,in,card_purchase,US,USD
TXN-00007336,SIG-00818,2024-02-23 12:33:31.408213,628.11,out,payment,NG,USD
TXN-00005136,SIG-00571,2024-10-29 03:19:34.652457,661.65,out,transfer,US,USD
TXN-00008143,SIG-00900,2024-07-20 22:47:51.989107,601.99,in,deposit,NG,CHF
TXN-00010025,SIG-01106,2024-01-04 22:42:43.225517,102.49,in,payment,US,USD
TXN-00004334,SIG-00479,2024-02-11 21:10:52.997745,224.34,in,bill_pay,US,USD
TXN-00004510,SIG-00502,2024-03-23 20:03:43.231103,6795.27,in,withdrawal,US,USD
TXN-00004157,SIG-00462,2024-02-12 05:38:24.411140,1092.07,out,refund,US,USD
TXN-00004644,SIG-00516,2024-05-28 16:34:41.390658,2079.28,in,payment,US,USD
TXN-00009148,SIG-01014,2024-08-30 18:22:05.057853,2479.86,in,atm_withdrawal,US,USD
TXN-00007900,SIG-00876,2024-01-04 00:07:52.161271,2679.46,out,bill_pay,US,USD
TXN-00002158,SIG-00237,2024-10-19 10:40:34.599115,265.88,in,payment,US,USD
TXN-00005326,SIG-00595,2023-12-19 11:08:19.114424,1333.8,in,refund,US,USD
TXN-00001283,SIG-00134,2024-03-21 23:25:41.253409,2667.63,in,wire,US,USD
TXN-00003054,SIG-00340,2024-06-15 13:58:51.172072,2584.01,in,payment,US,USD
TXN-00008068,SIG-00893,2024-07-01 14:42:58.114972,2415.82,in,refund,US,USD
TXN-00003313,SIG-00368,2024-03-07 17:43:42.575987,776.83,in,card_purchase,US,USD
TXN-00010864,SIG-01198,2024-03-21 04:33:58.467134,345.43,out,card_purchase,AE,CHF
TXN-00005973,SIG-00667,2024-10-09 11:04:24.915144,539.49,in,deposit,US,USD
TXN-00006727,SIG-00752,2024-09-24 16:02:23.587536,307.31,in,atm_withdrawal,US,USD
TXN-00009858,SIG-01089,2024-05-24 10:00:04.639689,840.07,out,deposit,KY,CHF
TXN-00003072,SIG-00342,2024-06-19 21:59:01.620683,534.62,in,card_purchase,US,USD
TXN-00007150,SIG-00800,2024-02-14 21:58:19.997210,7468.81,out,card_purchase,UA,CHF
TXN-00000884,SIG-00092,2024-09-10 09:33:09.631687,8094.91,in,wire,US,USD
TXN-00001282,SIG-00134,2024-03-11 14:40:34.506594,1629.84,out,payment,US,USD
TXN-00000544,SIG-00055,2024-10-09 13:15:05.531190,8439.16,in,withdrawal,US,USD
TXN-00002123,SIG-00231,2024-06-12 22:43:38.306553,2512.53,in,fx_exchange,US,USD
TXN-00010324,SIG-01140,2024-02-19 20:45:39.869286,915.9,in,withdrawal,US,USD
TXN-00010428,SIG-01152,2024-10-24 11:09:54.819002,3173.62,in,bill_pay,US,USD
TXN-00009354,SIG-01033,2024-10-13 12:34:05.456394,677.95,out,payment,US,USD
TXN-00005964,SIG-00666,2024-04-04 09:05:44.848509,807.29,in,transfer,US,USD
TXN-00000583,SIG-00059,2024-01-12 02:03:19.848085,352.75,in,card_purchase,IN,CHF
TXN-00010014,SIG-01106,2024-01-14 03:50:56.393187,381.29,in,payment,US,USD
TXN-00009634,SIG-01065,2024-10-30 16:51:32.635554,2313.78,out,payment,US,USD
TXN-00009300,SIG-01029,2024-07-05 06:01:33.278471,1185.77,out,bill_pay,US,USD
TXN-00000004,SIG-00001,2024-03-12 04:38:44.546698,511.13,in,payment,US,USD
TXN-00003870,SIG-00429,2024-09-28 07:45:05.808075,14080.4,in,bill_pay,US,USD
TXN-00006179,SIG-00694,2024-08-01 13:11:38.154566,535.24,out,withdrawal,US,USD
TXN-00010757,SIG-01187,2024-12-01 18:01:31.857939,8628.3,out,transfer,US,USD
TXN-00005196,SIG-00577,2024-05-13 07:52:36.531503,2681.67,in,deposit,TR,USD
TXN-00001434,SIG-00156,2024-10-26 19:57:07.943584,127.77,out,bill_pay,US,USD
TXN-00000440,SIG-00043,2024-03-06 07:05:40.772520,12049.84,out,atm_withdrawal,US,USD
TXN-00009546,SIG-01054,2024-09-15 01:41:13.184791,8647.13,in,fx_exchange,US,USD
TXN-00005817,SIG-00651,2024-02-13 19:34:39.821831,2491.4,in,bill_pay,US,USD
TXN-00006840,SIG-00764,2024-02-27 15:17:58.672565,939.37,out,deposit,UA,GBP
TXN-00004065,SIG-00453,2024-11-01 06:13:06.217122,310.18,in,card_purchase,US,USD
TXN-00002772,SIG-00305,2024-02-18 16:26:57.498349,435.01,out,card_purchase,US,USD
TXN-00003412,SIG-00380,2024-11-13 14:19:02.738995,1750.35,out,refund,IN,EUR
TXN-00001747,SIG-00189,2024-02-15 21:57:44.368521,3289.14,in,payment,NG,GBP
TXN-00000089,SIG-00009,2024-06-11 12:41:04.741369,1352.06,in,payment,UA,GBP
TXN-00005707,SIG-00637,2024-06-07 21:00:44.419323,1207.45,in,payment,US,USD
TXN-00009643,SIG-01066,2024-10-06 19:13:35.204319,1151.09,in,atm_withdrawal,US,USD
TXN-00007633,SIG-00851,2024-01-14 10:54:10.192365,879.33,out,atm_withdrawal,US,USD
TXN-00008879,SIG-00981,2024-04-02 06:07:00.676469,5088.62,in,transfer,US,USD
TXN-00001524,SIG-00164,2024-08-14 05:46:34.241580,431.8,out,payment,PA,GBP
TXN-00007282,SIG-00814,2024-06-03 23:34:24.366360,6237.2,out,payment,AE,GBP
TXN-00003778,SIG-00418,2024-02-16 08:50:09.320035,224.72,in,payment,US,USD
TXN-00002821,SIG-00312,2024-02-17 23:55:35.913821,3062.97,out,transfer,IN,JPY
TXN-00001513,SIG-00163,2024-03-16 02:04:11.087282,1170.35,in,payment,US,USD
TXN-00003071,SIG-00342,2024-06-03 10:15:14.143816,498.08,out,transfer,US,USD
TXN-00008867,SIG-00980,2024-04-06 15:36:13.521524,6303.27,out,atm_withdrawal,US,USD
TXN-00004036,SIG-00450,2024-03-24 22:22:40.868275,828.18,in,deposit,US,USD
TXN-00008643,SIG-00957,2024-03-17 08:42:22.154061,1665.42,out,transfer,US,USD
TXN-00008179,SIG-00904,2024-09-28 16:12:28.933782,1480.1,in,payment,IN,USD
TXN-00008407,SIG-00929,2024-02-17 08:58:38.967580,83.81,out,payment,US,USD
TXN-00003621,SIG-00403,2024-02-15 11:58:53.936918,60.93,in,payment,BR,CHF
TXN-00009601,SIG-01062,2024-11-18 10:12:00.204575,245.35,out,transfer,US,USD
TXN-00001023,SIG-00106,2023-12-19 06:32:12.002609,2565.69,out,card_purchase,US,USD
TXN-00000851,SIG-00088,2024-04-01 00:08:00.851183,3165.71,in,wire,US,USD
TXN-00001618,SIG-00175,2023-12-27 19:51:32.227266,262.0,in,payment,US,USD
TXN-00007952,SIG-00882,2024-06-12 00:30:05.934462,737.78,in,withdrawal,US,USD
TXN-00009435,SIG-01040,2024-05-26 23:22:38.941602,4625.02,out,card_purchase,US,USD
TXN-00003529,SIG-00393,2024-07-26 10:37:50.106770,1348.56,in,atm_withdrawal,US,USD
TXN-00010534,SIG-01162,2024-06-23 23:48:43.541206,234.39,out,payment,US,USD
TXN-00000408,SIG-00040,2024-07-29 14:32:38.935918,701.89,in,card_purchase,US,USD
TXN-00002089,SIG-00226,2024-08-12 09:24:09.005482,6501.19,in,withdrawal,US,USD
TXN-00007733,SIG-00860,2024-03-16 17:42:11.535499,887.48,out,bill_pay,US,USD
TXN-00000711,SIG-00074,2024-01-20 16:26:37.789227,1767.49,out,deposit,US,USD
TXN-00005304,SIG-00593,2024-09-03 13:58:29.793289,443.36,in,refund,US,USD
TXN-00008112,SIG-00897,2024-07-19 20:26:33.778211,829.47,in,wire,US,USD
TXN-00003892,SIG-00432,2024-02-29 02:02:42.401948,4938.13,out,deposit,CN,USD
TXN-00007475,SIG-00835,2024-07-11 16:28:39.953449,770.6,in,payment,AE,USD
TXN-00000669,SIG-00069,2024-11-07 13:45:43.693163,1799.29,out,atm_withdrawal,US,USD
TXN-00009734,SIG-01077,2024-09-28 05:49:14.797534,1884.48,out,payment,UA,USD
TXN-00000775,SIG-00081,2024-11-26 21:52:45.745675,199.31,in,deposit,US,USD
TXN-00009192,SIG-01018,2024-06-26 12:35:53.592018,160.48,in,card_purchase,US,USD
TXN-00004454,SIG-00494,2024-01-18 22:27:23.454523,6166.01,in,transfer,NG,USD
TXN-00006499,SIG-00728,2024-10-22 02:58:02.519332,87013.98,in,transfer,US,USD
TXN-00003795,SIG-00420,2024-12-13 12:32:02.889803,392.89,in,payment,BR,CHF
TXN-00008918,SIG-00986,2024-09-14 04:46:31.973030,3065.31,out,atm_withdrawal,US,USD
TXN-00004672,SIG-00519,2024-09-08 00:59:13.223499,1549.43,in,transfer,US,USD
TXN-00001982,SIG-00212,2024-12-08 06:15:49.492191,791.75,in,transfer,KY,CHF
TXN-00007163,SIG-00802,2024-09-19 18:33:56.807010,1120.55,out,payment,UA,USD
TXN-00002037,SIG-00220,2024-01-19 07:18:28.975958,124.43,in,deposit,US,USD
TXN-00003182,SIG-00353,2024-07-02 06:51:48.072942,8980.48,in,wire,US,USD
TXN-00002686,SIG-00295,2024-02-26 01:10:34.335165,430.97,out,card_purchase,US,USD
TXN-00006302,SIG-00708,2024-11-29 07:50:02.583352,15564.44,out,payment,US,USD
TXN-00009278,SIG-01026,2024-12-12 15:47:26.454718,2998.01,in,deposit,US,USD
TXN-00009289,SIG-01028,2023-12-30 14:22:11.909042,135.49,out,withdrawal,US,USD
TXN-00008710,SIG-00964,2024-01-04 03:56:03.073085,2447.42,out,payment,US,USD
TXN-00005171,SIG-00575,2024-05-06 21:37:36.458151,6730.36,in,refund,US,USD
TXN-00010724,SIG-01184,2024-02-26 15:16:48.552530,5278.83,in,transfer,US,USD
TXN-00002190,SIG-00240,2024-10-17 03:37:59.460916,1260.88,in,deposit,US,USD
TXN-00008198,SIG-00906,2024-04-20 17:02:27.273216,248.7,out,card_purchase,US,USD
TXN-00007568,SIG-00844,2024-02-10 00:10:51.529371,420.48,in,fx_exchange,US,USD
TXN-00004092,SIG-00456,2024-01-19 19:49:47.980970,6050.08,out,payment,AE,USD
TXN-00008566,SIG-00948,2024-05-06 01:16:56.613814,160.12,out,deposit,US,USD
TXN-00000132,SIG-00014,2024-04-12 19:54:36.724510,8487.98,in,deposit,US,USD
TXN-00002271,SIG-00248,2024-07-18 13:01:10.707127,3099.72,in,payment,US,USD
TXN-00005024,SIG-00560,2024-08-22 17:32:16.450916,797.8,out,atm_withdrawal,US,USD
TXN-00002217,SIG-00244,2024-08-24 06:49:08.319573,488.86,in,card_purchase,US,USD
TXN-00006978,SIG-00781,2024-03-02 14:09:03.174088,94.13,out,transfer,US,USD
TXN-00000097,SIG-00010,2024-08-14 04:35:01.127087,1109.65,in,transfer,US,USD
TXN-00006570,SIG-00734,2024-02-12 18:10:20.882461,5438.98,out,withdrawal,US,USD
TXN-00000312,SIG-00034,2024-08-08 04:05:22.368243,1680.05,in,atm_withdrawal,US,USD
TXN-00006023,SIG-00674,2024-10-25 20:04:40.242997,584.15,out,payment,US,USD
TXN-00005803,SIG-00650,2024-05-25 11:51:25.874233,3525.46,in,card_purchase,US,USD
TXN-00008769,SIG-00972,2024-10-31 21:05:28.084642,14894.87,in,wire,US,USD
TXN-00010404,SIG-01149,2024-04-30 01:20:49.806427,553.92,in,withdrawal,IN,EUR
TXN-00000470,SIG-00048,2024-02-05 04:39:20.128251,867.22,in,deposit,US,USD
TXN-00002920,SIG-00324,2024-09-18 02:53:16.545923,786.07,in,payment,CN,JPY
TXN-00005744,SIG-00644,2024-09-13 19:41:58.261962,149.61,in,atm_withdrawal,IN,JPY
TXN-00001965,SIG-00210,2024-11-19 02:31:58.706849,2561.52,out,wire,US,USD
TXN-00000120,SIG-00012,2024-11-23 17:48:47.668107,8201.7,out,deposit,RU,USD
TXN-00003370,SIG-00374,2024-12-10 17:09:52.347149,2045.42,in,payment,US,USD
TXN-00010514,SIG-01160,2024-03-20 16:58:00.386235,1397.81,out,card_purchase,US,USD
TXN-00001671,SIG-00182,2024-12-21 18:58:00.400702,1045.06,out,withdrawal,US,USD
TXN-00010698,SIG-01181,2024-03-01 04:06:11.981699,2395.7,in,payment,TR,EUR
TXN-00010518,SIG-01161,2024-01-01 16:40:38.247091,979.84,in,wire,US,USD
TXN-00001184,SIG-00125,2024-10-24 07:35:16.716375,490.99,out,withdrawal,US,USD
TXN-00002250,SIG-00247,2024-05-23 01:53:50.725723,1682.22,out,transfer,US,USD
TXN-00010323,SIG-01140,2024-02-26 05:12:56.695412,452.85,in,payment,US,USD
TXN-00004886,SIG-00544,2024-02-27 15:32:09.791151,8944.15,out,card_purchase,US,USD
TXN-00000762,SIG-00079,2024-05-17 13:18:13.608079,2251.37,in,refund,US,USD
TXN-00010641,SIG-01174,2024-03-26 09:00:27.010384,2099.57,out,card_purchase,US,USD
TXN-00008553,SIG-00947,2023-12-09 04:38:34.967591,181.53,in,card_purchase,US,USD
TXN-00001745,SIG-00189,2024-02-26 04:21:39.491766,898.58,out,card_purchase,US,USD
TXN-00000953,SIG-00099,2024-08-15 17:43:58.068874,4671.92,out,wire,IN,GBP
TXN-00006493,SIG-00728,2024-10-24 16:29:45.039463,1661.53,out,fx_exchange,US,USD
TXN-00009558,SIG-01055,2024-07-28 14:44:22.491650,2149.5,out,transfer,US,USD
TXN-00000564,SIG-00056,2024-02-15 18:43:59.866868,124.9,in,payment,US,USD
TXN-00001455,SIG-00157,2024-03-22 09:41:48.049004,11198.51,in,card_purchase,US,USD
TXN-00005419,SIG-00605,2024-06-26 05:23:23.732580,719.88,in,atm_withdrawal,NG,EUR
TXN-00000928,SIG-00096,2024-09-09 11:49:02.776442,1181.78,in,card_purchase,US,USD
TXN-00005665,SIG-00635,2024-04-19 00:08:41.577507,1380.99,out,transfer,US,USD
TXN-00009992,SIG-01104,2024-02-06 15:59:21.643573,55743.39,out,card_purchase,US,USD
TXN-00009527,SIG-01052,2024-02-16 17:03:19.968177,18651.13,in,card_purchase,US,USD
TXN-00008749,SIG-00969,2024-01-21 04:44:35.781756,425.61,in,atm_withdrawal,US,USD
TXN-00003083,SIG-00343,2024-06-03 16:43:26.305521,668.07,in,withdrawal,US,USD
TXN-00007975,SIG-00883,2023-12-28 09:25:21.101946,1203.09,out,fx_exchange,US,USD
TXN-00008992,SIG-00997,2024-02-13 17:05:00.673556,118.65,out,bill_pay,US,USD
TXN-00004899,SIG-00546,2024-05-20 02:19:50.404331,13242.34,out,withdrawal,TR,CHF
TXN-00010245,SIG-01130,2024-02-10 18:26:07.935721,1849.06,out,deposit,US,USD
TXN-00008412,SIG-00930,2024-09-22 07:10:09.193452,697.91,in,withdrawal,US,USD
TXN-00006951,SIG-00776,2024-03-24 17:17:38.464804,542.21,out,deposit,US,USD
TXN-00001285,SIG-00134,2024-03-01 09:19:44.299507,8440.86,in,card_purchase,US,USD
TXN-00002523,SIG-00277,2024-04-06 18:47:20.340689,1749.75,out,wire,US,USD
TXN-00003028,SIG-00336,2024-10-24 22:30:33.740434,1979.79,out,card_purchase,US,USD
TXN-00008397,SIG-00927,2024-01-03 13:02:07.421954,3942.8,in,atm_withdrawal,KY,CHF
TXN-00001454,SIG-00157,2024-03-04 18:28:52.384150,1769.18,out,withdrawal,US,USD
TXN-00000334,SIG-00036,2024-07-09 05:32:46.791646,731.82,out,wire,CN,JPY
TXN-00008564,SIG-00948,2024-05-04 10:34:51.306627,553.89,out,payment,US,USD
TXN-00010828,SIG-01194,2024-07-03 04:36:28.976975,1155.88,in,transfer,PA,USD
TXN-00008621,SIG-00954,2024-10-26 21:03:43.962182,437.79,in,payment,US,USD
TXN-00005968,SIG-00667,2024-10-13 13:04:20.796945,413.14,in,refund,US,USD
TXN-00010266,SIG-01133,2024-04-06 02:31:55.710742,1017.96,out,deposit,RU,EUR
TXN-00000451,SIG-00045,2024-03-11 12:35:35.437245,1123.19,out,bill_pay,US,USD
TXN-00003932,SIG-00438,2024-04-23 12:48:13.304703,1031.05,out,payment,US,USD
TXN-00009327,SIG-01031,2024-07-02 19:03:34.685060,334.81,in,card_purchase,CN,GBP
TXN-00005096,SIG-00569,2024-01-27 16:46:51.037026,3451.78,in,payment,US,USD
TXN-00000294,SIG-00031,2024-02-25 08:40:43.827015,1595.23,in,refund,BR,CHF
TXN-00008690,SIG-00962,2024-07-20 04:16:56.562291,3699.04,out,atm_withdrawal,US,USD
TXN-00000901,SIG-00094,2024-06-18 03:24:58.328588,220.03,out,transfer,US,USD
TXN-00001351,SIG-00142,2024-11-23 09:12:23.078227,11849.38,in,transfer,US,USD
TXN-00009151,SIG-01015,2024-03-02 10:41:07.327625,1430.53,in,payment,US,USD
TXN-00003316,SIG-00369,2024-06-13 23:32:34.485133,465.66,in,payment,US,USD
TXN-00009867,SIG-01090,2024-07-03 19:05:14.967862,3020.55,in,bill_pay,US,USD
TXN-00002749,SIG-00301,2024-07-22 00:12:19.352667,3017.94,in,transfer,US,USD
TXN-00007078,SIG-00791,2024-01-07 00:51:24.989866,111.49,out,payment,US,USD
TXN-00002475,SIG-00271,2024-08-17 21:54:08.112175,327.16,in,payment,US,USD
TXN-00006953,SIG-00776,2024-03-18 22:40:21.273066,7851.38,in,transfer,TR,GBP
TXN-00010316,SIG-01139,2023-12-30 19:32:51.641754,12053.91,in,withdrawal,US,USD
TXN-00010781,SIG-01191,2024-03-15 16:56:21.268078,1584.72,in,refund,US,USD
TXN-00001905,SIG-00204,2024-05-12 04:30:11.364122,633.08,in,deposit,UA,JPY
TXN-00006326,SIG-00709,2024-06-19 10:27:41.457277,737.78,out,atm_withdrawal,US,USD
TXN-00006922,SIG-00774,2024-01-17 19:32:35.680558,3523.69,in,bill_pay,US,USD
TXN-00004685,SIG-00521,2024-10-21 08:48:10.480980,1461.64,out,atm_withdrawal,US,USD
TXN-00003722,SIG-00413,2024-03-23 20:49:49.721043,381.12,in,atm_withdrawal,US,USD
TXN-00009687,SIG-01070,2024-03-27 21:27:49.494501,5057.51,in,payment,US,USD
TXN-00006434,SIG-00722,2024-07-14 04:26:55.036059,958.48,in,payment,US,USD
TXN-00010808,SIG-01193,2024-06-06 05:14:26.244344,1312.54,out,card_purchase,KY,EUR
TXN-00003081,SIG-00343,2024-05-31 20:56:50.026007,485.36,in,payment,US,USD
TXN-00009412,SIG-01038,2024-10-28 16:08:50.057425,2999.3,in,atm_withdrawal,US,USD
TXN-00000961,SIG-00100,2024-07-31 16:33:54.640408,9400.11,in,payment,US,USD
TXN-00005454,SIG-00609,2023-12-29 10:15:07.054334,442.61,out,transfer,US,USD
TXN-00003106,SIG-00346,2024-01-23 03:08:39.192305,678.77,in,wire,US,USD
TXN-00010116,SIG-01116,2024-11-27 08:24:42.969098,14692.57,out,wire,US,USD
TXN-00010738,SIG-01186,2024-01-17 22:42:27.779515,537.45,in,refund,US,USD
TXN-00005442,SIG-00608,2024-03-09 23:48:38.149234,979.03,in,bill_pay,US,USD
TXN-00008772,SIG-00972,2024-12-04 17:50:19.789187,1374.79,in,deposit,CN,CHF
TXN-00006248,SIG-00702,2024-09-23 13:34:04.775738,1213.9,out,payment,US,USD
TXN-00004468,SIG-00495,2024-12-22 19:05:15.627624,2480.48,in,card_purchase,US,USD
TXN-00001517,SIG-00163,2024-03-09 01:04:00.555408,3554.26,in,deposit,US,USD
TXN-00000501,SIG-00051,2024-07-28 01:51:55.432428,2584.49,out,transfer,US,USD
TXN-00001495,SIG-00161,2024-03-12 06:30:51.682163,1485.54,in,deposit,KY,EUR
TXN-00003783,SIG-00419,2024-03-30 09:27:34.589344,544.13,in,atm_withdrawal,US,USD
TXN-00006719,SIG-00751,2024-11-21 00:55:56.522756,354.04,out,withdrawal,PA,JPY
TXN-00004992,SIG-00558,2024-10-27 16:14:28.433124,459.97,in,refund,US,USD
TXN-00009754,SIG-01080,2024-02-28 20:58:09.668486,614.77,in,withdrawal,AE,GBP
TXN-00003636,SIG-00405,2024-12-12 17:18:02.013190,1866.57,out,deposit,US,USD
TXN-00007353,SIG-00820,2024-06-03 10:37:58.975805,192.52,in,refund,US,USD
TXN-00002586,SIG-00284,2024-10-24 21:45:20.218798,246.56,in,fx_exchange,US,USD
TXN-00001598,SIG-00172,2024-06-23 15:31:59.312846,8816.76,in,transfer,US,USD
TXN-00000260,SIG-00026,2024-04-01 21:08:25.215369,810.87,out,transfer,US,USD
TXN-00010375,SIG-01146,2024-02-16 04:29:04.679396,651.83,out,deposit,PA,USD
TXN-00004605,SIG-00510,2024-09-12 10:33:54.078166,8041.14,in,withdrawal,US,USD
TXN-00003644,SIG-00406,2024-07-01 17:50:13.187357,7252.79,out,deposit,TR,USD
TXN-00004823,SIG-00539,2024-03-07 16:03:51.114703,1507.56,in,atm_withdrawal,US,USD
TXN-00006511,SIG-00729,2024-02-29 00:13:04.701596,4960.62,in,withdrawal,US,USD
TXN-00006914,SIG-00773,2024-05-29 01:17:58.873250,402.89,out,bill_pay,NG,USD
TXN-00005263,SIG-00587,2024-04-09 06:50:43.142901,365.87,in,atm_withdrawal,US,USD
TXN-00002589,SIG-00284,2024-10-29 16:33:40.391084,1574.3,out,wire,IN,CHF
TXN-00001759,SIG-00191,2023-12-26 21:50:31.123478,2192.99,out,deposit,US,USD
TXN-00008002,SIG-00885,2024-05-14 10:08:59.332605,242.63,out,withdrawal,US,USD
TXN-00009141,SIG-01014,2024-08-14 01:07:46.130603,16120.24,in,fx_exchange,US,USD
TXN-00003321,SIG-00369,2024-06-11 23:04:24.771312,6425.73,in,transfer,US,USD
TXN-00003545,SIG-00396,2024-04-15 14:56:32.800046,17608.23,out,atm_withdrawal,US,USD
TXN-00008669,SIG-00960,2024-10-02 01:25:09.227456,6883.58,in,deposit,AE,CHF
TXN-00005010,SIG-00560,2024-07-24 05:02:57.608285,1207.98,out,payment,US,USD
TXN-00006303,SIG-00708,2024-12-12 17:46:15.558409,3859.93,out,atm_withdrawal,US,USD
TXN-00001148,SIG-00121,2024-05-30 11:18:00.828011,261.06,out,deposit,US,USD
TXN-00007283,SIG-00814,2024-06-12 00:02:37.814329,1978.0,out,transfer,US,USD
TXN-00006390,SIG-00716,2024-10-23 10:59:21.158154,304.44,in,payment,US,USD
TXN-00001886,SIG-00203,2024-11-18 22:06:04.604568,142.7,in,atm_withdrawal,US,USD
TXN-00004382,SIG-00485,2024-07-08 05:37:09.775560,2154.01,in,deposit,US,USD
TXN-00002288,SIG-00249,2024-11-15 01:20:51.206988,906.09,in,card_purchase,US,USD
TXN-00005829,SIG-00653,2024-12-13 14:10:35.938271,113.32,in,refund,UA,GBP
TXN-00002406,SIG-00263,2024-10-04 03:42:29.880659,1512.32,in,deposit,US,USD
TXN-00007982,SIG-00883,2023-12-25 19:42:31.463442,1162.15,out,card_purchase,NG,CHF
TXN-00008194,SIG-00905,2024-01-01 02:16:27.205119,4500.7,out,card_purchase,KY,CHF
TXN-00002021,SIG-00218,2024-11-18 07:17:43.674912,747.42,in,transfer,US,USD
TXN-00007867,SIG-00874,2024-12-14 18:53:19.154551,10838.53,out,fx_exchange,US,USD
TXN-00010858,SIG-01197,2024-07-24 08:57:10.568971,2192.93,out,payment,US,USD
TXN-00007384,SIG-00823,2024-04-11 13:06:51.437569,1136.83,in,card_purchase,US,USD
TXN-00006910,SIG-00773,2024-06-02 08:03:30.094667,843.82,in,withdrawal,US,USD
TXN-00002575,SIG-00282,2024-03-23 18:22:40.594180,276.84,in,payment,US,USD
TXN-00007237,SIG-00811,2024-12-05 02:27:31.295323,2825.61,out,deposit,US,USD
TXN-00010569,SIG-01166,2024-08-27 12:29:44.283260,667.79,out,withdrawal,US,USD
TXN-00010607,SIG-01170,2024-01-04 19:44:19.299950,403.24,in,bill_pay,US,USD
TXN-00008625,SIG-00955,2024-07-25 07:15:23.396034,1122.59,in,card_purchase,US,USD
TXN-00004097,SIG-00456,2024-01-31 08:25:35.266980,1586.18,out,card_purchase,US,USD
TXN-00008206,SIG-00907,2024-11-04 10:04:23.956348,2933.1,out,atm_withdrawal,US,USD
TXN-00003025,SIG-00336,2024-10-25 09:35:07.976780,234.51,out,refund,US,USD
TXN-00001146,SIG-00121,2024-05-09 14:54:15.613510,576.44,in,card_purchase,US,USD
TXN-00002454,SIG-00269,2024-01-08 00:26:44.789598,874.42,out,transfer,US,USD
TXN-00001596,SIG-00172,2024-06-23 08:24:48.550618,7472.9,in,transfer,KY,GBP
TXN-00006348,SIG-00712,2024-04-23 08:09:04.868342,2094.53,out,card_purchase,US,USD
TXN-00009585,SIG-01060,2024-09-23 15:23:20.485797,354.96,out,payment,US,USD
TXN-00010647,SIG-01175,2024-12-08 04:28:32.165816,8963.96,in,transfer,US,USD
TXN-00003001,SIG-00334,2024-03-23 16:05:50.929757,880.44,out,atm_withdrawal,US,USD
TXN-00006761,SIG-00756,2024-09-13 08:15:29.870691,3144.93,out,withdrawal,NG,USD
TXN-00006223,SIG-00698,2024-01-27 04:26:23.985881,522.84,in,withdrawal,US,USD
TXN-00007360,SIG-00821,2024-09-12 22:27:06.757469,453.75,out,payment,US,USD
TXN-00003845,SIG-00427,2024-05-21 06:01:02.647521,822.68,out,bill_pay,US,USD
TXN-00007943,SIG-00880,2024-05-12 23:19:06.614944,4094.98,in,wire,US,USD
TXN-00003468,SIG-00387,2024-04-22 22:27:38.255620,3731.23,in,card_purchase,US,USD
TXN-00000766,SIG-00080,2024-03-24 09:51:40.229544,688.6,in,transfer,US,USD
TXN-00005415,SIG-00605,2024-06-27 10:12:49.129433,32077.74,in,card_purchase,CN,JPY
TXN-00010639,SIG-01174,2024-03-30 08:56:32.756714,160.89,in,transfer,PA,CHF
TXN-00005258,SIG-00586,2024-01-16 09:07:12.068355,5325.57,out,payment,US,USD
TXN-00005207,SIG-00578,2024-05-15 07:38:56.216607,323.79,out,bill_pay,AE,JPY
TXN-00004192,SIG-00465,2024-10-21 12:21:38.213233,430.7,out,fx_exchange,KY,GBP
TXN-00008877,SIG-00981,2024-04-03 22:14:53.628954,366.96,out,refund,US,USD
TXN-00009161,SIG-01015,2024-03-01 09:59:44.867321,226.51,in,payment,US,USD
TXN-00009304,SIG-01029,2024-07-04 23:12:18.680809,667.68,in,card_purchase,TR,USD
TXN-00004096,SIG-00456,2024-01-19 10:48:14.225248,1629.08,in,card_purchase,US,USD
TXN-00006232,SIG-00700,2024-07-31 17:41:40.921444,5591.1,in,refund,US,USD
TXN-00002583,SIG-00283,2024-03-21 03:19:27.428681,1173.72,in,payment,BR,GBP
TXN-00002349,SIG-00257,2024-02-13 04:47:29.179735,11569.27,out,card_purchase,US,USD
TXN-00007499,SIG-00838,2024-09-17 15:01:27.382863,109.42,out,refund,BR,JPY
TXN-00005915,SIG-00661,2024-01-21 20:52:52.204549,53.14,in,transfer,US,USD
TXN-00007885,SIG-00875,2024-03-18 20:59:23.827688,455.8,out,card_purchase,US,USD
TXN-00000566,SIG-00057,2024-07-27 20:04:55.206232,6440.87,in,fx_exchange,US,USD
TXN-00008117,SIG-00898,2024-02-05 17:19:07.275757,552.33,out,transfer,US,USD
TXN-00004978,SIG-00555,2024-02-25 16:01:14.498422,56646.08,in,deposit,US,USD
TXN-00003946,SIG-00440,2024-08-31 21:14:23.269222,11128.16,out,payment,US,USD
TXN-00009477,SIG-01046,2024-01-30 15:55:06.874488,313.08,in,deposit,US,USD
TXN-00005295,SIG-00591,2024-09-28 22:37:10.633937,3212.23,out,transfer,US,USD
TXN-00004882,SIG-00544,2024-02-24 20:37:25.291271,37617.07,in,card_purchase,TR,JPY
TXN-00005991,SIG-00670,2024-03-18 05:05:35.290352,1491.45,out,withdrawal,US,USD
TXN-00005269,SIG-00588,2024-10-31 17:52:32.513797,6349.62,out,card_purchase,US,USD
TXN-00010743,SIG-01186,2024-01-05 10:37:14.553760,18822.5,in,wire,US,USD
TXN-00004618,SIG-00513,2024-10-15 14:41:30.245206,608.49,in,wire,US,USD
TXN-00008886,SIG-00982,2024-06-22 22:59:35.791231,1404.12,in,transfer,US,USD
TXN-00003330,SIG-00370,2024-11-21 17:57:17.896633,5996.97,out,payment,US,USD
TXN-00005925,SIG-00662,2024-06-19 04:57:54.874382,1245.02,in,wire,US,USD
TXN-00009070,SIG-01007,2024-04-27 14:58:36.716492,1341.4,out,transfer,US,USD
TXN-00007119,SIG-00795,2023-12-19 00:56:57.251503,4130.01,out,deposit,US,USD
TXN-00007072,SIG-00790,2024-06-23 08:57:32.924595,20915.89,in,payment,US,USD
TXN-00010086,SIG-01112,2024-06-18 23:39:32.652409,675.11,out,withdrawal,US,USD
TXN-00002702,SIG-00297,2024-01-06 10:14:30.331519,2275.92,out,atm_withdrawal,US,USD
TXN-00004263,SIG-00474,2024-11-12 10:44:46.408733,1761.0,in,refund,US,USD
TXN-00003685,SIG-00409,2024-11-08 06:42:06.778819,2090.59,in,atm_withdrawal,US,USD
TXN-00003827,SIG-00425,2024-08-22 05:38:15.249207,2895.72,out,payment,BR,GBP
TXN-00007554,SIG-00843,2024-07-22 01:10:08.650264,14220.09,out,payment,US,USD
TXN-00003195,SIG-00355,2024-02-14 00:22:45.442786,697.4,out,payment,US,USD
TXN-00005363,SIG-00599,2024-01-21 01:30:07.485993,5394.17,in,deposit,US,USD
TXN-00005854,SIG-00656,2024-03-19 17:26:51.923110,1363.14,out,bill_pay,AE,GBP
TXN-00000322,SIG-00035,2024-09-16 19:49:22.978646,19693.26,out,wire,TR,JPY
TXN-00004220,SIG-00468,2024-07-24 17:08:38.908231,1093.79,in,atm_withdrawal,US,USD
TXN-00000427,SIG-00042,2024-04-27 17:35:21.016727,4050.31,in,bill_pay,US,USD
TXN-00004875,SIG-00544,2024-02-21 16:35:26.255400,2496.49,in,withdrawal,US,USD
TXN-00000428,SIG-00042,2024-05-01 18:14:35.626578,8173.83,out,transfer,KY,GBP
TXN-00003814,SIG-00423,2024-06-24 04:06:21.251410,10678.25,in,fx_exchange,US,USD
TXN-00008040,SIG-00890,2024-08-27 19:44:24.723081,880.67,in,bill_pay,US,USD
TXN-00009313,SIG-01030,2024-12-04 05:58:46.009391,1775.6,out,deposit,US,USD
TXN-00008449,SIG-00935,2024-10-06 23:19:56.319651,950.06,in,deposit,US,USD
TXN-00007144,SIG-00799,2024-03-30 04:15:49.238093,1149.82,out,payment,US,USD
TXN-00006227,SIG-00699,2024-01-12 20:55:07.199883,910.58,in,payment,PA,JPY
TXN-00008892,SIG-00983,2024-01-19 18:49:10.046327,2563.01,out,payment,US,USD
TXN-00005895,SIG-00658,2024-03-23 11:26:53.942284,522.2,in,payment,US,USD
TXN-00004869,SIG-00543,2024-09-16 12:43:45.237994,1400.08,out,payment,UA,CHF
TXN-00000081,SIG-00008,2024-05-12 13:36:15.115520,1107.43,in,withdrawal,KY,JPY
TXN-00007976,SIG-00883,2024-01-21 23:00:34.199020,939.91,in,bill_pay,UA,EUR
TXN-00009518,SIG-01051,2024-08-14 00:50:39.622113,1259.98,in,payment,US,USD
TXN-00004218,SIG-00468,2024-08-03 01:22:55.568336,1340.76,in,atm_withdrawal,US,USD
TXN-00007796,SIG-00866,2024-08-28 23:08:02.935439,1210.13,in,refund,NG,USD
TXN-00008549,SIG-00946,2024-10-30 11:44:17.530755,144.76,out,fx_exchange,US,USD
TXN-00000336,SIG-00036,2024-07-08 18:32:39.549923,775.25,out,deposit,US,USD
TXN-00005034,SIG-00562,2024-06-21 19:45:52.624091,1707.38,in,withdrawal,AE,CHF
TXN-00004646,SIG-00517,2024-06-26 09:11:07.213783,843.58,out,bill_pay,US,USD
TXN-00000625,SIG-00063,2024-03-16 02:26:43.565860,619.59,out,wire,US,USD
TXN-00001871,SIG-00201,2024-12-20 03:08:53.958113,473.76,out,atm_withdrawal,US,USD
TXN-00008991,SIG-00997,2024-02-19 01:04:55.589245,12684.54,out,card_purchase,US,USD
TXN-00001111,SIG-00116,2024-11-21 04:58:44.016118,3869.38,in,card_purchase,US,USD
TXN-00006131,SIG-00687,2024-11-21 08:33:36.559160,278.19,in,deposit,US,USD
TXN-00006839,SIG-00764,2024-03-15 07:35:50.231254,474.09,in,wire,US,USD
TXN-00003007,SIG-00335,2024-03-01 02:35:54.665403,39319.85,in,deposit,US,USD
TXN-00004008,SIG-00447,2024-09-12 12:20:20.151542,670.42,in,refund,CN,GBP
TXN-00006026,SIG-00675,2024-03-17 16:58:23.784887,1237.15,in,payment,US,USD
TXN-00003669,SIG-00407,2024-02-02 09:23:24.013620,487.4,out,payment,US,USD
TXN-00008949,SIG-00990,2024-01-24 03:11:42.055931,1012.45,in,bill_pay,US,USD
TXN-00005465,SIG-00610,2024-03-27 05:35:16.629382,193.85,in,wire,US,USD
TXN-00000331,SIG-00036,2024-07-19 07:50:45.340470,5902.85,in,transfer,US,USD
TXN-00003527,SIG-00393,2024-07-29 07:30:02.634096,3448.86,in,refund,NG,CHF
TXN-00005485,SIG-00611,2024-10-12 08:08:23.581598,935.68,in,card_purchase,IN,CHF
TXN-00007720,SIG-00859,2024-05-06 21:09:40.192191,401.15,in,deposit,US,USD
TXN-00004254,SIG-00472,2024-10-01 11:27:11.829202,2163.41,out,payment,US,USD
TXN-00003124,SIG-00349,2024-06-20 08:01:54.502365,1842.58,out,transfer,US,USD
TXN-00000292,SIG-00031,2024-03-06 06:38:59.656243,2431.84,out,bill_pay,US,USD
TXN-00003049,SIG-00339,2024-06-08 21:11:23.942390,5108.11,out,payment,IN,GBP
TXN-00006068,SIG-00681,2024-11-06 07:43:45.725917,840.4,in,wire,US,USD
TXN-00003119,SIG-00348,2024-11-06 19:31:34.133830,606.58,out,deposit,US,USD
TXN-00004399,SIG-00487,2024-11-24 07:29:25.384689,12298.07,in,fx_exchange,US,USD
TXN-00007432,SIG-00830,2024-03-24 10:07:03.599378,312.32,out,payment,US,USD
TXN-00008099,SIG-00896,2024-06-03 22:12:12.485309,3054.26,in,deposit,NG,JPY
TXN-00005956,SIG-00666,2024-04-04 17:16:53.865786,1000.48,in,withdrawal,RU,GBP
TXN-00008693,SIG-00962,2024-07-04 17:05:07.925947,6925.52,in,card_purchase,RU,GBP
TXN-00007667,SIG-00854,2024-04-09 18:49:10.957563,588.1,out,wire,US,USD
TXN-00000458,SIG-00046,2024-05-10 08:53:49.385891,78.08,out,payment,AE,GBP
TXN-00007323,SIG-00817,2024-03-22 13:33:30.281150,2120.73,out,deposit,US,USD
TXN-00006795,SIG-00760,2024-12-19 08:46:54.577851,1583.14,in,transfer,US,USD
TXN-00002628,SIG-00288,2024-10-14 14:39:01.949618,2166.65,out,deposit,US,USD
TXN-00008878,SIG-00981,2024-04-15 12:36:34.601248,357.35,out,withdrawal,BR,GBP
TXN-00001984,SIG-00212,2024-12-10 23:50:42.564638,581.75,in,transfer,IN,GBP
TXN-00006968,SIG-00779,2024-03-19 01:50:15.751150,412.5,in,payment,US,USD
TXN-00007888,SIG-00875,2024-04-11 10:14:06.348266,157.95,in,transfer,US,USD
TXN-00000032,SIG-00004,2024-02-14 18:31:39.068266,424.89,in,deposit,US,USD
TXN-00009706,SIG-01073,2024-11-20 10:11:34.673003,2342.66,out,payment,US,USD
TXN-00006888,SIG-00770,2024-02-10 04:26:13.926549,2892.88,out,wire,US,USD
TXN-00009234,SIG-01023,2024-12-07 13:20:02.190708,2948.21,out,withdrawal,AE,GBP
TXN-00000219,SIG-00020,2024-12-04 10:56:36.734267,13846.1,in,transfer,US,USD
TXN-00010872,SIG-01199,2024-09-09 09:59:53.763542,1523.55,out,atm_withdrawal,US,USD
TXN-00009118,SIG-01012,2024-03-22 19:42:38.720644,4376.46,out,transfer,TR,JPY
TXN-00002237,SIG-00246,2024-06-13 18:02:37.863284,391.7,in,card_purchase,US,USD
TXN-00009030,SIG-01001,2024-11-29 16:02:11.138915,10267.7,in,atm_withdrawal,US,USD
TXN-00008249,SIG-00911,2024-12-07 16:53:36.417233,1183.85,in,transfer,US,USD
TXN-00009786,SIG-01082,2024-05-19 16:54:16.890055,11162.65,in,withdrawal,US,USD
TXN-00005611,SIG-00625,2024-10-18 09:30:33.456452,5327.66,in,payment,US,USD
TXN-00004673,SIG-00520,2024-08-17 11:15:15.155522,4586.46,in,card_purchase,TR,EUR
TXN-00010394,SIG-01149,2024-04-14 00:28:46.071570,8700.9,out,withdrawal,US,USD
TXN-00009624,SIG-01064,2024-04-01 04:21:24.890986,174.48,in,transfer,US,USD
TXN-00007950,SIG-00882,2024-06-11 13:48:17.983235,2726.6,out,card_purchase,US,USD
TXN-00002110,SIG-00229,2024-05-13 21:09:27.233846,1445.49,in,payment,US,USD
TXN-00004620,SIG-00513,2024-10-11 00:12:03.945645,569.32,out,refund,US,USD
TXN-00002108,SIG-00229,2024-05-01 04:13:36.159244,588.44,out,atm_withdrawal,US,USD
TXN-00008858,SIG-00979,2024-04-02 23:58:38.847862,8339.8,in,bill_pay,US,USD
TXN-00002517,SIG-00275,2024-06-22 23:17:14.116017,188.31,in,transfer,CN,CHF
TXN-00005598,SIG-00624,2024-07-17 00:02:14.144078,202.93,out,transfer,US,USD
TXN-00000968,SIG-00100,2024-07-31 17:12:46.817148,2509.76,in,atm_withdrawal,US,USD
TXN-00005581,SIG-00623,2023-12-17 19:12:18.981625,5392.23,out,card_purchase,US,USD
TXN-00004844,SIG-00541,2024-06-06 09:06:15.104852,280.85,out,payment,US,USD
TXN-00002019,SIG-00218,2024-11-02 08:15:47.448456,286.71,out,card_purchase,BR,GBP
TXN-00010299,SIG-01136,2024-10-09 10:29:52.383691,864.86,in,withdrawal,US,USD
TXN-00006631,SIG-00742,2024-12-18 07:18:37.361312,375.68,in,transfer,US,USD
TXN-00000374,SIG-00038,2024-08-26 00:43:04.725602,2935.25,out,bill_pay,US,USD
TXN-00003618,SIG-00403,2024-02-05 01:51:00.763871,7121.21,in,deposit,US,USD
TXN-00010391,SIG-01149,2024-05-14 19:33:45.858886,339.48,in,deposit,US,USD
TXN-00009352,SIG-01033,2024-09-28 00:05:36.591635,4579.35,in,wire,US,USD
TXN-00009694,SIG-01070,2024-04-06 05:15:20.187668,3478.93,in,bill_pay,RU,JPY
TXN-00003707,SIG-00411,2024-07-23 10:23:11.465075,14838.19,out,transfer,US,USD
TXN-00003985,SIG-00444,2024-06-11 04:42:46.286498,5202.54,out,card_purchase,US,USD
TXN-00004650,SIG-00517,2024-07-12 06:43:36.750180,295.92,in,card_purchase,US,USD
TXN-00004506,SIG-00501,2024-06-27 16:29:15.385700,262.21,out,atm_withdrawal,US,USD
TXN-00010308,SIG-01138,2024-08-23 05:31:03.016009,751.25,out,payment,US,USD
TXN-00009597,SIG-01062,2024-11-12 18:59:11.445546,1327.2,in,payment,US,USD
TXN-00000170,SIG-00017,2024-10-25 03:12:59.393809,2747.53,out,transfer,US,USD
TXN-00008110,SIG-00897,2024-08-04 07:40:27.268164,1283.14,in,payment,IN,USD
TXN-00009441,SIG-01041,2024-09-14 04:57:56.315523,9285.29,in,payment,PA,EUR
TXN-00006389,SIG-00716,2024-10-22 16:48:42.022225,800.72,in,refund,US,USD
TXN-00005734,SIG-00642,2024-09-12 00:33:03.726957,398.86,out,transfer,US,USD
TXN-00008863,SIG-00980,2024-04-23 18:56:09.848421,765.81,in,bill_pay,US,USD
TXN-00003209,SIG-00356,2024-04-21 17:05:19.645429,229.95,out,deposit,NG,USD
TXN-00006779,SIG-00757,2024-02-18 09:55:43.838854,30095.87,out,transfer,NG,EUR
TXN-00002010,SIG-00217,2024-04-12 12:05:36.360994,6365.8,out,card_purchase,US,USD
TXN-00002819,SIG-00312,2024-02-29 08:24:54.344005,9407.47,in,transfer,US,USD
TXN-00005684,SIG-00636,2024-11-12 00:55:42.222443,12638.81,in,withdrawal,UA,CHF
TXN-00003678,SIG-00409,2024-11-15 20:00:23.775514,23536.19,out,atm_withdrawal,US,USD
TXN-00007626,SIG-00850,2024-05-11 17:27:04.725352,214.45,in,withdrawal,US,USD
TXN-00010618,SIG-01172,2024-05-03 05:29:19.383035,125.99,in,bill_pay,US,USD
TXN-00007274,SIG-00814,2024-06-26 13:57:24.108367,325.03,out,withdrawal,US,USD
TXN-00005618,SIG-00627,2024-10-23 13:23:18.164214,797.65,out,deposit,US,USD
TXN-00008377,SIG-00924,2024-04-15 02:04:18.578723,1758.69,in,card_purchase,US,USD
TXN-00007034,SIG-00787,2024-11-25 10:58:31.492631,6047.96,out,bill_pay,US,USD
TXN-00005152,SIG-00574,2024-06-10 13:00:45.939375,621.88,in,payment,US,USD
TXN-00005897,SIG-00658,2024-03-25 06:43:55.273244,401.68,in,fx_exchange,US,USD
TXN-00003464,SIG-00386,2024-05-22 04:52:40.669990,9765.24,in,card_purchase,US,USD
TXN-00009789,SIG-01082,2024-06-11 00:44:32.605324,4236.16,in,atm_withdrawal,US,USD
TXN-00005551,SIG-00619,2024-01-24 02:42:13.819603,1779.08,out,deposit,US,USD
TXN-00004460,SIG-00494,2024-01-14 13:40:26.033844,1078.32,in,transfer,US,USD
TXN-00010115,SIG-01116,2024-11-09 15:11:43.940321,5898.83,out,wire,US,USD
TXN-00006399,SIG-00718,2024-09-25 10:51:17.306405,2280.09,in,bill_pay,US,USD
TXN-00004171,SIG-00463,2024-03-29 08:18:14.662855,2334.88,in,payment,US,USD
TXN-00000316,SIG-00034,2024-07-22 19:45:37.642430,689.51,in,payment,US,USD
TXN-00010723,SIG-01184,2024-02-15 06:29:37.709832,369.94,in,withdrawal,US,USD
TXN-00001370,SIG-00145,2024-05-08 19:30:36.641226,670.44,out,wire,US,USD
TXN-00004338,SIG-00480,2024-12-23 01:11:16.150004,1575.55,in,fx_exchange,US,USD
TXN-00001409,SIG-00151,2024-09-09 07:20:19.737883,4251.58,in,atm_withdrawal,US,USD
TXN-00005412,SIG-00604,2024-07-08 02:57:30.709100,2110.76,in,atm_withdrawal,US,USD
TXN-00008535,SIG-00944,2024-10-14 07:19:04.091798,9912.79,in,card_purchase,US,USD
TXN-00005612,SIG-00625,2024-10-23 13:19:42.533890,511.34,in,refund,US,USD
TXN-00009814,SIG-01084,2024-03-26 00:04:35.649293,1314.63,out,wire,IN,JPY
TXN-00008064,SIG-00893,2024-07-08 08:27:20.417932,295.45,in,wire,US,USD
TXN-00010606,SIG-01170,2024-01-11 13:59:39.530242,104.71,out,deposit,US,USD
TXN-00006327,SIG-00709,2024-06-19 15:10:27.365407,1030.9,in,wire,US,USD
TXN-00008837,SIG-00977,2024-07-25 23:51:42.451631,3547.91,out,atm_withdrawal,US,USD
TXN-00008852,SIG-00979,2024-04-05 20:37:30.766666,273.37,out,payment,IN,JPY
TXN-00004346,SIG-00480,2024-12-04 23:45:58.465454,11262.17,in,refund,US,USD
TXN-00002933,SIG-00326,2024-09-12 20:59:15.927508,1433.95,out,withdrawal,US,USD
TXN-00001845,SIG-00199,2024-08-02 02:00:06.956263,249.55,in,transfer,US,USD
TXN-00007964,SIG-00882,2024-06-06 16:48:21.149706,435.68,in,card_purchase,US,USD
TXN-00010304,SIG-01137,2024-09-03 09:56:10.512077,475.83,in,deposit,US,USD
TXN-00004641,SIG-00516,2024-06-22 20:07:14.478624,739.51,in,transfer,US,USD
TXN-00006136,SIG-00688,2024-01-11 08:24:48.834107,3831.09,out,bill_pay,US,USD
TXN-00002535,SIG-00279,2024-10-09 07:00:14.307922,1491.73,in,payment,US,USD
TXN-00003469,SIG-00387,2024-05-27 11:03:04.906872,282.1,out,atm_withdrawal,US,USD
TXN-00007199,SIG-00806,2024-10-04 13:00:29.962251,429.77,in,withdrawal,UA,GBP
TXN-00003834,SIG-00426,2024-06-14 11:07:39.081041,5463.97,out,payment,US,USD
TXN-00002352,SIG-00257,2024-02-07 22:37:53.684258,1662.13,in,deposit,KY,EUR
TXN-00004503,SIG-00500,2024-02-13 18:25:15.681063,258.46,out,deposit,US,USD
TXN-00006051,SIG-00679,2024-09-16 21:07:04.656473,1168.77,out,fx_exchange,US,USD
TXN-00003541,SIG-00395,2024-01-25 16:21:18.198219,508.58,out,wire,BR,CHF
TXN-00008109,SIG-00897,2024-08-02 17:23:05.957177,48216.47,out,withdrawal,US,USD
TXN-00006523,SIG-00731,2024-02-25 08:20:50.180052,110.29,out,transfer,US,USD
TXN-00001840,SIG-00198,2024-11-04 17:55:50.139565,2661.0,in,withdrawal,US,USD
TXN-00005959,SIG-00666,2024-04-05 09:50:14.916305,6984.18,out,deposit,US,USD
TXN-00000714,SIG-00075,2024-04-12 00:23:13.470946,1198.59,out,withdrawal,US,USD
TXN-00005818,SIG-00651,2024-02-20 23:57:51.875128,3738.94,out,transfer,US,USD
TXN-00000938,SIG-00099,2024-07-24 17:28:34.695298,3364.89,in,payment,US,USD
TXN-00001836,SIG-00198,2024-11-13 07:10:12.548291,2908.0,in,payment,BR,EUR
TXN-00008859,SIG-00979,2024-04-06 13:18:03.086053,338.28,out,bill_pay,US,USD
TXN-00005401,SIG-00603,2024-02-11 07:33:55.464146,1344.71,out,wire,CN,GBP
TXN-00010793,SIG-01191,2024-03-14 10:11:55.896588,1494.68,in,deposit,US,USD
TXN-00001088,SIG-00114,2024-06-11 05:48:43.128356,134.89,in,atm_withdrawal,US,USD
TXN-00007096,SIG-00793,2024-12-10 23:21:49.923836,1234.36,out,transfer,US,USD
TXN-00010011,SIG-01106,2024-01-08 01:54:40.240971,1020.44,in,fx_exchange,US,USD
TXN-00008162,SIG-00901,2024-09-02 02:01:01.647335,3099.74,in,payment,US,USD
TXN-00000882,SIG-00092,2024-09-25 10:00:18.258967,2833.48,out,wire,US,USD
TXN-00005704,SIG-00637,2024-06-08 05:18:00.803925,1267.94,out,atm_withdrawal,US,USD
TXN-00002928,SIG-00325,2024-05-16 21:22:09.932313,2394.11,out,payment,KY,USD
TXN-00003448,SIG-00384,2024-10-15 11:07:56.331153,2250.01,in,withdrawal,US,USD
TXN-00001124,SIG-00118,2024-03-02 22:40:51.085402,285.03,in,transfer,US,USD
TXN-00006838,SIG-00764,2024-03-23 08:08:41.442642,1147.73,in,card_purchase,US,USD
TXN-00005169,SIG-00575,2024-05-19 10:20:00.179347,1654.83,out,payment,KY,USD
TXN-00008806,SIG-00975,2024-11-06 03:08:37.878871,4319.25,out,transfer,CN,USD
TXN-00007959,SIG-00882,2024-06-12 16:42:25.757860,1688.31,in,atm_withdrawal,US,USD
TXN-00006877,SIG-00769,2024-11-21 16:02:46.018571,26672.77,in,bill_pay,US,USD
TXN-00009260,SIG-01025,2024-07-25 02:52:09.279943,6318.1,out,withdrawal,US,USD
TXN-00003785,SIG-00419,2024-04-14 07:29:20.998725,49.15,in,transfer,UA,USD
TXN-00005488,SIG-00612,2024-05-03 16:26:49.805221,556.91,out,payment,US,USD
TXN-00000533,SIG-00054,2024-05-31 14:06:51.588713,6010.14,in,transfer,US,USD
TXN-00002969,SIG-00331,2024-01-10 13:41:28.038254,704.26,out,payment,US,USD
TXN-00001792,SIG-00194,2024-10-23 01:02:29.159585,773.89,in,bill_pay,US,USD
TXN-00005615,SIG-00626,2024-01-30 03:56:42.489877,3883.78,out,deposit,US,USD
TXN-00001262,SIG-00134,2024-03-27 19:22:58.457114,1383.4,in,transfer,TR,GBP
TXN-00002841,SIG-00314,2024-07-28 02:37:50.184706,1906.71,in,payment,US,USD
TXN-00001863,SIG-00201,2024-12-17 07:43:32.877317,1334.88,in,atm_withdrawal,US,USD
TXN-00002910,SIG-00322,2024-01-22 13:27:39.444455,148.7,out,card_purchase,NG,EUR
TXN-00005077,SIG-00566,2024-02-10 10:46:02.706458,74.38,out,withdrawal,US,USD
TXN-00003942,SIG-00440,2024-09-01 13:19:57.640194,2035.49,out,card_purchase,US,USD
TXN-00000959,SIG-00100,2024-07-29 06:38:53.209963,14763.21,in,payment,US,USD
TXN-00002931,SIG-00326,2024-09-14 08:24:18.025399,1771.73,out,payment,US,USD
TXN-00001834,SIG-00198,2024-11-25 13:51:55.600265,504.69,in,payment,KY,USD
TXN-00000734,SIG-00077,2024-02-13 05:35:58.245274,463.02,out,deposit,US,USD
TXN-00005332,SIG-00595,2024-01-01 04:45:53.274036,94.65,out,atm_withdrawal,US,USD
TXN-00007029,SIG-00787,2024-11-02 09:57:14.369618,1386.35,in,payment,US,USD
TXN-00005683,SIG-00636,2024-11-06 03:45:31.361698,4955.7,in,atm_withdrawal,RU,USD
TXN-00003462,SIG-00386,2024-05-20 01:16:15.974736,3618.92,in,card_purchase,CN,GBP
TXN-00007506,SIG-00839,2024-11-21 08:37:22.807540,764.84,in,bill_pay,US,USD
TXN-00006007,SIG-00672,2024-05-18 03:39:21.527326,65.58,out,withdrawal,US,USD
TXN-00009404,SIG-01037,2024-04-07 06:17:09.796538,141.96,out,payment,US,USD
TXN-00008482,SIG-00939,2024-09-21 06:23:32.192587,70689.1,out,card_purchase,TR,EUR
TXN-00002985,SIG-00333,2024-07-15 19:43:54.525657,1626.04,out,transfer,US,USD
TXN-00005822,SIG-00652,2024-04-11 22:53:13.601828,7331.75,in,payment,KY,JPY
TXN-00001733,SIG-00188,2024-02-14 14:21:44.655533,376.11,out,withdrawal,US,USD
TXN-00000543,SIG-00055,2024-10-05 08:26:15.332370,1666.59,in,withdrawal,US,USD
TXN-00006743,SIG-00753,2024-01-09 13:22:23.357271,2706.17,in,withdrawal,US,USD
TXN-00008048,SIG-00892,2024-11-26 18:54:19.059166,995.69,in,transfer,PA,EUR
TXN-00003329,SIG-00369,2024-06-26 13:39:23.885522,621.14,in,transfer,US,USD
TXN-00006078,SIG-00682,2024-02-06 23:55:08.820460,1825.1,out,transfer,US,USD
TXN-00002109,SIG-00229,2024-05-13 16:48:20.922458,963.92,in,payment,US,USD
TXN-00003542,SIG-00395,2024-01-24 01:36:34.032111,15415.75,out,payment,US,USD
TXN-00008009,SIG-00887,2024-11-21 06:53:17.976612,153.63,in,bill_pay,US,USD
TXN-00006253,SIG-00702,2024-09-26 19:10:35.862529,168.01,in,card_purchase,US,USD
TXN-00009031,SIG-01001,2024-12-17 20:12:58.673054,630.61,in,withdrawal,IN,GBP
TXN-00006583,SIG-00736,2024-09-06 15:38:39.428021,312.16,out,refund,US,USD
TXN-00002459,SIG-00270,2024-02-06 04:07:21.581367,562.59,out,bill_pay,US,USD
TXN-00002390,SIG-00261,2024-04-11 01:35:21.535202,1226.2,in,bill_pay,RU,EUR
TXN-00004462,SIG-00494,2024-01-13 10:53:33.896053,24923.53,in,deposit,US,USD
TXN-00005413,SIG-00604,2024-07-19 03:49:56.450165,1803.3,in,card_purchase,US,USD
TXN-00009310,SIG-01030,2024-12-07 16:49:46.808672,614.76,out,card_purchase,US,USD
TXN-00006124,SIG-00687,2024-11-13 07:39:24.947533,1316.32,out,transfer,US,USD
TXN-00008611,SIG-00953,2024-04-19 19:45:27.781146,1993.64,out,withdrawal,US,USD
TXN-00003289,SIG-00364,2023-12-10 13:10:44.106079,2115.58,in,atm_withdrawal,US,USD
TXN-00001672,SIG-00182,2024-12-05 19:47:40.878639,371.86,in,card_purchase,US,USD
TXN-00006072,SIG-00681,2024-10-06 17:58:55.397455,128.15,out,payment,TR,USD
TXN-00010002,SIG-01105,2024-05-29 14:18:58.515346,820.96,out,transfer,BR,GBP
TXN-00000296,SIG-00032,2024-10-18 08:10:22.244128,526.6,out,card_purchase,US,USD
TXN-00008558,SIG-00947,2024-01-15 19:32:39.858233,2530.89,out,deposit,US,USD
TXN-00004809,SIG-00537,2024-01-15 03:57:25.523086,2494.12,out,card_purchase,US,USD
TXN-00000287,SIG-00030,2024-06-24 12:47:36.632278,310.51,in,card_purchase,US,USD
TXN-00000211,SIG-00020,2024-11-03 02:54:57.563591,337.25,in,withdrawal,US,USD
TXN-00003530,SIG-00393,2024-07-25 17:19:10.759331,3059.36,out,payment,BR,EUR
TXN-00001784,SIG-00194,2024-10-18 12:37:01.498742,3008.26,in,deposit,IN,JPY
TXN-00004077,SIG-00454,2024-07-17 08:59:10.574734,5104.44,out,payment,KY,JPY
TXN-00005679,SIG-00635,2024-03-28 20:21:48.943818,22874.84,in,card_purchase,US,USD
TXN-00009046,SIG-01003,2024-09-23 12:33:56.503127,2198.51,out,withdrawal,US,USD
TXN-00000550,SIG-00055,2024-09-14 12:46:19.877476,45453.28,out,transfer,BR,JPY
TXN-00006773,SIG-00757,2024-03-01 14:16:22.085538,5244.71,in,withdrawal,US,USD
TXN-00000677,SIG-00071,2024-01-27 18:34:58.365400,434.04,in,transfer,US,USD
TXN-00004113,SIG-00458,2024-03-31 05:24:55.363888,5572.22,in,transfer,US,USD
TXN-00006650,SIG-00743,2024-08-05 06:58:41.310807,192.24,in,transfer,US,USD
TXN-00002752,SIG-00302,2024-01-10 05:17:26.605652,253.88,in,wire,NG,USD
TXN-00005404,SIG-00603,2024-02-11 09:45:08.527865,501.58,in,card_purchase,US,USD
TXN-00009845,SIG-01088,2024-06-09 21:11:18.160914,1435.12,out,deposit,US,USD
TXN-00005466,SIG-00610,2024-04-30 15:46:44.695878,216.79,out,payment,UA,GBP
TXN-00004339,SIG-00480,2024-12-18 09:59:08.897790,642.91,out,transfer,US,USD
TXN-00001510,SIG-00162,2024-10-05 13:17:51.940144,1033.34,out,withdrawal,UA,EUR
TXN-00010482,SIG-01157,2024-01-26 17:23:22.318869,1713.16,out,bill_pay,US,USD
TXN-00001651,SIG-00179,2024-08-17 16:53:28.506409,553.53,out,card_purchase,US,USD
TXN-00002587,SIG-00284,2024-10-30 08:04:16.033826,807.14,in,card_purchase,RU,JPY
TXN-00007922,SIG-00878,2024-01-18 12:19:55.725338,8464.02,in,deposit,US,USD
TXN-00009452,SIG-01043,2024-07-24 06:26:49.775838,418.9,out,card_purchase,US,USD
TXN-00006686,SIG-00747,2024-02-24 13:59:00.255188,1072.42,out,card_purchase,US,USD
TXN-00007546,SIG-00842,2024-06-06 01:52:50.604834,3699.76,in,payment,US,USD
TXN-00010844,SIG-01196,2024-02-17 16:08:54.906059,1075.2,in,atm_withdrawal,US,USD
TXN-00010374,SIG-01146,2024-02-21 05:32:38.760711,406.93,in,refund,US,USD
TXN-00003828,SIG-00425,2024-08-15 15:16:17.163669,907.44,out,card_purchase,US,USD
TXN-00001663,SIG-00181,2024-01-28 11:38:15.283172,429.69,out,payment,AE,JPY
TXN-00008451,SIG-00936,2024-10-08 22:50:53.294392,209.39,out,withdrawal,US,USD
TXN-00004699,SIG-00522,2024-12-11 19:44:16.552693,4676.15,in,wire,US,USD
TXN-00004368,SIG-00483,2024-06-09 02:32:08.991293,9803.68,out,withdrawal,US,USD
TXN-00009388,SIG-01036,2024-03-23 05:12:51.993490,2681.58,out,deposit,US,USD
TXN-00006460,SIG-00725,2024-08-30 00:39:10.257408,4542.32,out,payment,US,USD
TXN-00003456,SIG-00385,2024-01-06 06:15:57.683947,1302.02,in,bill_pay,US,USD
TXN-00001794,SIG-00195,2024-11-21 19:17:08.220147,3026.51,in,deposit,US,USD
TXN-00010531,SIG-01161,2024-01-06 00:10:54.622973,7307.43,in,payment,BR,USD
TXN-00005067,SIG-00565,2024-02-19 11:28:45.665136,189.19,out,withdrawal,US,USD
TXN-00003705,SIG-00411,2024-08-05 23:23:20.202676,639.98,out,atm_withdrawal,US,USD
TXN-00004342,SIG-00480,2024-12-10 11:23:16.524374,10433.05,in,wire,US,USD
TXN-00004657,SIG-00518,2024-08-24 18:58:16.500866,1089.65,in,withdrawal,US,USD
TXN-00001473,SIG-00159,2024-04-04 03:57:27.294550,3777.04,in,fx_exchange,US,USD
TXN-00002200,SIG-00241,2024-11-27 09:25:49.994808,5245.87,in,payment,US,USD
TXN-00005154,SIG-00574,2024-06-03 20:17:40.352860,357.35,out,wire,US,USD
TXN-00006821,SIG-00762,2024-04-27 11:31:39.883508,763.03,out,refund,US,USD
TXN-00005026,SIG-00561,2024-10-26 15:37:00.738409,335.89,in,transfer,US,USD
TXN-00007504,SIG-00839,2024-11-15 17:55:34.866619,1067.67,out,withdrawal,US,USD
TXN-00001414,SIG-00152,2024-02-28 14:14:05.453298,3997.49,in,deposit,US,USD
TXN-00008328,SIG-00919,2024-03-26 20:55:57.555696,783.83,out,withdrawal,US,USD
TXN-00010850,SIG-01197,2024-08-06 03:02:33.808889,1436.45,out,wire,US,USD
TXN-00000468,SIG-00048,2024-01-29 01:12:54.970789,681.79,out,card_purchase,AE,CHF
TXN-00003520,SIG-00392,2023-12-28 17:17:18.698465,288.04,in,bill_pay,US,USD
TXN-00006521,SIG-00730,2024-01-11 23:52:38.284642,675.88,out,card_purchase,US,USD
TXN-00010094,SIG-01113,2023-12-24 09:11:31.217179,1385.07,out,card_purchase,US,USD
TXN-00007865,SIG-00874,2024-12-10 05:02:08.446343,4819.08,out,bill_pay,US,USD
TXN-00009913,SIG-01096,2024-04-11 08:15:43.436414,2131.41,out,fx_exchange,US,USD
TXN-00009389,SIG-01036,2024-03-14 04:16:27.539869,12480.63,in,transfer,US,USD
TXN-00000107,SIG-00010,2024-07-29 05:06:36.506037,2968.42,in,deposit,US,USD
TXN-00008445,SIG-00935,2024-10-09 00:10:36.433624,229.61,in,card_purchase,US,USD
TXN-00005838,SIG-00654,2024-09-23 18:32:29.282265,1157.29,in,payment,US,USD
TXN-00000591,SIG-00060,2024-11-14 04:10:12.269072,1397.0,in,deposit,PA,EUR
TXN-00009848,SIG-01088,2024-06-13 01:43:04.706734,428.15,out,card_purchase,US,USD
TXN-00006957,SIG-00777,2024-07-07 02:43:39.219072,140.7,in,deposit,US,USD
TXN-00004891,SIG-00545,2024-04-27 02:06:59.954512,1174.73,out,withdrawal,US,USD
TXN-00010135,SIG-01118,2024-05-12 02:57:43.255344,6249.22,out,transfer,US,USD
TXN-00009725,SIG-01076,2024-06-23 12:24:55.448360,655.01,in,payment,BR,CHF
TXN-00003282,SIG-00364,2023-12-17 16:45:11.348342,693.38,in,payment,US,USD
TXN-00005548,SIG-00618,2024-09-23 20:10:23.992828,443.52,in,refund,CN,GBP
TXN-00010574,SIG-01167,2024-08-10 03:07:39.590131,343.43,in,card_purchase,CN,GBP
TXN-00009228,SIG-01022,2024-05-26 05:29:19.141610,258.8,out,deposit,US,USD
TXN-00010562,SIG-01165,2024-04-14 09:39:55.481141,23518.86,out,payment,KY,JPY
TXN-00006672,SIG-00745,2024-09-08 01:00:25.956200,42.95,in,payment,TR,USD
TXN-00009690,SIG-01070,2024-03-28 17:05:59.023414,1606.33,out,transfer,US,USD
TXN-00005020,SIG-00560,2024-07-23 19:11:43.359782,6817.55,in,wire,US,USD
TXN-00006163,SIG-00693,2024-04-22 07:14:54.467352,1559.81,in,withdrawal,US,USD
TXN-00007965,SIG-00883,2024-01-22 18:25:16.819064,288.66,in,wire,CN,EUR
TXN-00004484,SIG-00498,2024-09-09 12:22:54.892941,837.93,in,atm_withdrawal,US,USD
TXN-00002816,SIG-00311,2024-11-09 13:49:31.041715,658.65,in,payment,US,USD
TXN-00003603,SIG-00401,2024-10-25 05:28:50.538830,577.85,in,transfer,US,USD
TXN-00002856,SIG-00316,2024-06-02 16:06:23.541457,327.61,out,payment,RU,JPY
TXN-00010477,SIG-01157,2024-01-17 15:41:53.602061,6072.36,in,wire,US,USD
TXN-00009024,SIG-01001,2024-12-12 14:53:57.738104,838.33,out,transfer,BR,JPY
TXN-00006836,SIG-00764,2024-03-28 00:11:24.942115,285.29,out,transfer,US,USD
TXN-00003913,SIG-00435,2024-05-01 02:26:56.534781,1477.41,in,card_purchase,RU,GBP
TXN-00008118,SIG-00898,2024-02-06 03:53:00.054946,1789.68,out,withdrawal,US,USD
TXN-00005045,SIG-00562,2024-06-03 11:25:04.486394,1986.39,in,payment,US,USD
TXN-00007321,SIG-00817,2024-02-16 18:08:13.724230,284.09,in,atm_withdrawal,US,USD
TXN-00002316,SIG-00253,2024-02-25 10:04:46.857170,2335.64,out,refund,US,USD
TXN-00000030,SIG-00003,2024-01-31 13:42:38.937621,3093.94,out,refund,PA,EUR
TXN-00009876,SIG-01091,2024-05-18 08:29:09.951192,242.06,out,payment,TR,JPY
TXN-00006805,SIG-00760,2024-12-17 07:45:50.925296,805.84,out,wire,US,USD
TXN-00004555,SIG-00507,2024-03-18 12:38:53.869572,96.55,in,deposit,US,USD
TXN-00000466,SIG-00048,2024-02-03 11:01:59.412665,700.73,out,card_purchase,US,USD
TXN-00008539,SIG-00945,2024-03-30 21:58:28.178117,10164.49,out,card_purchase,US,USD
TXN-00008484,SIG-00939,2024-09-21 08:43:42.064402,2773.6,in,withdrawal,US,USD
TXN-00000569,SIG-00058,2024-07-13 16:59:37.596402,444.18,out,withdrawal,IN,EUR
TXN-00006278,SIG-00705,2024-11-24 02:00:41.034101,3743.23,out,wire,TR,EUR
TXN-00009753,SIG-01080,2024-02-19 20:45:19.828016,1438.01,out,deposit,UA,CHF
TXN-00001786,SIG-00194,2024-10-18 02:47:00.709881,12441.78,in,wire,AE,USD
TXN-00000218,SIG-00020,2024-11-24 03:49:25.436101,2479.75,in,card_purchase,US,USD
TXN-00005580,SIG-00623,2023-12-18 07:22:39.221153,423.08,out,card_purchase,US,USD
TXN-00009810,SIG-01083,2024-05-30 21:13:46.186803,2445.01,in,refund,US,USD
TXN-00003149,SIG-00352,2024-09-25 18:00:51.878298,134.91,in,payment,AE,USD
TXN-00000109,SIG-00010,2024-08-10 16:55:27.795545,12946.27,in,fx_exchange,US,USD
TXN-00002128,SIG-00232,2024-03-28 07:05:50.371247,2797.03,out,bill_pay,US,USD
TXN-00008505,SIG-00942,2024-06-28 07:57:41.220948,274.12,out,transfer,US,USD
TXN-00006330,SIG-00710,2024-08-23 01:28:37.815332,1273.42,in,fx_exchange,US,USD
TXN-00009918,SIG-01096,2024-04-08 01:47:05.291194,289.39,in,atm_withdrawal,US,USD
TXN-00004563,SIG-00508,2024-03-06 23:48:39.341431,686.43,in,deposit,NG,EUR
TXN-00006587,SIG-00737,2024-04-21 07:23:18.451398,2126.0,out,deposit,US,USD
TXN-00010585,SIG-01168,2024-09-25 07:24:27.091743,7238.25,out,transfer,US,USD
TXN-00002485,SIG-00272,2024-07-31 22:24:47.267968,547.91,in,card_purchase,US,USD
TXN-00007877,SIG-00875,2024-04-11 01:21:28.397659,936.1,in,card_purchase,US,USD
TXN-00002996,SIG-00333,2024-07-09 10:55:59.081849,414.38,in,wire,US,USD
TXN-00001091,SIG-00114,2024-06-19 10:25:54.679514,1160.59,in,transfer,US,USD
TXN-00007470,SIG-00833,2024-09-24 13:51:34.964512,1113.68,in,card_purchase,US,USD
TXN-00005873,SIG-00657,2024-11-11 01:04:08.674846,2767.41,in,deposit,BR,GBP
TXN-00009604,SIG-01063,2024-08-07 10:32:09.297135,18538.2,in,card_purchase,US,USD
TXN-00009745,SIG-01080,2024-03-02 22:29:09.390205,229.19,in,card_purchase,US,USD
TXN-00008422,SIG-00931,2024-08-22 03:08:10.841790,4237.71,in,transfer,US,USD
TXN-00001512,SIG-00163,2024-03-05 21:43:47.341362,2196.2,out,refund,IN,EUR
TXN-00009886,SIG-01093,2024-08-22 19:05:12.604818,979.53,in,deposit,US,USD
TXN-00009331,SIG-01031,2024-07-01 20:02:50.868884,1948.24,out,payment,TR,JPY
TXN-00003650,SIG-00406,2024-07-17 13:16:58.352052,3771.38,in,transfer,US,USD
TXN-00002185,SIG-00240,2024-09-24 16:03:39.216517,1874.38,in,deposit,BR,USD
TXN-00006217,SIG-00698,2024-01-25 11:57:34.094500,1350.14,in,card_purchase,US,USD
TXN-00003854,SIG-00428,2024-05-20 14:06:06.595667,6179.41,in,deposit,CN,USD
TXN-00007779,SIG-00865,2024-02-23 12:58:46.223618,1142.82,out,card_purchase,US,USD
TXN-00009281,SIG-01027,2024-10-18 10:18:32.646061,147.98,out,withdrawal,US,USD
TXN-00004005,SIG-00446,2024-01-21 19:32:57.945378,2177.28,out,card_purchase,UA,EUR
TXN-00004949,SIG-00552,2024-09-25 09:55:45.940928,26480.09,out,atm_withdrawal,US,USD
TXN-00009360,SIG-01034,2023-12-04 00:52:01.051651,466.69,in,atm_withdrawal,US,USD
TXN-00004780,SIG-00534,2024-10-03 05:23:13.270704,1717.73,in,bill_pay,US,USD
TXN-00003699,SIG-00411,2024-08-10 03:08:00.858046,1065.05,out,deposit,US,USD
TXN-00006801,SIG-00760,2024-12-20 18:32:54.124076,18637.71,in,deposit,US,USD
TXN-00000577,SIG-00058,2024-07-03 07:18:42.996836,644.36,out,withdrawal,US,USD
TXN-00009217,SIG-01021,2024-12-21 09:09:24.526834,1093.42,in,card_purchase,US,USD
TXN-00006274,SIG-00705,2024-11-20 23:03:40.187178,3059.22,in,refund,US,USD
TXN-00008891,SIG-00983,2024-01-26 03:14:56.946130,4499.0,out,refund,US,USD
TXN-00001887,SIG-00203,2024-11-16 13:06:56.417488,709.43,out,fx_exchange,BR,EUR
TXN-00000411,SIG-00041,2024-09-01 11:48:13.525866,545.74,in,fx_exchange,US,USD
TXN-00010091,SIG-01112,2024-06-29 11:37:00.818450,3752.21,in,atm_withdrawal,US,USD
TXN-00008350,SIG-00921,2024-11-26 12:04:19.268683,261.62,in,transfer,US,USD
TXN-00006101,SIG-00684,2024-09-28 04:20:01.812632,4019.73,in,atm_withdrawal,CN,EUR
TXN-00005506,SIG-00614,2024-11-05 18:00:46.341359,1897.07,out,wire,NG,USD
TXN-00000011,SIG-00002,2024-10-04 03:06:15.837744,2342.29,in,fx_exchange,BR,CHF
TXN-00004054,SIG-00452,2024-06-19 09:11:19.854713,555.39,out,bill_pay,US,USD
TXN-00003488,SIG-00388,2024-09-24 03:50:36.349094,230.87,out,payment,US,USD
TXN-00001218,SIG-00129,2024-07-28 06:52:10.515821,681.46,in,payment,US,USD
TXN-00004873,SIG-00544,2024-02-16 04:14:13.860109,316.37,out,card_purchase,US,USD
TXN-00009109,SIG-01011,2024-05-02 07:30:09.219597,3469.69,out,atm_withdrawal,US,USD
TXN-00000719,SIG-00076,2024-10-13 00:27:58.167384,4211.52,in,deposit,US,USD
TXN-00004538,SIG-00505,2024-08-16 19:25:40.950137,1441.65,out,transfer,US,USD
TXN-00001635,SIG-00177,2024-01-09 13:31:01.326526,282.18,out,deposit,US,USD
TXN-00008540,SIG-00945,2024-04-23 22:42:36.846848,1688.94,out,withdrawal,US,USD
TXN-00009870,SIG-01091,2024-05-16 03:41:40.384584,1837.27,in,deposit,US,USD
TXN-00000737,SIG-00078,2024-08-10 07:50:35.094614,424.22,in,atm_withdrawal,US,USD
TXN-00000736,SIG-00078,2024-08-10 17:56:04.259730,8638.1,out,bill_pay,US,USD
TXN-00003777,SIG-00418,2024-02-08 06:41:48.754139,34602.58,out,refund,US,USD
TXN-00008583,SIG-00949,2024-06-26 18:00:31.083022,330.4,out,deposit,US,USD
TXN-00005194,SIG-00577,2024-05-17 06:40:32.120673,1967.52,out,deposit,US,USD
TXN-00000093,SIG-00009,2024-07-12 20:37:28.708960,320.99,in,payment,US,USD
TXN-00010622,SIG-01172,2024-05-11 11:30:34.282830,272.35,out,card_purchase,US,USD
TXN-00004292,SIG-00476,2024-12-27 03:45:19.230017,872.82,in,atm_withdrawal,US,USD
TXN-00009212,SIG-01020,2024-08-19 02:14:24.044364,3792.46,out,deposit,UA,JPY
TXN-00003016,SIG-00336,2024-10-22 10:02:50.238006,1572.0,out,deposit,US,USD
TXN-00002944,SIG-00327,2024-01-07 05:39:33.647511,356.03,in,deposit,US,USD
TXN-00000497,SIG-00051,2024-07-25 08:14:09.458835,4562.94,in,transfer,US,USD
TXN-00010792,SIG-01191,2024-03-11 06:17:58.281285,355.49,in,wire,US,USD
TXN-00009117,SIG-01012,2024-03-20 05:37:44.707625,1861.21,out,wire,US,USD
TXN-00006932,SIG-00775,2024-09-19 12:04:47.366960,4265.98,in,atm_withdrawal,US,USD
TXN-00001207,SIG-00127,2024-05-21 14:36:01.563679,5076.4,out,refund,US,USD
TXN-00008398,SIG-00928,2024-04-06 09:01:30.620460,5518.21,in,transfer,US,USD
TXN-00002639,SIG-00290,2023-12-31 21:04:45.169978,87.52,out,transfer,US,USD
TXN-00003264,SIG-00362,2024-06-28 10:59:19.356399,1711.3,in,card_purchase,TR,CHF
TXN-00003300,SIG-00366,2024-01-12 20:53:23.187832,6841.73,out,card_purchase,US,USD
TXN-00001748,SIG-00189,2024-02-27 22:32:16.153736,935.27,in,card_purchase,US,USD
TXN-00001196,SIG-00127,2024-05-28 08:28:55.774973,1292.82,in,withdrawal,US,USD
TXN-00006886,SIG-00770,2024-01-19 12:02:16.307461,12818.64,out,wire,US,USD
TXN-00002532,SIG-00278,2024-01-05 08:34:57.083820,354.55,out,payment,US,USD
TXN-00004024,SIG-00449,2024-10-30 07:36:07.693639,532.15,out,fx_exchange,US,USD
TXN-00005071,SIG-00566,2024-02-09 12:15:50.704965,817.29,in,card_purchase,NG,GBP
TXN-00001865,SIG-00201,2024-12-10 16:38:58.669746,335.87,in,fx_exchange,US,USD
TXN-00000289,SIG-00031,2024-02-23 10:25:17.799624,545.47,out,atm_withdrawal,AE,GBP
TXN-00003594,SIG-00401,2024-11-27 13:46:21.422951,250.63,in,fx_exchange,IN,USD
TXN-00003929,SIG-00438,2024-04-25 01:01:17.794515,541.06,out,payment,US,USD
TXN-00002318,SIG-00254,2024-12-13 15:58:34.697575,3275.55,out,payment,US,USD
TXN-00005215,SIG-00579,2024-07-19 23:50:48.220221,318.2,in,fx_exchange,US,USD
TXN-00003738,SIG-00415,2024-05-09 04:05:52.910934,1313.36,out,refund,US,USD
TXN-00002040,SIG-00221,2024-06-13 14:23:03.537249,1624.37,in,deposit,US,USD
TXN-00002228,SIG-00245,2024-05-18 19:24:16.257021,429.96,in,withdrawal,US,USD
TXN-00000389,SIG-00039,2024-01-26 18:58:59.604185,3177.29,in,transfer,US,USD
TXN-00000837,SIG-00087,2024-03-25 13:25:46.305238,672.16,out,card_purchase,US,USD
TXN-00002169,SIG-00238,2024-09-05 06:01:38.831292,1929.98,in,deposit,US,USD
TXN-00006436,SIG-00722,2024-07-14 02:54:29.574885,913.41,out,card_purchase,RU,USD
TXN-00009034,SIG-01002,2024-12-05 07:43:50.303336,2340.51,in,payment,US,USD
TXN-00007186,SIG-00804,2024-04-30 15:33:40.761487,1294.92,in,refund,CN,GBP
TXN-00006609,SIG-00740,2024-05-17 23:56:58.780529,704.0,out,withdrawal,US,USD
TXN-00004817,SIG-00538,2024-10-26 19:35:17.240023,387.18,out,payment,AE,GBP
TXN-00009614,SIG-01063,2024-08-01 14:44:18.306562,350.36,out,deposit,US,USD
TXN-00001113,SIG-00116,2024-11-20 09:42:00.635160,250.95,in,card_purchase,US,USD
TXN-00004953,SIG-00553,2024-09-06 05:34:18.240544,2036.73,out,payment,US,USD
TXN-00006387,SIG-00716,2024-10-22 23:58:26.557871,374.35,out,wire,US,USD
TXN-00002320,SIG-00254,2024-12-15 16:38:01.293349,3829.23,out,payment,US,USD
TXN-00006251,SIG-00702,2024-09-14 23:44:35.170852,581.03,out,withdrawal,US,USD
TXN-00004170,SIG-00463,2024-04-02 21:18:12.805547,1044.79,out,transfer,US,USD
TXN-00007661,SIG-00854,2024-04-10 12:01:55.889003,10070.76,out,transfer,US,USD
TXN-00004640,SIG-00516,2024-05-02 02:30:48.792132,2100.13,in,withdrawal,US,USD
TXN-00006265,SIG-00704,2024-11-19 06:04:16.203009,146.88,in,withdrawal,US,USD
TXN-00004895,SIG-00546,2024-05-29 21:00:45.170759,381.96,in,transfer,US,USD
TXN-00009509,SIG-01050,2024-08-20 16:49:36.775518,2104.83,out,transfer,PA,JPY
TXN-00006680,SIG-00746,2024-09-19 21:25:23.286614,377.14,in,card_purchase,US,USD
TXN-00008569,SIG-00948,2024-05-06 03:57:34.142600,228.87,out,wire,US,USD
TXN-00000417,SIG-00042,2024-05-05 16:44:46.722855,4113.34,in,payment,US,USD
TXN-00006696,SIG-00749,2024-07-15 01:02:10.730020,2561.12,out,transfer,US,USD
TXN-00003012,SIG-00336,2024-10-24 16:23:22.165458,130.81,in,atm_withdrawal,US,USD
TXN-00001670,SIG-00182,2024-12-07 17:39:25.443356,1126.57,in,card_purchase,US,USD
TXN-00005731,SIG-00642,2024-09-14 16:42:31.570470,413.05,in,atm_withdrawal,US,USD
TXN-00002859,SIG-00316,2024-06-09 18:56:23.509759,1484.22,in,bill_pay,US,USD
TXN-00010660,SIG-01177,2024-07-16 06:14:17.110444,852.57,in,transfer,BR,GBP
TXN-00008661,SIG-00959,2024-09-05 22:40:28.352134,1310.87,out,card_purchase,US,USD
TXN-00002086,SIG-00226,2024-08-08 10:08:50.773010,234.11,in,withdrawal,US,USD
TXN-00010735,SIG-01186,2023-12-26 19:53:04.564638,740.13,out,bill_pay,US,USD
TXN-00005200,SIG-00577,2024-05-23 11:19:45.563165,18342.41,out,deposit,US,USD
TXN-00010548,SIG-01164,2024-08-06 16:05:55.526414,957.71,out,transfer,US,USD
TXN-00000009,SIG-00002,2024-10-06 13:11:55.821470,881.55,in,card_purchase,TR,EUR
TXN-00000469,SIG-00048,2024-01-09 16:42:21.591516,1646.82,in,payment,PA,CHF
TXN-00005390,SIG-00601,2024-06-17 08:11:38.611466,442.75,out,payment,US,USD
TXN-00007175,SIG-00803,2024-12-10 10:52:26.690704,325.18,out,atm_withdrawal,US,USD
TXN-00010285,SIG-01134,2024-03-17 14:22:55.175868,3045.95,out,deposit,US,USD
TXN-00004231,SIG-00469,2024-06-13 09:44:26.640976,371.81,out,transfer,US,USD
TXN-00000922,SIG-00096,2024-09-09 00:38:23.973415,507.33,out,payment,US,USD
TXN-00006748,SIG-00754,2024-03-15 14:37:10.845457,816.86,in,deposit,US,USD
TXN-00009122,SIG-01012,2024-03-18 08:46:57.067480,137.2,in,transfer,US,USD
TXN-00010602,SIG-01170,2024-01-03 14:12:12.555325,416.04,out,card_purchase,US,USD
TXN-00005610,SIG-00625,2024-10-13 02:14:35.312054,4309.44,in,deposit,US,USD
TXN-00009770,SIG-01081,2024-08-13 08:20:40.268996,489.54,out,bill_pay,US,USD
TXN-00005217,SIG-00580,2024-03-11 10:16:05.189234,328.52,out,bill_pay,US,USD
TXN-00005298,SIG-00592,2024-02-09 00:43:24.151202,419.56,in,payment,US,USD
TXN-00003574,SIG-00398,2024-05-18 21:19:56.220211,252.07,out,card_purchase,US,USD
TXN-00006983,SIG-00783,2024-06-18 09:13:45.101487,5508.28,in,card_purchase,US,USD
TXN-00009380,SIG-01035,2024-05-14 00:17:05.975009,512.96,in,deposit,US,USD
TXN-00008075,SIG-00894,2024-01-26 12:16:36.166078,2431.93,out,fx_exchange,US,USD
TXN-00008803,SIG-00974,2024-02-10 23:30:38.503749,614.5,out,withdrawal,US,USD
TXN-00005555,SIG-00619,2024-02-20 02:49:28.336772,471.14,out,withdrawal,US,USD
TXN-00002153,SIG-00236,2024-08-29 17:10:17.729179,194.72,out,deposit,US,USD
TXN-00007074,SIG-00791,2024-01-11 00:32:46.604799,918.78,out,card_purchase,US,USD
TXN-00000971,SIG-00101,2024-09-23 12:01:13.394452,2100.57,out,card_purchase,AE,EUR
TXN-00000795,SIG-00083,2024-11-05 14:58:49.975528,364.25,in,transfer,US,USD
TXN-00000731,SIG-00077,2024-02-11 20:17:11.370370,108.53,in,bill_pay,US,USD
TXN-00005921,SIG-00662,2024-06-18 12:15:45.919127,604.71,out,payment,CN,JPY
TXN-00003070,SIG-00342,2024-06-05 09:29:56.640476,641.68,in,withdrawal,US,USD
TXN-00002141,SIG-00233,2024-05-20 09:07:28.193640,111.74,out,payment,US,USD
TXN-00009010,SIG-00999,2024-05-17 16:13:53.145061,1497.99,in,refund,US,USD
TXN-00010301,SIG-01137,2024-08-30 03:16:36.695740,3807.2,in,transfer,PA,CHF
TXN-00002603,SIG-00286,2024-10-29 16:48:13.602882,1374.75,out,card_purchase,US,USD
TXN-00005515,SIG-00615,2024-04-30 08:34:17.716457,51.45,out,payment,US,USD
TXN-00008590,SIG-00950,2023-12-16 00:58:34.757185,73.75,out,card_purchase,US,USD
TXN-00003571,SIG-00397,2024-07-28 17:05:53.582873,99.19,out,refund,US,USD
TXN-00003563,SIG-00396,2024-05-19 07:33:24.838451,3251.18,in,card_purchase,US,USD
TXN-00010631,SIG-01173,2024-04-23 18:16:23.870204,1921.97,in,transfer,US,USD
TXN-00001955,SIG-00208,2024-11-27 03:46:02.826457,1034.69,out,payment,US,USD
TXN-00000705,SIG-00074,2023-12-16 10:35:41.049149,5936.24,in,card_purchase,US,USD
TXN-00001692,SIG-00185,2024-08-08 03:50:59.271248,947.92,in,payment,US,USD
TXN-00010153,SIG-01119,2024-04-05 03:55:53.943327,5647.9,out,atm_withdrawal,KY,GBP
TXN-00002632,SIG-00289,2024-01-07 08:44:01.292481,3570.0,in,bill_pay,US,USD
TXN-00000246,SIG-00024,2024-02-04 13:30:35.015737,1877.83,out,payment,CN,USD
TXN-00005885,SIG-00657,2024-11-09 08:15:41.970687,281.74,out,transfer,RU,CHF
TXN-00004772,SIG-00532,2024-08-08 15:29:39.398202,3178.96,out,deposit,AE,CHF
TXN-00001079,SIG-00113,2024-07-03 22:21:48.858811,1110.19,in,wire,US,USD
TXN-00006005,SIG-00671,2024-08-10 15:38:04.877321,732.31,in,refund,US,USD
TXN-00005333,SIG-00595,2023-12-19 10:10:46.311597,712.4,out,atm_withdrawal,US,USD
TXN-00007220,SIG-00810,2024-10-02 05:07:51.827254,190.27,out,withdrawal,US,USD
TXN-00004741,SIG-00529,2024-05-28 01:44:32.683598,205.74,in,deposit,US,USD
TXN-00010867,SIG-01199,2024-09-15 09:51:54.141978,100.22,in,payment,IN,JPY
TXN-00007518,SIG-00839,2024-11-24 21:34:31.781019,1374.91,in,wire,TR,USD
TXN-00007086,SIG-00792,2024-03-07 02:21:05.374873,811.26,in,payment,US,USD
TXN-00007855,SIG-00873,2024-02-01 11:20:50.426415,369.83,in,transfer,US,USD
TXN-00004413,SIG-00490,2024-11-08 07:55:13.125990,1547.71,in,withdrawal,US,USD
TXN-00003496,SIG-00389,2024-01-31 02:29:53.270741,2050.52,in,card_purchase,US,USD
TXN-00001112,SIG-00116,2024-11-18 14:59:35.747234,2403.46,in,wire,US,USD
TXN-00009344,SIG-01033,2024-10-03 02:38:56.311986,996.93,out,transfer,US,USD
TXN-00002630,SIG-00289,2024-01-27 16:12:07.582006,557.36,out,card_purchase,US,USD
TXN-00004355,SIG-00481,2024-03-11 21:50:09.463976,720.36,out,card_purchase,US,USD
TXN-00005518,SIG-00615,2024-04-09 15:33:08.325526,1114.95,out,bill_pay,US,USD
TXN-00007768,SIG-00864,2024-05-29 05:48:19.104709,338.19,in,transfer,US,USD
TXN-00002484,SIG-00272,2024-07-30 13:41:30.943937,2753.8,out,withdrawal,US,USD
TXN-00008658,SIG-00959,2024-08-29 11:21:43.400996,380.15,in,wire,US,USD
TXN-00005361,SIG-00599,2024-02-02 21:49:52.269436,1248.59,in,card_purchase,US,USD
TXN-00000064,SIG-00007,2024-04-23 22:30:02.759874,12377.46,in,transfer,US,USD
TXN-00010027,SIG-01106,2024-01-09 06:17:53.930706,1555.43,out,refund,PA,CHF
TXN-00009872,SIG-01091,2024-05-16 16:28:26.161971,2067.71,in,atm_withdrawal,US,USD
TXN-00010111,SIG-01116,2024-11-23 22:41:27.374858,623.35,in,transfer,US,USD
TXN-00006774,SIG-00757,2024-02-22 03:18:51.476240,7907.58,in,fx_exchange,US,USD
TXN-00005439,SIG-00607,2024-03-17 00:32:49.860125,2377.1,in,atm_withdrawal,US,USD
TXN-00004485,SIG-00498,2024-08-23 03:14:22.825297,451.14,out,payment,US,USD
TXN-00004554,SIG-00507,2024-03-16 07:07:37.168553,801.81,out,wire,US,USD
TXN-00003680,SIG-00409,2024-11-16 19:04:21.646914,3368.04,in,payment,RU,GBP
TXN-00006655,SIG-00743,2024-07-24 06:27:24.038981,398.97,out,card_purchase,US,USD
TXN-00001356,SIG-00143,2024-07-26 11:06:20.176228,583.15,out,bill_pay,US,USD
TXN-00003906,SIG-00434,2024-02-19 23:24:10.646663,66.65,in,card_purchase,US,USD
TXN-00002326,SIG-00254,2024-12-27 07:07:26.519995,310.63,in,bill_pay,US,USD
TXN-00001985,SIG-00212,2024-12-15 08:21:05.066313,580.31,in,card_purchase,UA,USD
TXN-00001331,SIG-00140,2024-09-19 21:38:44.093898,232.49,in,bill_pay,US,USD
TXN-00009394,SIG-01037,2024-04-14 13:31:43.716833,688.2,out,refund,US,USD
TXN-00001003,SIG-00103,2024-10-01 02:17:26.302425,335.93,out,deposit,PA,CHF
TXN-00003207,SIG-00355,2024-02-26 16:43:05.554674,3247.35,in,bill_pay,US,USD
TXN-00006731,SIG-00752,2024-09-29 11:05:48.033422,4907.6,out,refund,CN,CHF
TXN-00004837,SIG-00540,2024-09-10 19:45:15.216975,633.59,out,withdrawal,US,USD
TXN-00005507,SIG-00614,2024-11-04 11:38:44.238810,68.55,in,withdrawal,BR,USD
TXN-00001083,SIG-00113,2024-07-13 14:57:45.255361,861.09,in,card_purchase,US,USD
TXN-00009073,SIG-01007,2024-04-30 09:06:37.542320,187.43,in,card_purchase,US,USD
TXN-00001040,SIG-00108,2024-02-24 01:31:22.787814,2023.05,out,withdrawal,US,USD
TXN-00007467,SIG-00833,2024-09-25 08:39:18.091259,1811.07,in,payment,US,USD
TXN-00010707,SIG-01183,2024-12-15 23:25:00.756579,1711.61,out,deposit,US,USD
TXN-00001027,SIG-00106,2024-01-10 00:40:39.920660,275.09,out,transfer,NG,EUR
TXN-00000264,SIG-00027,2024-12-06 04:57:03.618870,359.28,out,deposit,US,USD
TXN-00005403,SIG-00603,2024-02-10 03:20:00.610601,1099.39,in,deposit,US,USD
TXN-00001248,SIG-00133,2023-12-23 11:12:43.342767,8311.62,out,deposit,US,USD
TXN-00006628,SIG-00742,2024-12-11 17:41:57.003933,1464.92,in,deposit,US,USD
TXN-00010856,SIG-01197,2024-07-17 08:59:19.907331,15390.56,out,fx_exchange,US,USD
TXN-00000656,SIG-00067,2024-12-26 09:36:08.101130,900.16,in,wire,US,USD
TXN-00000624,SIG-00063,2024-02-28 16:47:10.710625,1130.55,out,payment,BR,CHF
TXN-00005782,SIG-00649,2024-06-21 22:46:58.864171,8464.62,in,bill_pay,NG,JPY
TXN-00006157,SIG-00692,2023-12-31 19:04:26.903870,14993.36,in,transfer,BR,JPY
TXN-00009515,SIG-01051,2024-09-14 04:02:49.882572,864.65,out,refund,US,USD
TXN-00006679,SIG-00746,2024-09-06 18:15:09.035506,1169.88,out,card_purchase,US,USD
TXN-00006244,SIG-00702,2024-09-30 05:11:38.585038,3737.61,in,atm_withdrawal,RU,CHF
TXN-00002361,SIG-00257,2024-02-16 14:32:41.782971,1076.5,in,wire,US,USD
TXN-00001502,SIG-00162,2024-10-19 03:47:02.593575,10298.09,out,transfer,US,USD
TXN-00009223,SIG-01022,2024-05-25 10:02:30.637093,213.12,in,card_purchase,BR,CHF
TXN-00010499,SIG-01159,2024-11-16 02:28:29.257963,1434.36,in,card_purchase,US,USD
TXN-00001167,SIG-00122,2024-10-17 01:34:21.362914,997.34,out,payment,US,USD
TXN-00001108,SIG-00116,2024-11-21 22:36:34.808603,41.68,in,card_purchase,US,USD
TXN-00003230,SIG-00358,2024-10-28 07:35:19.672072,492.98,out,deposit,US,USD
TXN-00001732,SIG-00188,2024-02-05 17:21:43.506719,99.31,out,deposit,US,USD
TXN-00008352,SIG-00921,2024-11-29 13:08:15.888930,506.44,out,deposit,US,USD
TXN-00008680,SIG-00961,2024-01-15 03:04:17.866301,7061.51,out,transfer,US,USD
TXN-00008673,SIG-00961,2024-01-12 05:06:41.671174,1170.68,in,withdrawal,CN,EUR
TXN-00003132,SIG-00351,2024-01-07 07:23:17.568670,17999.81,out,card_purchase,US,USD
TXN-00000578,SIG-00058,2024-07-07 08:11:43.332999,555.82,out,transfer,US,USD
TXN-00009569,SIG-01057,2024-01-01 02:13:51.904693,860.96,in,deposit,BR,JPY
TXN-00006622,SIG-00741,2024-02-03 06:15:43.609392,6385.82,out,atm_withdrawal,US,USD
TXN-00009466,SIG-01044,2023-12-27 08:16:14.019329,5811.6,out,wire,US,USD
TXN-00008983,SIG-00995,2024-02-04 00:05:47.114222,1563.73,in,transfer,US,USD
TXN-00010561,SIG-01165,2024-03-30 14:48:33.249261,2075.25,in,payment,CN,GBP
TXN-00004994,SIG-00558,2024-10-19 10:36:59.330685,8904.46,out,deposit,US,USD
TXN-00004138,SIG-00460,2024-02-06 08:19:06.902741,1176.09,in,deposit,US,USD
TXN-00009442,SIG-01041,2024-08-31 03:24:57.217103,651.76,in,card_purchase,US,USD
TXN-00007908,SIG-00876,2024-01-08 16:10:28.801362,5166.92,in,wire,US,USD
TXN-00008061,SIG-00893,2024-07-12 17:05:13.783439,894.76,in,wire,US,USD
TXN-00000410,SIG-00041,2024-08-31 21:52:55.423886,14997.68,out,card_purchase,US,USD
TXN-00007840,SIG-00871,2024-03-15 18:17:42.622623,7011.07,in,card_purchase,US,USD
TXN-00009983,SIG-01103,2024-03-29 13:58:25.503931,388.06,in,refund,US,USD
TXN-00000077,SIG-00008,2024-05-06 08:05:04.164823,1884.03,out,payment,US,USD
TXN-00004378,SIG-00485,2024-07-22 06:28:06.230306,1487.19,out,payment,AE,JPY
TXN-00003873,SIG-00430,2024-08-04 11:35:08.949914,878.8,in,deposit,BR,CHF
TXN-00001787,SIG-00194,2024-10-19 16:13:17.938878,1499.33,in,card_purchase,US,USD
TXN-00006581,SIG-00736,2024-09-25 21:17:37.693749,54.34,out,transfer,US,USD
TXN-00010782,SIG-01191,2024-03-15 03:37:59.280665,2771.99,in,transfer,BR,USD
TXN-00003992,SIG-00444,2024-06-03 11:42:03.978670,44289.11,in,refund,UA,CHF
TXN-00005983,SIG-00669,2024-05-30 21:40:29.437863,297.55,in,atm_withdrawal,US,USD
TXN-00005262,SIG-00587,2024-04-08 12:31:41.322775,1053.84,in,payment,US,USD
TXN-00006698,SIG-00749,2024-07-22 00:08:19.701611,36536.08,in,withdrawal,US,USD
TXN-00006160,SIG-00692,2024-01-17 11:22:27.673592,776.64,out,transfer,US,USD
TXN-00008343,SIG-00920,2024-12-09 14:56:26.478234,4384.76,in,wire,US,USD
TXN-00010834,SIG-01195,2024-05-15 12:08:22.197136,494.08,in,payment,US,USD
TXN-00000094,SIG-00009,2024-07-26 00:05:47.484784,248.37,out,deposit,US,USD
TXN-00005359,SIG-00598,2024-01-03 09:51:07.843656,2981.09,out,payment,US,USD
TXN-00008381,SIG-00925,2024-08-03 06:43:34.569183,91.72,in,bill_pay,US,USD
TXN-00000684,SIG-00072,2024-03-15 16:13:27.400138,10812.46,out,fx_exchange,NG,USD
TXN-00004394,SIG-00486,2024-05-13 00:48:06.851146,325.54,out,bill_pay,US,USD
TXN-00000648,SIG-00066,2024-02-07 07:35:35.359404,957.94,out,bill_pay,PA,JPY
TXN-00008912,SIG-00986,2024-09-09 17:55:01.372190,7743.5,in,refund,US,USD
TXN-00000715,SIG-00075,2024-04-24 10:28:52.528892,20374.1,out,bill_pay,US,USD
TXN-00006868,SIG-00768,2024-10-13 12:58:32.111403,1315.21,in,payment,US,USD
TXN-00001077,SIG-00112,2024-11-25 08:47:49.442463,4465.05,out,refund,RU,EUR
TXN-00000291,SIG-00031,2024-03-12 10:10:35.539011,1209.38,in,card_purchase,US,USD
TXN-00004316,SIG-00478,2023-12-30 02:57:05.765535,4981.78,in,payment,US,USD
TXN-00005305,SIG-00593,2024-09-04 18:27:07.315130,5080.74,out,withdrawal,US,USD
TXN-00008995,SIG-00998,2024-09-06 15:45:44.126736,1607.98,in,withdrawal,TR,GBP
TXN-00005479,SIG-00611,2024-11-08 16:52:48.966008,417.05,in,withdrawal,US,USD
TXN-00008871,SIG-00981,2024-04-09 21:44:49.470124,3375.68,out,withdrawal,US,USD
TXN-00005757,SIG-00646,2024-04-28 04:41:08.552280,655.38,out,withdrawal,US,USD
TXN-00001531,SIG-00165,2024-07-24 22:52:34.631481,809.99,in,deposit,US,USD
TXN-00009780,SIG-01082,2024-06-01 03:36:33.399556,12074.01,out,fx_exchange,US,USD
TXN-00001489,SIG-00160,2024-04-14 11:19:09.112412,1477.68,in,transfer,US,USD
TXN-00004211,SIG-00467,2024-10-14 01:57:21.114288,5290.91,in,withdrawal,US,USD
TXN-00004609,SIG-00511,2024-08-02 10:24:49.183358,1459.78,out,wire,US,USD
TXN-00008845,SIG-00978,2024-07-22 07:12:02.751689,349.13,in,transfer,US,USD
TXN-00007198,SIG-00806,2024-10-05 22:57:01.490249,2096.55,out,withdrawal,US,USD
TXN-00002239,SIG-00246,2024-05-25 00:51:36.268837,1414.73,out,payment,US,USD
TXN-00008800,SIG-00974,2024-02-03 15:38:14.672816,797.08,out,deposit,CN,USD
TXN-00009363,SIG-01034,2023-12-19 22:39:58.745574,856.89,out,wire,TR,USD
TXN-00005701,SIG-00637,2024-06-01 03:12:05.089091,1298.61,in,deposit,US,USD
TXN-00009656,SIG-01067,2024-06-24 09:30:56.675589,982.32,in,transfer,US,USD
TXN-00001579,SIG-00171,2024-07-24 19:13:15.451155,2121.34,in,payment,US,USD
TXN-00003743,SIG-00416,2024-10-07 16:13:06.747969,3500.99,in,card_purchase,US,USD
TXN-00007064,SIG-00790,2024-06-16 01:46:14.362560,1370.5,in,deposit,US,USD
TXN-00000186,SIG-00019,2024-08-05 09:44:08.305848,2062.89,in,withdrawal,US,USD
TXN-00001577,SIG-00171,2024-07-27 12:37:46.508877,791.64,out,payment,US,USD
TXN-00002261,SIG-00248,2024-08-03 16:04:09.162335,301.11,in,payment,US,USD
TXN-00004552,SIG-00507,2024-03-15 00:20:31.881250,96.39,out,bill_pay,US,USD
TXN-00006450,SIG-00724,2024-03-06 07:33:52.703917,2594.17,out,card_purchase,US,USD
TXN-00001892,SIG-00203,2024-11-17 09:35:37.620896,2061.99,in,payment,UA,EUR
TXN-00003266,SIG-00362,2024-07-08 12:15:10.736954,279.78,in,wire,AE,JPY
TXN-00000020,SIG-00002,2024-10-11 08:45:35.360526,9430.76,out,atm_withdrawal,US,USD
TXN-00001298,SIG-00136,2024-02-28 06:45:22.782247,9082.14,in,atm_withdrawal,US,USD
TXN-00005876,SIG-00657,2024-11-12 01:38:54.872947,1413.64,in,wire,US,USD
TXN-00010659,SIG-01177,2024-06-23 17:43:28.886067,237.86,in,atm_withdrawal,US,USD
TXN-00005872,SIG-00657,2024-11-10 23:41:36.799704,6612.14,out,wire,US,USD
TXN-00004925,SIG-00550,2024-11-23 13:32:20.039799,1076.91,out,bill_pay,PA,CHF
TXN-00001804,SIG-00196,2024-04-24 04:49:26.409253,920.83,in,deposit,US,USD
TXN-00007679,SIG-00856,2024-10-07 15:48:49.955482,1046.81,in,payment,US,USD
TXN-00008080,SIG-00894,2024-01-21 12:51:27.550488,119.05,out,card_purchase,US,USD
TXN-00005457,SIG-00609,2023-12-22 04:34:17.084633,684.03,in,atm_withdrawal,US,USD
TXN-00010426,SIG-01151,2024-06-11 23:28:58.262522,21150.18,in,withdrawal,UA,CHF
TXN-00010200,SIG-01124,2024-04-06 19:11:17.274079,906.58,out,withdrawal,US,USD
TXN-00010127,SIG-01117,2024-10-22 16:57:57.209197,872.06,out,atm_withdrawal,US,USD
TXN-00000382,SIG-00039,2024-02-04 13:32:15.177156,1416.92,out,payment,US,USD
TXN-00006753,SIG-00755,2024-08-11 14:40:52.711756,498.73,out,withdrawal,US,USD
TXN-00003039,SIG-00338,2024-03-06 12:27:39.878765,1380.01,out,atm_withdrawal,US,USD
TXN-00004229,SIG-00469,2024-06-15 05:29:20.159015,594.66,out,bill_pay,US,USD
TXN-00007439,SIG-00830,2024-03-27 09:21:49.995452,474.65,out,wire,TR,GBP
TXN-00005774,SIG-00647,2024-07-29 07:50:48.697303,219.43,in,transfer,US,USD
TXN-00002743,SIG-00301,2024-07-09 06:52:20.558884,2236.37,out,payment,US,USD
TXN-00010604,SIG-01170,2024-01-14 16:31:34.780016,232.55,in,deposit,US,USD
TXN-00006413,SIG-00719,2024-05-04 23:35:45.063184,282.43,out,transfer,US,USD
TXN-00010178,SIG-01122,2024-11-09 08:42:25.157286,1013.84,in,payment,US,USD
TXN-00003711,SIG-00412,2024-08-24 15:14:12.646921,6182.17,out,wire,US,USD
TXN-00009288,SIG-01028,2024-01-17 04:05:16.100292,554.57,in,card_purchase,US,USD
TXN-00006856,SIG-00767,2024-05-11 17:15:25.059777,292.34,out,payment,US,USD
TXN-00009837,SIG-01086,2024-10-12 19:59:01.075058,524.69,in,withdrawal,US,USD
TXN-00005578,SIG-00623,2023-12-21 16:41:01.493491,279.94,in,card_purchase,US,USD
TXN-00003937,SIG-00439,2024-10-21 07:19:07.313412,510.35,out,bill_pay,US,USD
TXN-00009641,SIG-01066,2024-10-13 23:18:41.879716,8919.92,in,withdrawal,US,USD
TXN-00003835,SIG-00426,2024-05-22 18:18:46.915298,2294.47,in,atm_withdrawal,US,USD
TXN-00000416,SIG-00042,2024-05-06 05:19:14.171562,16439.48,out,payment,US,USD
TXN-00003882,SIG-00430,2024-08-21 12:07:56.509226,1874.63,in,transfer,US,USD
TXN-00008185,SIG-00905,2023-12-02 16:38:30.497349,1037.25,in,withdrawal,AE,GBP
TXN-00004682,SIG-00520,2024-08-22 06:50:16.308114,376.91,out,transfer,CN,EUR
TXN-00001567,SIG-00170,2024-04-24 06:53:13.129247,16462.68,out,deposit,US,USD
TXN-00009621,SIG-01063,2024-09-01 23:09:15.517542,625.5,out,card_purchase,US,USD
TXN-00010330,SIG-01140,2024-03-31 07:02:14.067034,1534.29,in,withdrawal,KY,EUR
TXN-00004711,SIG-00524,2024-10-25 01:05:51.026123,226.61,in,card_purchase,US,USD
TXN-00010362,SIG-01145,2024-07-16 01:45:11.489368,582.13,in,deposit,US,USD
TXN-00010248,SIG-01130,2024-02-26 05:27:51.047012,4586.35,in,wire,US,USD
TXN-00003211,SIG-00356,2024-04-06 21:00:26.155193,588.84,out,payment,UA,USD
TXN-00004193,SIG-00465,2024-11-25 13:42:30.728733,15829.53,in,withdrawal,US,USD
TXN-00008887,SIG-00982,2024-06-22 08:18:29.304563,4364.41,out,transfer,US,USD
TXN-00007444,SIG-00830,2024-04-02 20:38:06.339630,370.05,in,card_purchase,US,USD
TXN-00002814,SIG-00311,2024-11-06 18:08:09.728110,1061.46,out,bill_pay,US,USD
TXN-00006409,SIG-00719,2024-04-16 01:35:37.552652,509.28,in,card_purchase,US,USD
TXN-00000531,SIG-00054,2024-05-25 21:15:13.526440,671.89,out,transfer,US,USD
TXN-00001369,SIG-00145,2024-05-22 16:45:22.844387,296.08,out,wire,US,USD
TXN-00007337,SIG-00818,2024-02-19 14:48:21.317122,1438.12,out,deposit,RU,EUR
TXN-00002233,SIG-00246,2024-06-03 04:58:43.557284,440.09,in,bill_pay,US,USD
TXN-00003772,SIG-00418,2024-02-17 08:29:17.574198,533.39,in,withdrawal,US,USD
TXN-00003188,SIG-00355,2024-02-16 17:18:16.368566,432.21,out,transfer,US,USD
TXN-00005768,SIG-00646,2024-04-29 06:21:53.033250,165.43,out,payment,US,USD
TXN-00006844,SIG-00764,2024-03-24 23:16:49.535422,1246.49,out,withdrawal,US,USD
TXN-00001438,SIG-00157,2024-03-14 08:30:48.995507,5178.34,out,payment,RU,GBP
TXN-00007367,SIG-00822,2024-07-29 17:39:09.648429,6949.29,out,payment,US,USD
TXN-00006281,SIG-00705,2024-11-19 22:18:43.643536,7856.2,out,transfer,US,USD
TXN-00003679,SIG-00409,2024-10-23 05:27:33.869728,2473.4,in,deposit,US,USD
TXN-00003602,SIG-00401,2024-11-05 19:47:00.243019,609.32,in,payment,US,USD
TXN-00000275,SIG-00028,2024-04-22 00:05:50.356506,1100.67,out,withdrawal,US,USD
TXN-00000145,SIG-00015,2024-10-08 11:24:54.089433,425.29,in,transfer,US,USD
TXN-00003140,SIG-00351,2024-01-07 00:10:47.629949,210.15,out,refund,US,USD
TXN-00004274,SIG-00475,2024-09-11 08:29:18.554520,575.07,out,bill_pay,US,USD
TXN-00008623,SIG-00955,2024-07-31 13:01:31.270004,873.74,in,deposit,US,USD
TXN-00004234,SIG-00470,2024-02-08 08:54:27.452383,579.9,out,payment,AE,USD
TXN-00005121,SIG-00571,2024-10-26 14:07:54.772637,12889.93,in,refund,US,USD
TXN-00009074,SIG-01007,2024-05-09 09:26:10.964304,250.83,in,fx_exchange,TR,GBP
TXN-00007451,SIG-00831,2024-02-23 07:32:54.789838,251.84,out,transfer,US,USD
TXN-00000759,SIG-00079,2024-05-08 12:08:16.707769,7530.39,out,payment,US,USD
TXN-00004686,SIG-00521,2024-10-20 22:33:49.727679,155.65,in,payment,US,USD
TXN-00008644,SIG-00957,2024-03-15 10:27:19.256940,2337.19,out,card_purchase,US,USD
TXN-00010446,SIG-01155,2024-09-12 10:01:50.664921,4222.54,out,card_purchase,US,USD
TXN-00004793,SIG-00536,2024-12-13 03:30:19.984344,219.81,in,payment,US,USD
TXN-00004348,SIG-00480,2024-12-24 00:04:16.421313,814.2,in,transfer,US,USD
TXN-00007195,SIG-00806,2024-10-02 16:39:56.660060,870.85,in,payment,US,USD
TXN-00004013,SIG-00448,2024-05-03 04:12:09.084377,3856.09,out,card_purchase,US,USD
TXN-00009833,SIG-01086,2024-09-10 04:07:12.885435,1353.38,in,card_purchase,KY,EUR
TXN-00002936,SIG-00326,2024-09-08 21:20:10.084330,5687.33,out,fx_exchange,US,USD
TXN-00000789,SIG-00083,2024-11-30 03:54:21.379424,6308.25,in,refund,US,USD
TXN-00008683,SIG-00962,2024-07-20 21:10:45.384507,31243.52,in,fx_exchange,TR,CHF
TXN-00005082,SIG-00566,2024-02-11 05:08:41.819709,1133.38,in,payment,US,USD
TXN-00003315,SIG-00368,2024-03-11 12:42:49.640511,2449.95,in,payment,US,USD
TXN-00009808,SIG-01083,2024-05-15 17:10:46.003421,2868.76,out,payment,IN,JPY
TXN-00001403,SIG-00150,2024-11-11 14:37:22.235194,337.81,out,card_purchase,US,USD
TXN-00009181,SIG-01017,2024-11-01 10:34:07.344756,561.61,in,bill_pay,US,USD
TXN-00009600,SIG-01062,2024-11-24 22:24:19.144607,1862.17,out,atm_withdrawal,US,USD
TXN-00003953,SIG-00441,2024-08-09 22:01:46.034949,1896.06,in,bill_pay,US,USD
TXN-00006568,SIG-00734,2024-02-18 13:27:58.915969,4305.52,in,fx_exchange,IN,GBP
TXN-00002961,SIG-00329,2024-07-12 04:09:29.935697,3131.12,in,refund,US,USD
TXN-00007607,SIG-00850,2024-05-20 10:21:34.943184,4242.79,out,wire,US,USD
TXN-00001656,SIG-00181,2024-02-07 14:21:18.157723,1530.02,in,card_purchase,US,USD
TXN-00008675,SIG-00961,2024-01-01 22:39:38.212341,31272.74,in,fx_exchange,AE,USD
TXN-00006033,SIG-00676,2024-04-08 06:16:29.378786,4721.06,out,withdrawal,NG,CHF
TXN-00003034,SIG-00337,2024-10-11 19:14:46.606404,113.65,in,card_purchase,US,USD
TXN-00007206,SIG-00807,2024-09-03 16:16:36.543119,2618.37,in,card_purchase,US,USD
TXN-00000432,SIG-00042,2024-05-05 16:49:58.754886,1976.81,out,refund,US,USD
TXN-00006146,SIG-00690,2024-04-22 09:37:58.253044,501.8,in,withdrawal,US,USD
TXN-00000001,SIG-00001,2024-04-11 01:57:16.463875,760.58,in,transfer,US,USD
TXN-00004519,SIG-00502,2024-03-27 23:58:55.210303,554.83,in,payment,US,USD
TXN-00007794,SIG-00866,2024-08-05 04:12:52.939309,974.52,out,atm_withdrawal,US,USD
TXN-00006979,SIG-00782,2024-05-08 02:02:09.166141,1992.02,out,transfer,US,USD
TXN-00000350,SIG-00036,2024-07-18 01:13:07.355227,318.32,in,deposit,US,USD
TXN-00005660,SIG-00633,2024-02-03 23:08:35.484618,463.12,in,card_purchase,US,USD
TXN-00005362,SIG-00599,2024-01-20 09:33:03.696816,2520.65,in,atm_withdrawal,US,USD
TXN-00010672,SIG-01179,2024-09-17 10:14:41.889722,604.41,in,transfer,US,USD
TXN-00010688,SIG-01180,2024-08-06 06:47:38.282611,76.78,out,payment,US,USD
TXN-00007033,SIG-00787,2024-11-20 07:21:10.929168,885.43,in,transfer,US,USD
TXN-00006373,SIG-00714,2024-02-03 22:04:01.703241,5368.28,in,deposit,US,USD
TXN-00003208,SIG-00355,2024-02-06 07:40:43.120595,13254.13,out,transfer,US,USD
TXN-00008230,SIG-00909,2024-02-14 10:33:42.983582,202.59,in,payment,US,USD
TXN-00010667,SIG-01178,2024-03-24 04:41:07.023427,3647.13,in,card_purchase,UA,USD
TXN-00003216,SIG-00357,2024-08-29 00:27:48.511737,20654.01,in,fx_exchange,US,USD
TXN-00004787,SIG-00535,2024-05-05 14:13:49.306418,1638.2,out,card_purchase,US,USD
TXN-00003820,SIG-00424,2023-12-23 15:20:43.075296,6520.58,in,transfer,KY,USD
TXN-00002424,SIG-00266,2024-10-12 00:19:59.535677,313.27,in,withdrawal,KY,USD
TXN-00007804,SIG-00867,2024-06-08 05:21:25.661596,2511.88,out,fx_exchange,US,USD
TXN-00004476,SIG-00497,2024-04-24 21:35:42.283946,240.37,in,payment,US,USD
TXN-00001966,SIG-00210,2024-11-05 16:09:05.158682,865.68,out,payment,US,USD
TXN-00001156,SIG-00122,2024-10-20 07:03:32.810514,3554.43,out,bill_pay,US,USD
TXN-00009194,SIG-01018,2024-07-01 12:39:47.325736,29206.26,out,bill_pay,IN,CHF
TXN-00009009,SIG-00999,2024-04-12 22:56:38.662182,1281.65,out,payment,US,USD
TXN-00002329,SIG-00254,2024-12-13 09:33:13.144179,762.35,in,card_purchase,AE,JPY
TXN-00007904,SIG-00876,2024-01-12 21:23:54.474866,5036.48,in,transfer,US,USD
TXN-00002975,SIG-00331,2024-02-02 11:21:35.475285,1955.62,in,card_purchase,PA,CHF
TXN-00009162,SIG-01015,2024-02-28 08:09:10.574807,1397.71,out,refund,US,USD
TXN-00009312,SIG-01030,2024-11-30 23:50:36.057926,436.78,in,refund,US,USD
TXN-00009587,SIG-01060,2024-09-14 00:49:21.505992,20356.0,in,card_purchase,US,USD
TXN-00000709,SIG-00074,2024-01-13 21:57:40.138901,3053.85,in,card_purchase,US,USD
TXN-00006394,SIG-00717,2024-02-14 09:27:29.101936,60.16,out,refund,US,USD
TXN-00007443,SIG-00830,2024-03-23 20:03:38.080693,164.75,in,wire,US,USD
TXN-00000917,SIG-00096,2024-09-12 10:35:28.815133,3402.83,in,withdrawal,US,USD
TXN-00009333,SIG-01031,2024-06-21 22:28:37.172987,4706.66,in,transfer,PA,GBP
TXN-00010328,SIG-01140,2024-03-02 11:24:09.626647,2861.01,in,card_purchase,US,USD
TXN-00002289,SIG-00249,2024-11-14 02:21:00.520105,4316.89,in,transfer,IN,USD
TXN-00007214,SIG-00808,2024-06-01 04:35:42.328477,229.52,in,atm_withdrawal,US,USD
TXN-00001617,SIG-00175,2024-01-18 11:32:14.354713,7751.43,out,withdrawal,US,USD
TXN-00005211,SIG-00579,2024-08-10 15:47:58.551795,568.22,out,payment,US,USD
TXN-00008977,SIG-00994,2024-09-19 01:34:54.482893,4383.44,out,transfer,US,USD
TXN-00005545,SIG-00618,2024-09-14 00:13:59.310292,6643.78,out,card_purchase,US,USD
TXN-00008589,SIG-00950,2023-11-24 18:31:56.366777,3036.49,out,atm_withdrawal,US,USD
TXN-00002253,SIG-00247,2024-05-22 21:20:45.356460,30.0,out,card_purchase,US,USD
TXN-00009277,SIG-01026,2024-12-15 14:29:12.487200,2925.15,in,transfer,CN,EUR
TXN-00000909,SIG-00094,2024-06-10 12:11:02.726769,3969.87,out,bill_pay,US,USD
TXN-00008733,SIG-00968,2024-05-14 09:28:02.551718,7352.33,in,deposit,US,USD
TXN-00004081,SIG-00454,2024-07-15 11:22:48.709866,1391.37,out,atm_withdrawal,US,USD
TXN-00000621,SIG-00063,2024-02-16 11:55:43.005098,614.19,out,transfer,US,USD
TXN-00008890,SIG-00983,2024-02-05 23:46:28.378064,797.81,in,transfer,US,USD
TXN-00009592,SIG-01062,2024-11-09 08:35:12.995081,5673.8,in,card_purchase,PA,USD
TXN-00004354,SIG-00481,2024-03-10 02:44:11.831561,392.16,out,withdrawal,US,USD
TXN-00002302,SIG-00251,2024-02-29 00:13:57.294513,347.56,out,withdrawal,KY,JPY
TXN-00000783,SIG-00082,2024-03-27 05:05:15.902940,524.24,out,card_purchase,US,USD
TXN-00009991,SIG-01104,2024-01-31 23:23:51.968635,245.65,out,transfer,IN,EUR
TXN-00001157,SIG-00122,2024-10-15 18:57:47.390805,630.73,in,transfer,US,USD
TXN-00001537,SIG-00166,2024-02-01 22:14:10.149231,2238.51,in,payment,US,USD
TXN-00004128,SIG-00459,2024-03-18 12:17:40.976682,427.6,in,atm_withdrawal,US,USD
TXN-00005324,SIG-00594,2024-09-06 17:54:51.198555,915.55,out,transfer,US,USD
TXN-00006108,SIG-00685,2024-07-08 03:37:17.418947,2775.1,in,atm_withdrawal,US,USD
TXN-00000317,SIG-00034,2024-08-08 02:45:33.143298,462.64,in,wire,US,USD
TXN-00010253,SIG-01131,2024-05-15 06:01:59.303035,465.9,in,card_purchase,US,USD
TXN-00010289,SIG-01135,2024-06-29 19:03:22.933113,680.15,out,bill_pay,US,USD
TXN-00004216,SIG-00468,2024-07-25 09:37:51.652404,1730.01,out,withdrawal,US,USD
TXN-00008094,SIG-00896,2024-05-30 11:54:41.098510,8139.48,out,payment,US,USD
TXN-00000380,SIG-00039,2024-02-14 21:25:37.670372,821.13,out,payment,US,USD
TXN-00005719,SIG-00639,2024-04-05 22:03:40.328163,4216.25,in,withdrawal,US,USD
TXN-00004404,SIG-00488,2024-04-12 14:14:11.886458,609.95,in,withdrawal,US,USD
TXN-00005225,SIG-00581,2024-04-05 00:52:51.499777,12642.05,out,deposit,US,USD
TXN-00007611,SIG-00850,2024-05-10 15:40:39.606744,1181.25,in,card_purchase,RU,JPY
TXN-00007646,SIG-00853,2024-08-03 05:25:52.186117,594.47,in,fx_exchange,TR,CHF
TXN-00007811,SIG-00867,2024-06-11 05:12:00.848772,1535.89,in,card_purchase,US,USD
TXN-00009258,SIG-01025,2024-07-10 02:54:24.183933,230.22,out,atm_withdrawal,US,USD
TXN-00010504,SIG-01159,2024-11-19 13:55:02.228556,5261.44,in,payment,US,USD
TXN-00003583,SIG-00398,2024-04-28 08:12:47.486369,1662.97,in,payment,US,USD
TXN-00010787,SIG-01191,2024-03-09 02:43:55.230202,831.3,out,deposit,CN,GBP
TXN-00010005,SIG-01105,2024-06-02 01:36:08.517609,1243.3,out,card_purchase,US,USD
TXN-00009211,SIG-01020,2024-08-26 13:34:47.840571,2177.28,in,deposit,US,USD
TXN-00009320,SIG-01031,2024-06-20 05:08:35.923456,6274.68,in,transfer,US,USD
TXN-00010476,SIG-01157,2024-01-02 12:32:37.765635,212.56,in,transfer,CN,GBP
TXN-00004522,SIG-00503,2024-12-27 14:42:00.487932,538.14,out,payment,BR,JPY
TXN-00002621,SIG-00288,2024-10-14 12:28:16.646869,523.65,in,transfer,US,USD
TXN-00010420,SIG-01151,2024-06-16 20:36:34.664132,5303.29,out,payment,NG,JPY
TXN-00006462,SIG-00725,2024-09-01 05:52:03.886838,6643.26,in,card_purchase,AE,USD
TXN-00000104,SIG-00010,2024-08-01 02:06:57.353882,2136.17,in,wire,KY,GBP
TXN-00003458,SIG-00386,2024-04-30 01:18:34.243954,2083.59,out,payment,US,USD
TXN-00010203,SIG-01125,2024-02-20 03:08:16.481676,409.8,out,fx_exchange,US,USD
TXN-00005550,SIG-00619,2024-02-20 04:24:45.066241,893.4,out,card_purchase,US,USD
TXN-00006429,SIG-00721,2024-02-03 06:59:56.977133,4136.03,out,withdrawal,US,USD
TXN-00001884,SIG-00202,2024-02-10 03:19:25.789516,410.19,in,card_purchase,US,USD
TXN-00003510,SIG-00391,2024-01-05 04:57:34.656911,1650.31,out,card_purchase,UA,USD
TXN-00007264,SIG-00814,2024-06-19 03:57:29.471527,1248.13,in,atm_withdrawal,US,USD
TXN-00005427,SIG-00605,2024-06-23 01:02:03.340394,2657.39,in,deposit,CN,CHF
TXN-00009382,SIG-01035,2024-05-12 02:01:01.384266,387.93,out,payment,US,USD
TXN-00009001,SIG-00998,2024-09-08 10:20:13.499722,7012.04,in,transfer,US,USD
TXN-00002345,SIG-00256,2024-07-29 11:03:01.572429,10580.59,in,withdrawal,US,USD
TXN-00002192,SIG-00241,2024-11-27 21:48:37.441918,1059.96,in,transfer,US,USD
TXN-00000757,SIG-00079,2024-05-17 14:39:13.275425,473.79,in,deposit,US,USD
TXN-00010547,SIG-01164,2024-07-26 03:41:25.412662,194.86,in,bill_pay,US,USD
TXN-00010366,SIG-01145,2024-07-16 14:12:06.997706,246.19,in,transfer,US,USD
TXN-00003750,SIG-00416,2024-09-22 19:54:54.632054,418.15,out,deposit,US,USD
TXN-00003401,SIG-00378,2024-01-09 20:46:12.561299,2911.19,in,payment,US,USD
TXN-00002392,SIG-00261,2024-04-06 10:10:16.173668,2971.48,in,payment,US,USD
TXN-00006473,SIG-00727,2024-08-02 05:28:06.295269,1521.73,out,withdrawal,US,USD
TXN-00002900,SIG-00321,2024-09-02 06:53:17.498901,1896.39,out,card_purchase,US,USD
TXN-00005341,SIG-00597,2024-06-25 03:44:27.082012,3201.28,out,refund,US,USD
TXN-00006465,SIG-00725,2024-08-29 09:05:40.503884,1546.78,out,wire,US,USD
TXN-00002883,SIG-00319,2024-11-25 21:17:05.885853,2001.08,in,wire,PA,EUR
TXN-00007540,SIG-00841,2023-12-06 20:56:57.744754,5929.9,out,transfer,US,USD
TXN-00008017,SIG-00887,2024-11-23 08:53:39.563792,318.52,out,card_purchase,US,USD
TXN-00004068,SIG-00454,2024-07-13 09:10:48.993135,242.75,in,payment,US,USD
TXN-00007412,SIG-00827,2024-03-23 12:06:53.854771,312.68,in,payment,US,USD
TXN-00006120,SIG-00686,2024-10-29 19:10:38.657186,21205.79,out,fx_exchange,CN,EUR
TXN-00009484,SIG-01046,2024-01-31 23:56:54.630086,44836.35,in,wire,RU,JPY
TXN-00003853,SIG-00428,2024-05-18 10:12:26.040317,359.98,out,fx_exchange,US,USD
TXN-00005911,SIG-00660,2024-10-06 16:59:51.670253,18723.22,out,deposit,US,USD
TXN-00009512,SIG-01050,2024-08-18 16:35:51.288394,8070.69,out,transfer,PA,JPY
TXN-00006283,SIG-00705,2024-11-22 11:00:58.486375,1937.78,out,atm_withdrawal,US,USD
TXN-00002803,SIG-00309,2024-07-11 16:47:11.946222,1148.36,out,refund,US,USD
TXN-00007040,SIG-00788,2024-01-15 00:22:24.191131,3139.08,in,payment,US,USD
TXN-00000568,SIG-00057,2024-07-18 14:33:42.718140,2916.44,in,withdrawal,KY,JPY
TXN-00003847,SIG-00427,2024-05-17 23:02:52.032820,1194.89,in,payment,BR,CHF
TXN-00006809,SIG-00761,2024-12-21 00:44:34.548032,5133.63,in,withdrawal,US,USD
TXN-00009267,SIG-01026,2024-12-02 16:45:30.741889,1115.42,out,card_purchase,NG,GBP
TXN-00006751,SIG-00754,2024-03-18 08:30:15.953546,481.74,out,payment,US,USD
TXN-00009075,SIG-01007,2024-05-04 21:59:27.978189,87.66,in,deposit,US,USD
TXN-00008418,SIG-00931,2024-07-16 21:50:05.209011,1317.89,in,wire,IN,USD
TXN-00006443,SIG-00723,2024-02-20 23:12:18.472240,2217.91,out,deposit,US,USD
TXN-00000441,SIG-00043,2024-03-24 01:01:30.518903,4643.96,out,transfer,US,USD
TXN-00009197,SIG-01019,2024-08-16 00:27:48.904596,2192.07,out,payment,US,USD
TXN-00001781,SIG-00194,2024-10-21 20:20:23.680520,653.11,out,transfer,US,USD
TXN-00007314,SIG-00816,2024-08-12 19:47:52.636942,7626.83,in,atm_withdrawal,PA,GBP
TXN-00007273,SIG-00814,2024-06-24 17:35:30.200518,985.05,in,deposit,US,USD
TXN-00002479,SIG-00271,2024-08-23 23:18:34.723010,737.36,in,payment,KY,CHF
TXN-00010722,SIG-01184,2024-02-05 10:15:50.759179,7961.35,out,withdrawal,US,USD
TXN-00007875,SIG-00875,2024-04-04 01:56:45.862299,156.24,out,atm_withdrawal,US,USD
TXN-00001661,SIG-00181,2024-02-06 18:42:18.535300,194.11,in,card_purchase,US,USD
TXN-00004185,SIG-00464,2023-12-31 06:39:19.886232,62.16,out,atm_withdrawal,US,USD
TXN-00006572,SIG-00735,2024-03-15 09:13:22.687409,1410.45,out,card_purchase,TR,CHF
TXN-00007589,SIG-00847,2024-04-10 16:18:00.954097,218.3,out,withdrawal,US,USD
TXN-00001225,SIG-00130,2024-06-19 17:11:22.357178,1027.13,in,card_purchase,UA,USD
TXN-00004706,SIG-00523,2024-12-21 20:14:30.416526,137.28,in,bill_pay,US,USD
TXN-00001594,SIG-00172,2024-06-22 21:33:07.858003,2855.96,in,transfer,US,USD
TXN-00004076,SIG-00454,2024-07-26 00:04:58.409297,798.66,out,bill_pay,US,USD
TXN-00001200,SIG-00127,2024-05-26 23:05:07.242460,9808.64,out,withdrawal,US,USD
TXN-00002076,SIG-00225,2024-11-20 17:12:37.424584,1828.84,in,wire,US,USD
TXN-00000765,SIG-00079,2024-05-13 18:17:37.131562,703.16,in,card_purchase,US,USD
TXN-00003690,SIG-00410,2024-01-17 03:04:07.768346,4258.61,in,transfer,US,USD
TXN-00010519,SIG-01161,2024-01-03 19:26:27.812467,839.24,out,transfer,US,USD
TXN-00004455,SIG-00494,2024-01-15 23:20:42.779208,13414.83,out,payment,UA,EUR
TXN-00007442,SIG-00830,2024-03-27 16:23:44.910506,1157.56,out,refund,US,USD
TXN-00000037,SIG-00004,2024-03-11 23:52:31.008702,2885.8,in,withdrawal,US,USD
TXN-00007708,SIG-00859,2024-04-24 05:02:21.598303,107.56,in,bill_pay,AE,JPY
TXN-00002565,SIG-00281,2024-12-04 11:43:54.012210,416.01,in,card_purchase,US,USD
TXN-00003729,SIG-00414,2024-01-22 13:59:15.006299,2026.8,in,fx_exchange,KY,JPY
TXN-00004206,SIG-00466,2024-12-20 07:32:38.971504,1034.44,in,refund,US,USD
TXN-00009049,SIG-01003,2024-09-23 22:15:21.721680,674.29,in,card_purchase,US,USD
TXN-00002488,SIG-00272,2024-08-02 16:02:30.352770,5290.77,in,atm_withdrawal,US,USD
TXN-00006415,SIG-00720,2024-04-30 12:50:30.883438,3000.52,out,atm_withdrawal,CN,JPY
TXN-00010490,SIG-01158,2024-02-09 12:58:58.349229,908.61,in,bill_pay,US,USD
TXN-00003051,SIG-00340,2024-06-15 01:08:39.868066,2937.41,in,atm_withdrawal,US,USD
TXN-00001806,SIG-00196,2024-05-20 11:52:19.653103,549.85,out,bill_pay,US,USD
TXN-00002311,SIG-00252,2024-10-03 14:24:00.847725,338.87,out,payment,US,USD
TXN-00005805,SIG-00651,2024-01-31 02:25:10.112216,11483.34,in,payment,US,USD
TXN-00002763,SIG-00303,2024-04-25 06:22:07.115951,456.22,out,card_purchase,US,USD
TXN-00005158,SIG-00574,2024-05-22 13:40:28.499386,769.29,out,payment,US,USD
TXN-00007188,SIG-00804,2024-04-12 17:39:53.835716,1010.75,out,card_purchase,BR,USD
TXN-00001352,SIG-00142,2024-11-25 12:41:37.856644,454.8,in,transfer,TR,JPY
TXN-00004603,SIG-00510,2024-09-05 08:04:21.341798,796.18,out,refund,US,USD
TXN-00010400,SIG-01149,2024-05-04 22:11:01.611699,2530.32,in,deposit,US,USD
TXN-00009529,SIG-01052,2024-02-11 13:02:43.255690,1665.69,out,card_purchase,UA,JPY
TXN-00004210,SIG-00467,2024-10-17 06:35:07.373799,418.11,in,card_purchase,US,USD
TXN-00001361,SIG-00143,2024-08-01 01:59:30.921103,330.41,out,fx_exchange,US,USD
TXN-00008189,SIG-00905,2023-12-08 05:18:08.752837,1953.21,in,atm_withdrawal,US,USD
TXN-00007636,SIG-00851,2024-01-11 12:59:33.548605,3707.8,out,payment,US,USD
TXN-00006887,SIG-00770,2024-01-14 04:55:19.282882,1416.59,out,payment,US,USD
TXN-00000487,SIG-00050,2024-01-21 07:12:51.681179,313.69,out,fx_exchange,US,USD
TXN-00007841,SIG-00871,2024-03-21 10:49:14.927492,700.48,in,atm_withdrawal,US,USD
TXN-00009619,SIG-01063,2024-08-26 16:10:42.344985,11941.0,in,withdrawal,US,USD
TXN-00006588,SIG-00737,2024-04-23 22:27:58.857792,795.18,out,payment,TR,GBP
TXN-00002151,SIG-00235,2024-12-16 06:42:24.274222,2030.99,in,bill_pay,US,USD
TXN-00006573,SIG-00735,2024-02-29 02:46:36.344833,3058.71,out,card_purchase,US,USD
TXN-00008245,SIG-00910,2024-03-12 20:41:35.377146,656.68,out,bill_pay,US,USD
TXN-00002453,SIG-00269,2024-01-09 21:27:44.640438,74.49,out,wire,US,USD
TXN-00006551,SIG-00733,2024-06-04 05:41:57.933399,25822.12,out,fx_exchange,US,USD
TXN-00000638,SIG-00064,2024-09-16 18:36:42.921248,4356.71,out,bill_pay,US,USD
TXN-00001072,SIG-00112,2024-11-17 22:36:12.084088,396.9,in,bill_pay,CN,GBP
TXN-00008635,SIG-00955,2024-09-02 08:02:38.818740,1761.73,in,payment,CN,EUR
TXN-00009965,SIG-01102,2024-03-04 18:04:10.755904,125.77,in,payment,US,USD
TXN-00009494,SIG-01048,2024-01-14 09:23:45.068116,981.63,in,wire,US,USD
TXN-00001191,SIG-00126,2024-06-22 07:15:58.256849,167.25,out,payment,US,USD
TXN-00004602,SIG-00510,2024-09-09 18:20:23.640468,9777.61,out,deposit,US,USD
TXN-00007054,SIG-00789,2024-10-06 19:40:51.872499,3624.54,in,transfer,US,USD
TXN-00004908,SIG-00547,2024-09-19 22:19:43.643807,3732.8,in,withdrawal,US,USD
TXN-00003026,SIG-00336,2024-10-25 11:02:19.588237,7483.3,out,withdrawal,US,USD
TXN-00000150,SIG-00016,2024-11-16 04:08:31.627326,382.93,out,atm_withdrawal,US,USD
TXN-00008527,SIG-00943,2024-08-02 06:51:27.247296,13288.7,in,transfer,AE,CHF
TXN-00010835,SIG-01195,2024-05-27 20:50:23.307823,1173.37,out,payment,US,USD
TXN-00006089,SIG-00683,2024-10-10 08:37:59.947991,719.97,in,payment,US,USD
TXN-00003035,SIG-00337,2024-10-02 00:41:54.095325,542.14,in,transfer,TR,CHF
TXN-00000168,SIG-00017,2024-10-25 02:16:22.228204,3418.0,out,bill_pay,IN,GBP
TXN-00002013,SIG-00218,2024-11-15 18:58:24.581251,358.18,out,wire,AE,CHF
TXN-00008014,SIG-00887,2024-11-16 01:16:10.162005,715.61,in,transfer,US,USD
TXN-00008567,SIG-00948,2024-05-08 10:13:21.685254,1224.66,out,transfer,US,USD
TXN-00003126,SIG-00350,2024-05-24 12:02:28.433499,74.78,out,refund,US,USD
TXN-00008695,SIG-00962,2024-07-07 16:30:45.641645,856.62,out,card_purchase,US,USD
TXN-00001897,SIG-00203,2024-11-16 05:57:10.966177,2106.24,in,withdrawal,US,USD
TXN-00001585,SIG-00172,2024-06-22 12:53:37.444653,369.9,out,fx_exchange,IN,JPY
TXN-00010697,SIG-01181,2024-03-01 08:34:59.726990,129.93,in,deposit,US,USD
TXN-00000802,SIG-00084,2024-10-01 22:06:45.684213,1145.87,in,refund,US,USD
TXN-00003133,SIG-00351,2024-01-01 14:53:02.319084,1454.94,in,deposit,AE,CHF
TXN-00005764,SIG-00646,2024-05-02 00:39:48.856590,137.11,out,card_purchase,US,USD
TXN-00005779,SIG-00648,2024-09-30 15:03:49.218470,53.9,in,atm_withdrawal,US,USD
TXN-00007131,SIG-00797,2024-10-07 08:57:41.344797,8715.37,out,transfer,US,USD
TXN-00003521,SIG-00392,2024-01-16 23:06:00.043876,3320.08,out,atm_withdrawal,US,USD
TXN-00000743,SIG-00078,2024-08-12 08:00:04.507229,326.39,in,bill_pay,US,USD
TXN-00004599,SIG-00510,2024-08-31 06:44:42.047118,3096.76,out,fx_exchange,US,USD
TXN-00006671,SIG-00745,2024-10-11 06:31:42.579215,621.08,in,deposit,US,USD
TXN-00008604,SIG-00952,2024-04-25 09:08:13.751253,15243.07,out,card_purchase,US,USD
TXN-00002755,SIG-00302,2023-12-16 20:28:44.415373,5131.59,in,transfer,TR,CHF
TXN-00004475,SIG-00496,2024-02-07 21:43:27.410579,1824.99,in,fx_exchange,US,USD
TXN-00000634,SIG-00064,2024-09-14 13:12:37.151437,3652.49,in,card_purchase,US,USD
TXN-00001954,SIG-00208,2024-11-28 19:56:15.923230,431.87,in,payment,US,USD
TXN-00002313,SIG-00253,2024-01-23 02:23:46.563849,272.24,in,payment,US,USD
TXN-00010191,SIG-01123,2024-02-09 17:03:46.205629,1037.32,in,fx_exchange,US,USD
TXN-00003920,SIG-00436,2024-03-07 09:23:59.606253,1012.67,out,bill_pay,US,USD
TXN-00008765,SIG-00971,2024-11-01 12:14:25.773907,2776.11,out,refund,AE,EUR
TXN-00001852,SIG-00199,2024-08-07 11:14:42.180877,1214.8,in,transfer,US,USD
TXN-00004542,SIG-00505,2024-08-17 21:22:02.051807,974.09,in,refund,US,USD
TXN-00000800,SIG-00083,2024-11-22 13:34:37.962691,974.01,in,card_purchase,US,USD
TXN-00007304,SIG-00815,2024-05-11 16:01:11.797357,728.34,out,card_purchase,US,USD
TXN-00010555,SIG-01165,2024-04-15 01:06:11.959600,1335.17,in,transfer,NG,EUR
TXN-00005501,SIG-00614,2024-11-05 07:23:35.486829,236.96,in,fx_exchange,RU,GBP
TXN-00010044,SIG-01107,2024-04-17 23:49:53.734730,253.1,in,withdrawal,US,USD
TXN-00007812,SIG-00867,2024-06-11 10:07:42.416448,551.35,in,payment,US,USD
TXN-00001211,SIG-00128,2024-08-28 06:00:59.201521,267.9,in,payment,US,USD
TXN-00001936,SIG-00207,2024-10-01 13:35:57.632958,11746.75,out,wire,US,USD
TXN-00003354,SIG-00372,2024-03-07 11:51:28.367041,18553.5,in,withdrawal,US,USD
TXN-00002031,SIG-00219,2024-08-25 01:24:56.988140,832.35,in,deposit,US,USD
TXN-00005004,SIG-00560,2024-07-17 01:03:38.863394,3723.8,out,withdrawal,RU,GBP
TXN-00003899,SIG-00433,2024-01-15 18:21:38.606376,254.54,out,bill_pay,US,USD
TXN-00005574,SIG-00622,2024-05-17 13:22:32.722308,1558.39,out,deposit,US,USD
TXN-00007746,SIG-00861,2024-05-02 00:50:30.145906,448.02,out,bill_pay,US,USD
TXN-00002099,SIG-00228,2024-04-12 17:08:17.248828,2747.16,out,payment,US,USD
TXN-00004688,SIG-00521,2024-10-18 09:12:55.297644,779.32,in,payment,US,USD
TXN-00001189,SIG-00126,2024-06-26 13:34:30.227984,1464.77,out,deposit,TR,USD
TXN-00010666,SIG-01178,2024-03-02 03:28:57.456438,6709.71,in,payment,US,USD
TXN-00007210,SIG-00807,2024-09-03 19:45:58.393397,1237.89,out,withdrawal,US,USD
TXN-00005823,SIG-00652,2024-04-15 03:06:14.447965,14074.57,in,payment,US,USD
TXN-00005128,SIG-00571,2024-10-14 17:10:47.118077,915.0,out,wire,US,USD
TXN-00000587,SIG-00059,2024-01-30 21:15:53.872009,11770.86,out,card_purchase,US,USD
TXN-00004158,SIG-00462,2024-02-26 18:18:47.923378,378.35,in,deposit,US,USD
TXN-00004344,SIG-00480,2024-12-22 12:03:57.674785,329.38,in,payment,US,USD
TXN-00003567,SIG-00397,2024-07-25 23:03:42.942194,1309.25,in,payment,KY,USD
TXN-00006793,SIG-00759,2024-05-28 08:40:36.044279,528.66,in,atm_withdrawal,US,USD
TXN-00004846,SIG-00541,2024-06-23 11:01:38.385766,530.27,out,atm_withdrawal,UA,GBP
TXN-00002466,SIG-00270,2024-02-02 03:38:33.472482,5724.08,out,withdrawal,US,USD
TXN-00010106,SIG-01115,2024-02-14 18:42:09.869477,2025.47,in,fx_exchange,US,USD
TXN-00003326,SIG-00369,2024-06-18 02:18:35.929355,3400.86,out,payment,US,USD
TXN-00009819,SIG-01084,2024-03-28 18:48:48.826074,3649.34,in,payment,US,USD
TXN-00001741,SIG-00189,2024-01-28 09:37:57.826868,3553.64,out,withdrawal,NG,GBP
TXN-00007755,SIG-00863,2024-09-05 07:03:47.110643,762.01,out,payment,UA,CHF
TXN-00005943,SIG-00663,2024-06-08 14:09:29.977544,3921.72,out,deposit,US,USD
TXN-00005235,SIG-00582,2024-04-30 16:25:03.752282,771.25,in,refund,US,USD
TXN-00009929,SIG-01098,2024-11-25 01:13:05.268136,516.94,in,payment,US,USD
TXN-00009219,SIG-01021,2024-11-12 08:07:28.820948,566.76,out,transfer,US,USD
TXN-00000024,SIG-00003,2024-02-04 10:51:10.175181,516.58,out,payment,US,USD
TXN-00008787,SIG-00973,2024-08-19 04:49:11.190241,619.29,out,fx_exchange,US,USD
TXN-00009427,SIG-01039,2024-05-28 05:47:26.399140,976.64,out,payment,US,USD
TXN-00010458,SIG-01156,2024-05-15 04:14:44.921320,748.14,out,payment,US,USD
TXN-00006984,SIG-00783,2024-06-27 17:29:07.734567,12703.78,out,card_purchase,US,USD
TXN-00009553,SIG-01055,2024-07-16 10:01:39.529407,269.6,in,fx_exchange,US,USD
TXN-00005267,SIG-00588,2024-10-20 12:50:45.689902,2382.83,in,card_purchase,US,USD
TXN-00002240,SIG-00246,2024-05-28 08:16:52.532682,7688.42,in,deposit,US,USD
TXN-00008822,SIG-00976,2024-11-18 08:33:41.522128,2921.4,in,wire,US,USD
TXN-00009666,SIG-01068,2024-03-11 11:12:25.565903,38485.29,out,transfer,TR,GBP
TXN-00004386,SIG-00485,2024-07-22 15:20:38.311935,913.18,out,transfer,UA,GBP
TXN-00001428,SIG-00155,2024-09-10 19:57:32.847444,3507.8,in,transfer,KY,GBP
TXN-00000790,SIG-00083,2024-11-03 09:48:30.340972,632.59,out,transfer,NG,CHF
TXN-00002426,SIG-00266,2024-10-14 11:29:25.770697,1306.6,out,refund,US,USD
TXN-00001348,SIG-00142,2024-11-17 09:19:46.773849,1094.81,in,fx_exchange,NG,EUR
TXN-00003653,SIG-00406,2024-07-04 23:37:54.472963,288.19,in,card_purchase,US,USD
TXN-00008082,SIG-00894,2024-01-17 05:56:19.269695,177.62,out,wire,US,USD
TXN-00007261,SIG-00813,2024-12-21 19:14:03.911460,170.77,out,withdrawal,US,USD
TXN-00005523,SIG-00616,2024-09-15 02:17:55.811078,1656.37,in,card_purchase,US,USD
TXN-00008533,SIG-00944,2024-10-12 09:28:21.274143,524.61,in,card_purchase,US,USD
TXN-00006667,SIG-00745,2024-10-10 14:38:17.741048,1360.86,in,payment,US,USD
TXN-00010887,SIG-01200,2024-05-12 21:58:54.321296,434.2,in,card_purchase,US,USD
TXN-00006483,SIG-00728,2024-10-31 10:56:17.603805,239.55,in,card_purchase,US,USD
TXN-00005174,SIG-00575,2024-05-09 21:28:52.078968,6719.47,out,fx_exchange,UA,EUR
TXN-00008860,SIG-00980,2024-04-13 15:33:42.679150,656.7,out,payment,US,USD
TXN-00007021,SIG-00786,2024-05-13 05:15:14.438950,9298.3,out,payment,US,USD
TXN-00001419,SIG-00153,2024-03-23 17:05:35.894332,512.96,in,atm_withdrawal,NG,CHF
TXN-00008414,SIG-00930,2024-10-10 03:09:05.305056,2417.63,out,withdrawal,NG,EUR
TXN-00005236,SIG-00583,2024-02-06 20:35:18.079054,393.33,out,payment,US,USD
TXN-00000606,SIG-00061,2024-04-03 06:27:52.967018,938.06,out,deposit,US,USD
TXN-00008984,SIG-00995,2024-02-02 14:53:52.616443,1803.34,out,transfer,RU,JPY
TXN-00003296,SIG-00365,2024-08-05 18:14:14.659488,302.39,out,deposit,BR,EUR
TXN-00010408,SIG-01149,2024-04-09 17:16:48.381915,1813.56,in,payment,US,USD
TXN-00000994,SIG-00103,2024-10-15 11:41:07.392433,390.08,out,bill_pay,US,USD
TXN-00004756,SIG-00531,2024-05-14 17:24:02.127997,1927.28,in,refund,US,USD
TXN-00005654,SIG-00632,2024-04-19 19:35:09.785843,1461.41,out,deposit,US,USD
TXN-00005360,SIG-00599,2024-01-10 03:52:42.460464,3878.98,in,bill_pay,US,USD
TXN-00010546,SIG-01164,2024-07-21 07:51:11.114469,1326.23,in,payment,US,USD
TXN-00009474,SIG-01046,2024-01-29 12:01:17.065344,2623.71,out,wire,US,USD
TXN-00009373,SIG-01034,2023-11-27 06:17:20.418924,189.7,out,transfer,US,USD
TXN-00007798,SIG-00866,2024-08-30 03:47:07.881930,2699.39,out,transfer,US,USD
TXN-00007961,SIG-00882,2024-06-11 12:43:30.858701,170.03,in,deposit,US,USD
TXN-00004075,SIG-00454,2024-07-25 07:00:49.948691,1809.91,in,fx_exchange,US,USD
TXN-00001972,SIG-00211,2024-10-25 11:01:42.437134,264.11,in,payment,US,USD
TXN-00010832,SIG-01195,2024-05-01 14:57:21.573529,3073.56,out,bill_pay,UA,JPY
TXN-00003746,SIG-00416,2024-09-24 19:18:00.443113,277.91,in,atm_withdrawal,US,USD
TXN-00010213,SIG-01126,2024-04-07 11:35:37.509393,3326.76,out,payment,PA,USD
TXN-00006197,SIG-00695,2024-12-20 18:46:42.064856,8723.67,in,card_purchase,CN,EUR
TXN-00005398,SIG-00603,2024-02-10 02:06:18.791361,1762.87,out,card_purchase,US,USD
TXN-00003934,SIG-00438,2024-05-22 12:50:23.344021,65163.94,in,wire,KY,EUR
TXN-00009566,SIG-01057,2023-12-30 18:38:09.182968,450.84,out,card_purchase,US,USD
TXN-00007984,SIG-00883,2023-12-15 10:52:55.572903,317.41,in,deposit,US,USD
TXN-00007869,SIG-00874,2024-12-12 10:06:38.200240,526.35,in,payment,US,USD
TXN-00003400,SIG-00377,2024-08-16 23:20:00.928155,860.82,out,card_purchase,US,USD
TXN-00009256,SIG-01025,2024-07-03 10:46:38.190504,441.12,in,atm_withdrawal,US,USD
TXN-00008679,SIG-00961,2024-01-09 00:23:56.686434,573.63,in,bill_pay,US,USD
TXN-00009489,SIG-01046,2024-01-27 10:14:11.201049,2372.13,in,wire,US,USD
TXN-00007782,SIG-00865,2024-02-26 10:00:03.542326,342.38,in,transfer,US,USD
TXN-00006755,SIG-00755,2024-08-24 21:06:39.866748,6138.15,out,deposit,US,USD
TXN-00010657,SIG-01177,2024-06-15 06:37:31.240881,501.95,out,card_purchase,US,USD
TXN-00010505,SIG-01159,2024-11-18 19:51:46.906114,7626.71,out,transfer,RU,CHF
TXN-00004100,SIG-00457,2024-03-06 17:39:41.221780,158.97,in,card_purchase,CN,EUR
TXN-00001254,SIG-00133,2023-12-10 11:31:40.782161,6020.71,in,wire,AE,GBP
TXN-00004047,SIG-00451,2024-04-22 15:27:14.626763,942.3,in,payment,US,USD
TXN-00008697,SIG-00963,2024-06-07 03:51:27.532552,573.37,in,payment,US,USD
TXN-00005522,SIG-00616,2024-09-12 15:57:21.139970,1456.7,in,fx_exchange,US,USD
TXN-00010074,SIG-01110,2024-01-10 18:40:52.386447,2183.68,in,payment,US,USD
TXN-00008286,SIG-00915,2024-11-30 06:04:31.181583,1202.72,in,card_purchase,US,USD
TXN-00001311,SIG-00138,2024-08-06 10:06:03.263372,6378.82,out,deposit,US,USD
TXN-00002175,SIG-00239,2024-05-02 02:25:10.922212,448.76,in,card_purchase,PA,GBP
TXN-00002393,SIG-00261,2024-04-12 14:39:18.339353,3574.61,in,fx_exchange,TR,EUR
TXN-00008495,SIG-00941,2024-01-17 14:16:15.113177,1133.09,out,deposit,US,USD
TXN-00009674,SIG-01069,2024-10-09 00:52:03.673602,2048.47,in,withdrawal,US,USD
TXN-00005273,SIG-00589,2024-08-13 06:08:35.138147,551.57,in,deposit,US,USD
TXN-00007956,SIG-00882,2024-06-10 08:13:46.204514,143.45,in,atm_withdrawal,US,USD
TXN-00008147,SIG-00900,2024-08-01 14:10:18.872938,121.38,out,deposit,NG,JPY
TXN-00007799,SIG-00866,2024-08-19 01:16:37.090194,899.48,in,deposit,US,USD
TXN-00002341,SIG-00256,2024-07-28 19:25:52.428850,355.29,out,refund,US,USD
TXN-00007111,SIG-00794,2024-07-19 17:48:38.452983,14015.42,out,transfer,US,USD
TXN-00005728,SIG-00641,2024-10-05 09:14:02.224648,6572.46,in,fx_exchange,US,USD
TXN-00001316,SIG-00138,2024-08-05 02:49:21.855933,1086.8,in,refund,KY,USD
TXN-00004221,SIG-00468,2024-07-28 19:10:38.442100,685.31,out,fx_exchange,US,USD
TXN-00004534,SIG-00505,2024-08-13 14:23:54.625489,873.11,in,atm_withdrawal,PA,JPY
TXN-00002710,SIG-00297,2024-01-09 13:10:41.408335,572.81,in,payment,US,USD
TXN-00003461,SIG-00386,2024-05-13 21:24:31.413480,353.17,out,payment,US,USD
TXN-00004004,SIG-00446,2024-01-05 00:06:46.383778,548.23,in,deposit,US,USD
TXN-00000268,SIG-00027,2024-11-29 00:23:59.656200,829.4,in,atm_withdrawal,US,USD
TXN-00009177,SIG-01017,2024-11-13 00:45:37.246764,93.18,out,transfer,US,USD
TXN-00001958,SIG-00209,2024-08-01 06:53:28.646484,12135.91,out,card_purchase,US,USD
TXN-00000716,SIG-00075,2024-04-10 20:37:45.522343,2217.22,in,payment,US,USD
TXN-00007933,SIG-00880,2024-05-13 05:01:25.527109,585.25,out,withdrawal,US,USD
TXN-00004442,SIG-00493,2024-03-23 02:56:40.713778,474.02,in,card_purchase,US,USD
TXN-00008696,SIG-00962,2024-08-04 16:19:00.021144,5507.34,in,refund,CN,EUR
TXN-00001340,SIG-00141,2024-08-14 20:45:31.262406,1216.58,out,card_purchase,US,USD
TXN-00009911,SIG-01096,2024-04-06 21:38:18.012454,391.28,in,bill_pay,US,USD
TXN-00007417,SIG-00828,2024-03-19 20:07:53.962747,9419.83,out,withdrawal,US,USD
TXN-00000739,SIG-00078,2024-08-11 08:29:08.145147,3425.77,in,withdrawal,US,USD
TXN-00009626,SIG-01064,2024-04-10 23:31:12.710180,508.1,in,deposit,US,USD
TXN-00000966,SIG-00100,2024-07-26 09:56:44.727016,395.14,out,atm_withdrawal,US,USD
TXN-00000253,SIG-00025,2023-12-27 10:52:47.744236,170.83,in,bill_pay,US,USD
TXN-00010013,SIG-01106,2024-01-08 22:21:56.010616,1147.17,in,refund,US,USD
TXN-00006067,SIG-00681,2024-10-17 01:13:29.444733,555.53,out,payment,US,USD
TXN-00004302,SIG-00477,2024-10-09 20:16:11.953119,21902.59,in,withdrawal,AE,EUR
TXN-00000051,SIG-00006,2024-06-12 23:38:25.902529,37.11,out,deposit,AE,USD
TXN-00005205,SIG-00577,2024-06-02 13:11:13.554524,973.96,out,withdrawal,TR,USD
TXN-00002056,SIG-00223,2024-05-10 18:45:28.272264,5024.62,out,bill_pay,TR,JPY
TXN-00005546,SIG-00618,2024-09-26 02:03:04.779186,868.83,out,fx_exchange,US,USD
TXN-00001689,SIG-00184,2024-01-30 01:02:51.625069,1891.07,in,payment,US,USD
TXN-00001624,SIG-00175,2023-12-25 13:20:32.273382,440.29,in,card_purchase,US,USD
TXN-00000873,SIG-00090,2024-04-24 22:16:31.116882,529.8,out,card_purchase,US,USD
TXN-00009422,SIG-01039,2024-06-25 00:38:38.621039,2979.07,in,card_purchase,US,USD
TXN-00004025,SIG-00449,2024-10-18 18:43:17.353291,1776.45,in,refund,US,USD
TXN-00007009,SIG-00785,2024-07-01 16:41:50.210715,600.62,in,withdrawal,KY,CHF
TXN-00002493,SIG-00272,2024-08-12 22:38:58.275203,4418.19,out,deposit,US,USD
TXN-00010265,SIG-01133,2024-03-05 08:59:45.451511,3865.19,in,transfer,US,USD
TXN-00003234,SIG-00359,2024-07-09 23:38:57.401295,464.17,in,transfer,PA,JPY
TXN-00003446,SIG-00384,2024-10-28 12:56:02.876268,233.19,out,transfer,US,USD
TXN-00000249,SIG-00024,2024-02-11 23:45:27.612013,7878.8,in,bill_pay,PA,EUR
TXN-00003959,SIG-00441,2024-08-04 14:59:40.235302,1725.98,out,card_purchase,AE,GBP
TXN-00006726,SIG-00752,2024-09-19 03:45:34.635297,1151.55,in,transfer,NG,USD
TXN-00008678,SIG-00961,2023-12-30 05:18:48.527963,1478.17,in,deposit,US,USD
TXN-00003044,SIG-00338,2024-03-05 15:54:18.327753,257.87,in,wire,KY,JPY
TXN-00000555,SIG-00056,2024-02-03 13:22:25.204034,2999.41,in,deposit,US,USD
TXN-00000972,SIG-00101,2024-10-04 02:49:10.012172,869.72,in,bill_pay,US,USD
TXN-00003681,SIG-00409,2024-11-04 20:08:52.499993,1620.34,out,deposit,US,USD
TXN-00007149,SIG-00799,2024-04-12 02:35:49.518642,7031.41,in,payment,US,USD
TXN-00003890,SIG-00431,2024-10-06 11:04:15.138010,581.15,out,card_purchase,US,USD
TXN-00006018,SIG-00673,2024-05-02 15:46:33.115554,1856.88,in,wire,US,USD
TXN-00007620,SIG-00850,2024-06-07 12:10:51.849187,5300.97,in,deposit,US,USD
TXN-00002992,SIG-00333,2024-07-09 23:27:16.930305,3533.12,in,wire,NG,JPY
TXN-00006930,SIG-00775,2024-09-24 02:13:27.692657,5949.08,out,refund,US,USD
TXN-00002389,SIG-00261,2024-04-30 09:54:15.699657,7954.19,out,transfer,BR,JPY
TXN-00003528,SIG-00393,2024-07-30 07:18:35.941566,519.03,out,withdrawal,US,USD
TXN-00008500,SIG-00941,2024-01-31 04:22:48.687727,180.19,out,payment,AE,CHF
TXN-00010685,SIG-01180,2024-07-30 23:43:46.832363,418.8,out,withdrawal,AE,JPY
TXN-00000448,SIG-00044,2024-07-15 15:16:50.464841,177.63,in,payment,BR,EUR
TXN-00004962,SIG-00553,2024-09-10 20:50:05.528181,4353.82,in,fx_exchange,US,USD
TXN-00005423,SIG-00605,2024-06-23 11:05:48.266183,199.77,out,transfer,US,USD
TXN-00000057,SIG-00006,2024-05-24 10:48:59.296346,878.08,out,card_purchase,US,USD
TXN-00007927,SIG-00879,2024-03-21 23:11:46.383245,1700.26,in,withdrawal,US,USD
TXN-00010501,SIG-01159,2024-11-16 06:58:02.816299,1921.23,out,deposit,US,USD
TXN-00005639,SIG-00629,2024-04-02 21:43:13.791788,1286.59,out,payment,US,USD
TXN-00002679,SIG-00294,2024-09-09 20:48:18.849755,350.24,in,transfer,US,USD
TXN-00005372,SIG-00599,2024-01-21 10:48:00.863343,20140.4,in,deposit,US,USD
TXN-00000477,SIG-00049,2024-06-02 12:47:49.743541,824.38,in,withdrawal,US,USD
TXN-00010691,SIG-01181,2024-02-27 17:14:00.066418,286.09,out,payment,IN,USD
TXN-00007310,SIG-00816,2024-08-15 13:15:10.712300,1713.72,in,payment,US,USD
TXN-00005729,SIG-00641,2024-09-22 09:30:29.192026,2926.35,out,refund,US,USD
TXN-00000462,SIG-00047,2024-02-02 07:45:12.821280,1202.98,in,refund,US,USD
TXN-00004902,SIG-00546,2024-06-26 06:56:43.291188,7044.23,in,wire,US,USD
TXN-00004636,SIG-00515,2024-11-25 08:04:06.349119,116.59,out,fx_exchange,US,USD
TXN-00005946,SIG-00664,2024-01-20 14:20:59.736090,866.08,out,card_purchase,US,USD
TXN-00009940,SIG-01099,2024-04-25 22:22:56.593905,2925.59,in,transfer,US,USD
TXN-00003306,SIG-00367,2024-10-16 21:27:43.297405,438.35,out,atm_withdrawal,US,USD
TXN-00004935,SIG-00551,2024-02-06 02:17:24.869569,751.55,in,deposit,IN,USD
TXN-00006941,SIG-00775,2024-09-22 01:37:49.164563,1384.36,out,transfer,IN,JPY
TXN-00000751,SIG-00078,2024-08-13 03:52:25.766677,165.18,out,withdrawal,RU,USD
TXN-00010212,SIG-01126,2024-04-19 01:48:39.267705,7193.17,in,atm_withdrawal,US,USD
TXN-00001176,SIG-00124,2024-05-20 15:45:58.954878,660.5,out,card_purchase,US,USD
TXN-00003860,SIG-00428,2024-05-16 09:10:41.037533,6367.6,in,fx_exchange,US,USD
TXN-00010728,SIG-01185,2024-09-03 08:53:06.381505,904.03,in,withdrawal,US,USD
TXN-00000377,SIG-00038,2024-08-28 11:21:16.477964,138.44,in,card_purchase,US,USD
TXN-00004986,SIG-00557,2024-11-17 05:03:44.943980,2843.34,in,transfer,US,USD
TXN-00008004,SIG-00886,2024-10-27 14:27:44.741406,1151.95,in,withdrawal,US,USD
TXN-00003038,SIG-00338,2024-03-07 19:33:33.603101,10321.77,in,card_purchase,US,USD
TXN-00010883,SIG-01200,2024-05-10 18:03:55.486825,1688.28,in,refund,US,USD
TXN-00004310,SIG-00477,2024-10-02 17:46:58.506677,7832.26,in,withdrawal,US,USD
TXN-00010616,SIG-01172,2024-04-08 11:51:09.523768,525.83,out,deposit,US,USD
TXN-00007239,SIG-00811,2024-12-02 04:54:59.800620,450.11,out,fx_exchange,BR,USD
TXN-00006735,SIG-00752,2024-09-15 06:15:09.239816,5261.94,in,fx_exchange,US,USD
TXN-00010485,SIG-01158,2024-02-07 06:45:55.198242,7492.81,in,withdrawal,US,USD
TXN-00010407,SIG-01149,2024-05-14 16:20:16.779692,392.69,out,wire,US,USD
TXN-00010388,SIG-01148,2024-07-23 19:26:08.244391,4166.3,out,bill_pay,US,USD
TXN-00009887,SIG-01093,2024-08-23 01:31:03.553087,4503.71,out,card_purchase,US,USD
TXN-00003161,SIG-00353,2024-06-27 08:15:44.052053,1020.86,out,payment,US,USD
TXN-00006891,SIG-00771,2024-10-09 15:05:04.486259,378.12,in,card_purchase,US,USD
TXN-00004333,SIG-00479,2024-02-13 10:02:29.962245,745.08,out,payment,NG,EUR
TXN-00004027,SIG-00449,2024-10-24 23:13:57.752326,564.97,in,withdrawal,US,USD
TXN-00000228,SIG-00021,2024-10-07 18:03:38.237030,3218.2,out,card_purchase,US,USD
TXN-00004550,SIG-00506,2024-01-11 11:41:48.933791,408.92,out,refund,US,USD
TXN-00004337,SIG-00479,2024-02-13 06:07:51.070677,43.6,in,bill_pay,US,USD
TXN-00001509,SIG-00162,2024-10-22 05:04:55.650085,1229.35,in,card_purchase,US,USD
TXN-00006867,SIG-00768,2024-09-24 19:52:31.354859,173.69,out,deposit,US,USD
TXN-00010545,SIG-01164,2024-08-23 12:02:06.578929,58.51,in,payment,US,USD
TXN-00001685,SIG-00184,2024-01-31 00:47:11.206378,1025.02,in,wire,US,USD
TXN-00000500,SIG-00051,2024-07-22 02:49:07.566659,19086.81,out,deposit,CN,JPY
TXN-00005582,SIG-00623,2023-12-18 19:14:58.227402,603.78,in,deposit,PA,CHF
TXN-00006815,SIG-00761,2024-12-10 17:40:39.412796,3107.95,in,transfer,CN,EUR
TXN-00001878,SIG-00202,2024-02-17 20:33:31.285055,694.95,in,payment,US,USD
TXN-00003317,SIG-00369,2024-06-20 21:34:14.696489,748.95,in,deposit,US,USD
TXN-00000514,SIG-00051,2024-07-25 00:11:41.750139,2675.22,out,deposit,TR,JPY
TXN-00005400,SIG-00603,2024-02-08 10:35:00.303280,1746.44,out,wire,US,USD
TXN-00002246,SIG-00247,2024-05-23 16:33:48.524223,3345.21,in,card_purchase,US,USD
TXN-00006562,SIG-00734,2024-02-23 04:49:04.853674,450.68,in,wire,US,USD
TXN-00009877,SIG-01092,2024-05-02 14:16:48.059239,2460.18,out,payment,US,USD
TXN-00004574,SIG-00508,2024-03-10 00:45:38.108562,1180.77,in,deposit,US,USD
TXN-00000475,SIG-00049,2024-06-05 03:46:32.722377,20769.12,in,wire,UA,JPY
TXN-00009080,SIG-01007,2024-04-30 08:57:20.041754,1354.3,in,atm_withdrawal,AE,JPY
TXN-00007378,SIG-00822,2024-08-04 09:02:36.864119,9583.03,out,transfer,IN,USD
TXN-00005796,SIG-00650,2024-05-24 06:01:51.679310,1196.86,out,card_purchase,US,USD
TXN-00010588,SIG-01169,2024-06-27 00:40:49.315674,694.27,in,bill_pay,PA,CHF
TXN-00000481,SIG-00049,2024-06-12 05:49:16.224642,85.54,in,bill_pay,US,USD
TXN-00009850,SIG-01088,2024-05-20 22:01:41.075522,2566.09,out,wire,US,USD
TXN-00010826,SIG-01194,2024-07-02 02:32:44.835079,878.82,in,card_purchase,NG,EUR
TXN-00006879,SIG-00769,2024-11-23 13:42:07.670625,25122.7,out,payment,TR,CHF
TXN-00007385,SIG-00823,2024-04-27 21:12:24.897135,2576.87,out,payment,AE,USD
TXN-00009457,SIG-01044,2023-12-26 22:22:48.746075,786.53,out,wire,US,USD
TXN-00004825,SIG-00539,2024-03-02 17:52:03.704034,2336.15,out,transfer,US,USD
TXN-00007889,SIG-00875,2024-03-16 06:49:29.461381,702.99,in,transfer,US,USD
TXN-00009901,SIG-01094,2024-03-03 21:15:51.113912,475.43,out,atm_withdrawal,US,USD
TXN-00001350,SIG-00142,2024-11-26 02:11:41.736281,742.82,out,deposit,US,USD
TXN-00002338,SIG-00256,2024-07-23 09:27:21.455933,588.98,in,wire,UA,GBP
TXN-00002155,SIG-00236,2024-09-02 21:26:05.758893,1041.96,out,bill_pay,US,USD
TXN-00008574,SIG-00949,2024-06-28 08:48:06.085263,3167.6,in,wire,TR,GBP
TXN-00008986,SIG-00996,2024-11-21 13:51:27.716128,2386.34,in,card_purchase,US,USD
TXN-00002847,SIG-00315,2024-03-30 02:23:44.024690,408.07,in,payment,US,USD
TXN-00001607,SIG-00173,2024-04-03 21:01:52.673117,276.23,out,card_purchase,US,USD
TXN-00004041,SIG-00450,2024-03-09 22:03:19.779804,1117.14,in,withdrawal,US,USD
TXN-00009862,SIG-01090,2024-06-25 08:27:03.187378,350.76,in,card_purchase,US,USD
TXN-00003949,SIG-00441,2024-08-06 02:38:42.230978,556.61,out,refund,US,USD
TXN-00001447,SIG-00157,2024-03-04 22:47:21.011440,1632.98,out,payment,US,USD
TXN-00004583,SIG-00509,2024-09-14 17:15:25.494739,296.84,out,transfer,US,USD
TXN-00001021,SIG-00106,2023-12-18 11:33:25.671112,8084.7,in,transfer,US,USD
TXN-00000706,SIG-00074,2024-01-03 01:02:43.839383,693.85,in,card_purchase,UA,CHF
TXN-00005697,SIG-00637,2024-06-07 14:39:17.320130,1551.18,in,withdrawal,US,USD
TXN-00001867,SIG-00201,2024-12-17 04:48:50.735804,1094.64,out,wire,US,USD
TXN-00002460,SIG-00270,2024-02-06 16:53:06.330524,1065.86,out,wire,US,USD
TXN-00002848,SIG-00315,2024-04-24 03:58:16.582170,388.67,in,withdrawal,US,USD
TXN-00008828,SIG-00977,2024-07-14 18:48:53.158513,449.14,in,withdrawal,US,USD
TXN-00001922,SIG-00206,2024-04-14 00:07:28.212835,663.88,in,card_purchase,US,USD
TXN-00010854,SIG-01197,2024-07-17 09:50:39.765687,3037.11,in,deposit,US,USD
TXN-00005072,SIG-00566,2024-02-09 23:57:01.231515,2661.85,out,transfer,US,USD
TXN-00010080,SIG-01111,2024-08-07 19:30:08.207044,2228.19,in,refund,US,USD
TXN-00004056,SIG-00452,2024-06-03 10:04:40.313988,2385.97,in,payment,US,USD
TXN-00009501,SIG-01048,2024-01-09 17:03:46.952798,1356.55,in,wire,US,USD
TXN-00003886,SIG-00430,2024-08-22 11:32:32.727608,2534.67,out,bill_pay,US,USD
TXN-00002026,SIG-00219,2024-08-29 00:32:36.795108,1253.91,out,deposit,US,USD
TXN-00000595,SIG-00060,2024-11-17 13:31:56.320381,2727.99,in,atm_withdrawal,US,USD
TXN-00001559,SIG-00168,2024-10-27 09:53:13.096888,1886.27,out,card_purchase,US,USD
TXN-00009325,SIG-01031,2024-06-12 16:50:23.825384,4693.46,in,card_purchase,US,USD
TXN-00007020,SIG-00786,2024-05-25 21:39:32.126251,4677.4,out,deposit,US,USD
TXN-00004990,SIG-00558,2024-10-30 16:16:53.444964,230.84,out,card_purchase,US,USD
TXN-00002059,SIG-00223,2024-04-29 12:42:12.258610,2618.83,in,deposit,US,USD
TXN-00003470,SIG-00387,2024-05-19 06:20:29.986851,1309.41,in,withdrawal,US,USD
TXN-00005031,SIG-00561,2024-10-26 16:59:52.031788,286.06,in,bill_pay,US,USD
TXN-00005713,SIG-00638,2024-12-02 02:07:59.099562,1996.81,in,card_purchase,US,USD
TXN-00004066,SIG-00453,2024-11-04 18:19:00.695892,424.2,out,fx_exchange,US,USD
TXN-00004421,SIG-00490,2024-11-09 15:35:15.133273,6661.01,in,deposit,US,USD
TXN-00005839,SIG-00654,2024-09-28 14:50:45.911149,134.01,in,bill_pay,US,USD
TXN-00009575,SIG-01059,2024-06-09 19:00:31.735038,342.42,in,transfer,US,USD
TXN-00004303,SIG-00477,2024-10-17 17:44:45.476919,1654.16,in,fx_exchange,AE,CHF
TXN-00008601,SIG-00952,2024-04-22 09:19:35.534558,1420.07,out,atm_withdrawal,US,USD
TXN-00000293,SIG-00031,2024-03-16 23:04:35.954576,321.4,out,deposit,PA,USD
TXN-00010553,SIG-01165,2024-04-25 21:26:19.309951,5909.02,in,transfer,US,USD
TXN-00004090,SIG-00455,2024-11-03 00:28:39.722573,654.72,in,payment,US,USD
TXN-00003288,SIG-00364,2024-01-06 15:37:36.377339,144.17,out,withdrawal,US,USD
TXN-00007750,SIG-00862,2024-10-15 14:36:31.406166,195.22,out,card_purchase,US,USD
TXN-00003791,SIG-00420,2024-12-07 20:34:56.179469,23303.15,in,card_purchase,US,USD
TXN-00004289,SIG-00476,2024-11-21 07:42:42.273586,86.44,out,deposit,US,USD
TXN-00001319,SIG-00139,2024-03-26 20:32:07.573967,2597.43,out,bill_pay,US,USD
TXN-00002875,SIG-00319,2024-11-09 03:58:33.086095,9276.94,in,payment,US,USD
TXN-00003134,SIG-00351,2024-01-09 17:34:09.608464,4381.71,in,atm_withdrawal,US,USD
TXN-00004072,SIG-00454,2024-07-11 21:10:50.094664,253.21,in,card_purchase,US,USD
TXN-00010807,SIG-01193,2024-06-09 04:39:17.973821,79.25,out,withdrawal,US,USD
TXN-00010051,SIG-01108,2023-12-10 20:47:15.643907,86.0,in,transfer,US,USD
TXN-00006221,SIG-00698,2024-01-25 22:06:33.938217,212.4,out,transfer,AE,CHF
TXN-00006195,SIG-00695,2024-12-21 05:29:34.407059,784.22,in,payment,US,USD
TXN-00006605,SIG-00740,2024-05-13 05:21:57.281314,97.93,in,transfer,US,USD
TXN-00005786,SIG-00649,2024-06-23 14:32:09.448504,2890.27,out,fx_exchange,BR,JPY
TXN-00004689,SIG-00521,2024-10-18 09:03:06.054915,223.99,out,payment,AE,USD
TXN-00003888,SIG-00430,2024-08-10 11:40:07.950439,1513.11,out,transfer,RU,CHF
TXN-00007365,SIG-00822,2024-08-03 04:04:57.996097,1431.25,in,payment,US,USD
TXN-00010818,SIG-01194,2024-06-28 06:49:03.681232,6322.06,out,atm_withdrawal,US,USD
TXN-00002465,SIG-00270,2024-02-03 22:07:54.163362,2610.9,out,withdrawal,US,USD
TXN-00006741,SIG-00753,2024-01-27 22:42:25.585628,555.69,out,bill_pay,US,USD
TXN-00010233,SIG-01128,2024-06-11 11:32:47.955204,11700.8,in,withdrawal,US,USD
TXN-00000838,SIG-00087,2024-03-13 23:07:19.208140,3389.7,out,payment,US,USD
TXN-00009708,SIG-01074,2024-12-18 10:09:48.848284,291.19,in,card_purchase,US,USD
TXN-00007845,SIG-00872,2024-09-16 16:37:05.289085,6893.01,out,withdrawal,US,USD
TXN-00004467,SIG-00495,2024-12-17 20:50:37.656668,1488.46,in,refund,US,USD
TXN-00002615,SIG-00287,2024-08-13 09:34:10.457735,1864.01,out,transfer,US,USD
TXN-00008799,SIG-00974,2024-01-29 20:22:07.035654,355.62,out,card_purchase,US,USD
TXN-00010465,SIG-01156,2024-06-08 02:24:35.904442,647.85,in,deposit,US,USD
TXN-00002524,SIG-00277,2024-03-19 14:37:01.378047,441.62,in,refund,US,USD
TXN-00003091,SIG-00345,2024-03-03 09:09:19.921986,87.34,in,fx_exchange,US,USD
TXN-00009085,SIG-01009,2024-09-02 21:02:04.686303,2940.45,in,card_purchase,PA,CHF
TXN-00000158,SIG-00017,2024-10-25 03:47:55.091592,3045.49,in,deposit,NG,EUR
TXN-00006943,SIG-00776,2024-03-08 13:35:11.073625,6469.49,in,wire,US,USD
TXN-00009616,SIG-01063,2024-08-19 22:32:19.237798,35499.05,in,wire,US,USD
TXN-00001442,SIG-00157,2024-03-18 04:23:15.359719,14347.23,in,deposit,NG,USD
TXN-00006030,SIG-00676,2024-03-15 00:41:11.271068,30073.17,out,refund,US,USD
TXN-00009101,SIG-01010,2024-08-20 05:17:07.420074,3434.82,out,deposit,US,USD
TXN-00008705,SIG-00963,2024-05-20 17:29:49.216631,702.63,in,card_purchase,US,USD
TXN-00007717,SIG-00859,2024-04-17 20:51:46.513210,4177.73,in,deposit,US,USD
TXN-00007524,SIG-00840,2024-04-05 07:42:22.741750,449.18,out,refund,US,USD
TXN-00008668,SIG-00960,2024-10-10 14:49:22.110390,377.19,out,atm_withdrawal,US,USD
TXN-00001964,SIG-00210,2024-11-20 18:22:06.230533,11827.46,out,card_purchase,KY,USD
TXN-00010565,SIG-01166,2024-09-29 13:20:02.341781,2464.57,out,wire,RU,CHF
TXN-00006504,SIG-00729,2024-03-05 23:44:08.972869,9916.64,out,card_purchase,US,USD
TXN-00006963,SIG-00778,2024-04-15 12:08:46.548365,2276.0,in,wire,US,USD
TXN-00007601,SIG-00849,2024-09-26 04:28:09.679541,10798.02,in,atm_withdrawal,UA,EUR
TXN-00009760,SIG-01081,2024-08-19 00:52:17.476571,6735.67,in,deposit,NG,JPY
TXN-00008702,SIG-00963,2024-05-30 18:19:04.361412,1052.59,in,payment,US,USD
TXN-00010059,SIG-01108,2023-12-09 05:24:53.187880,7967.06,in,withdrawal,US,USD
TXN-00001544,SIG-00166,2024-01-29 17:20:27.852804,3423.85,in,withdrawal,US,USD
TXN-00004963,SIG-00553,2024-08-28 07:21:45.011071,2532.51,in,deposit,US,USD
TXN-00006192,SIG-00695,2024-12-07 11:43:47.859347,69.98,in,withdrawal,US,USD
TXN-00008344,SIG-00921,2024-11-28 22:27:11.521387,18077.59,out,payment,US,USD
TXN-00008840,SIG-00977,2024-08-07 18:05:37.708571,210.46,out,payment,US,USD
TXN-00005804,SIG-00651,2024-02-06 09:44:12.343602,363.64,in,card_purchase,RU,USD
TXN-00008545,SIG-00946,2024-10-13 02:05:34.117076,3764.45,out,wire,TR,USD
TXN-00000604,SIG-00061,2024-03-15 09:01:46.747879,4186.74,out,card_purchase,US,USD
TXN-00002866,SIG-00318,2024-01-11 23:57:12.368719,350.08,out,wire,US,USD
TXN-00004327,SIG-00479,2024-02-12 04:10:18.058221,877.27,in,refund,US,USD
TXN-00000394,SIG-00040,2024-07-22 17:27:35.292692,10522.86,in,transfer,US,USD
TXN-00009977,SIG-01103,2024-04-03 17:19:12.581706,12446.93,in,card_purchase,US,USD
TXN-00006076,SIG-00682,2024-02-05 14:37:02.543566,2783.54,in,transfer,US,USD
TXN-00006084,SIG-00682,2024-02-14 09:34:54.528035,2146.86,in,transfer,US,USD
TXN-00004705,SIG-00523,2024-12-18 12:42:39.380317,1323.32,in,deposit,US,USD
TXN-00006111,SIG-00686,2024-10-27 15:17:08.333423,2801.59,out,wire,US,USD
TXN-00010820,SIG-01194,2024-06-28 00:18:22.688615,657.15,out,fx_exchange,TR,JPY
TXN-00002955,SIG-00328,2024-03-08 11:57:19.868001,775.27,out,card_purchase,US,USD
TXN-00008272,SIG-00913,2024-07-10 19:14:04.296596,929.84,in,card_purchase,PA,JPY
TXN-00008440,SIG-00934,2024-10-21 11:55:19.542703,2922.43,out,deposit,US,USD
TXN-00002993,SIG-00333,2024-07-15 09:00:31.087879,1216.9,out,wire,US,USD
TXN-00010039,SIG-01107,2024-04-04 19:45:15.985360,946.13,out,transfer,US,USD
TXN-00008438,SIG-00933,2024-09-17 00:14:00.082749,2963.19,out,card_purchase,US,USD
TXN-00006927,SIG-00774,2024-01-10 15:14:37.276686,3279.44,in,transfer,PA,GBP
TXN-00008184,SIG-00905,2023-11-28 00:17:58.866559,2440.34,in,card_purchase,AE,GBP
TXN-00002496,SIG-00273,2024-03-15 10:41:13.525029,2471.57,out,atm_withdrawal,PA,USD
TXN-00000402,SIG-00040,2024-07-27 19:16:10.366136,821.83,out,transfer,US,USD
TXN-00002255,SIG-00247,2024-05-22 12:25:16.925102,4754.42,in,refund,US,USD
TXN-00001632,SIG-00176,2024-01-01 02:01:47.503747,3882.06,in,atm_withdrawal,US,USD
TXN-00005134,SIG-00571,2024-09-30 10:18:16.834126,2261.89,in,deposit,US,USD
TXN-00009186,SIG-01017,2024-11-09 05:11:09.509595,748.67,in,deposit,US,USD
TXN-00005752,SIG-00645,2024-05-14 08:28:42.615506,638.16,out,fx_exchange,US,USD
TXN-00004430,SIG-00491,2024-07-10 07:12:08.108417,2834.92,out,withdrawal,US,USD
TXN-00008423,SIG-00932,2024-08-05 19:16:23.953793,1525.05,out,card_purchase,US,USD
TXN-00003622,SIG-00404,2024-12-11 03:21:09.379290,2311.72,in,deposit,US,USD
TXN-00006193,SIG-00695,2024-11-21 13:55:52.073633,11506.59,in,transfer,UA,JPY
TXN-00002754,SIG-00302,2023-12-21 17:16:38.188905,776.26,in,card_purchase,US,USD
TXN-00006430,SIG-00721,2024-03-04 06:38:33.256891,832.37,out,atm_withdrawal,AE,USD
TXN-00007941,SIG-00880,2024-05-23 22:37:34.362863,3009.06,out,transfer,US,USD
TXN-00004958,SIG-00553,2024-08-30 06:04:44.734986,5734.11,out,fx_exchange,TR,USD
TXN-00009859,SIG-01090,2024-07-01 13:10:03.622138,952.36,out,payment,US,USD
TXN-00002068,SIG-00225,2024-11-23 09:52:20.718344,5363.49,in,fx_exchange,US,USD
TXN-00004901,SIG-00546,2024-06-26 11:17:50.854646,2369.33,in,wire,US,USD
TXN-00001600,SIG-00173,2024-03-30 00:27:35.581005,1700.04,in,card_purchase,US,USD
TXN-00003885,SIG-00430,2024-08-17 10:06:01.014849,966.22,out,bill_pay,CN,EUR
TXN-00001386,SIG-00147,2024-10-10 02:56:43.040443,1705.79,in,atm_withdrawal,US,USD
TXN-00008332,SIG-00920,2024-11-19 06:43:29.676128,4033.19,in,fx_exchange,KY,JPY
TXN-00008948,SIG-00990,2024-01-27 19:39:17.845164,10093.2,out,fx_exchange,PA,JPY
TXN-00001406,SIG-00151,2024-09-14 07:12:29.496684,2043.89,in,payment,TR,CHF
TXN-00000810,SIG-00084,2024-10-09 12:37:54.117900,1884.59,in,withdrawal,PA,EUR
TXN-00002030,SIG-00219,2024-09-03 14:15:12.996688,544.6,out,card_purchase,US,USD
TXN-00004824,SIG-00539,2024-03-24 10:37:08.145480,680.77,in,deposit,US,USD
TXN-00009280,SIG-01027,2024-10-15 17:57:35.849126,3138.31,out,card_purchase,PA,JPY
TXN-00010788,SIG-01191,2024-03-24 23:32:49.215208,2494.26,in,atm_withdrawal,US,USD
TXN-00008512,SIG-00942,2024-05-19 07:57:35.789098,343.09,in,transfer,UA,EUR
TXN-00001703,SIG-00186,2024-11-03 08:52:19.638478,543.82,in,bill_pay,US,USD
TXN-00003146,SIG-00352,2024-10-29 14:17:50.131100,1775.47,out,transfer,US,USD
TXN-00008053,SIG-00892,2024-12-11 09:45:48.753126,7753.44,in,payment,TR,JPY
TXN-00002577,SIG-00282,2024-04-06 07:47:39.441721,732.32,in,refund,US,USD
TXN-00009602,SIG-01063,2024-08-09 06:45:36.500660,6893.73,in,payment,IN,USD
TXN-00007530,SIG-00840,2024-04-09 08:45:33.524296,1028.23,in,atm_withdrawal,PA,EUR
TXN-00004093,SIG-00456,2024-01-21 03:10:10.901770,2010.99,out,transfer,US,USD
TXN-00003974,SIG-00443,2023-12-30 03:42:43.621634,2691.42,out,transfer,US,USD
TXN-00001881,SIG-00202,2024-01-29 18:46:25.814416,510.66,out,deposit,PA,USD
TXN-00006383,SIG-00716,2024-10-24 00:57:56.540453,1100.52,out,transfer,US,USD
TXN-00004803,SIG-00537,2024-01-27 05:03:36.049437,622.29,in,wire,US,USD
TXN-00009438,SIG-01041,2024-09-06 01:35:25.693929,132.03,out,atm_withdrawal,US,USD
TXN-00006685,SIG-00747,2024-01-27 11:18:25.956144,267.01,in,refund,CN,GBP
TXN-00005585,SIG-00624,2024-07-18 09:56:58.362356,1623.25,out,payment,US,USD
TXN-00010355,SIG-01144,2024-09-13 05:47:05.049716,2368.89,out,payment,US,USD
TXN-00010113,SIG-01116,2024-11-30 08:38:34.295383,437.88,in,payment,US,USD
TXN-00007502,SIG-00838,2024-08-03 14:13:51.184934,2684.63,out,bill_pay,US,USD
TXN-00005066,SIG-00565,2024-02-22 20:45:28.611191,2111.19,out,transfer,US,USD
TXN-00005637,SIG-00629,2024-04-04 19:48:26.690678,2559.79,out,payment,US,USD
TXN-00001047,SIG-00109,2024-09-10 17:44:06.886387,428.53,in,payment,UA,USD
TXN-00005573,SIG-00622,2024-05-19 14:10:31.394698,937.83,out,payment,US,USD
TXN-00004722,SIG-00526,2024-07-19 22:00:08.127546,2676.6,out,wire,US,USD
TXN-00006426,SIG-00720,2024-04-25 02:09:43.549718,2482.2,out,bill_pay,US,USD
TXN-00001569,SIG-00170,2024-04-27 17:00:38.606944,2579.1,in,wire,US,USD
TXN-00000463,SIG-00047,2024-01-21 17:37:09.121074,456.28,out,deposit,US,USD
TXN-00000744,SIG-00078,2024-08-12 22:52:37.620220,763.34,out,atm_withdrawal,US,USD
TXN-00000223,SIG-00021,2024-10-02 04:04:13.777262,5078.67,out,transfer,NG,USD
TXN-00006476,SIG-00727,2024-08-09 17:54:39.473294,578.0,in,deposit,US,USD
TXN-00006401,SIG-00719,2024-05-01 09:18:00.202097,1575.72,in,card_purchase,US,USD
TXN-00002413,SIG-00264,2024-01-02 00:12:52.060151,2434.13,in,bill_pay,US,USD
TXN-00000626,SIG-00064,2024-09-16 18:44:39.233509,4260.38,in,card_purchase,TR,USD
TXN-00003023,SIG-00336,2024-10-25 23:31:27.559720,52.33,out,card_purchase,US,USD
TXN-00007681,SIG-00856,2024-10-08 14:56:40.496141,1650.51,out,card_purchase,AE,EUR
TXN-00002178,SIG-00240,2024-10-06 15:06:23.140732,634.06,out,card_purchase,US,USD
TXN-00006386,SIG-00716,2024-10-23 06:49:17.788607,1649.17,out,fx_exchange,CN,GBP
TXN-00004783,SIG-00534,2024-10-05 08:00:09.637009,4685.66,out,atm_withdrawal,US,USD
TXN-00005841,SIG-00654,2024-10-01 01:20:17.009718,157.38,in,card_purchase,UA,GBP
TXN-00003155,SIG-00353,2024-06-12 05:12:38.501115,1285.49,in,card_purchase,UA,EUR
TXN-00005769,SIG-00646,2024-04-29 13:58:24.782220,987.21,out,wire,US,USD
TXN-00004464,SIG-00494,2024-01-17 04:11:12.732575,1152.16,in,withdrawal,US,USD
TXN-00000354,SIG-00036,2024-07-04 05:59:16.892920,1919.37,in,wire,TR,USD
TXN-00003871,SIG-00429,2024-09-24 04:59:53.302298,1306.89,in,bill_pay,US,USD
TXN-00000457,SIG-00046,2024-06-07 19:34:01.915241,767.2,in,card_purchase,US,USD
TXN-00002610,SIG-00286,2024-10-23 05:24:50.469831,1941.45,in,deposit,US,USD
TXN-00008170,SIG-00903,2024-10-19 08:33:00.243725,4131.11,out,deposit,US,USD
TXN-00000240,SIG-00022,2024-12-14 04:41:13.214079,404.86,in,deposit,TR,EUR
TXN-00009759,SIG-01081,2024-08-17 11:23:14.431540,2799.51,out,payment,KY,USD
TXN-00009294,SIG-01029,2024-07-06 04:51:47.942941,271.73,in,withdrawal,AE,EUR
TXN-00004440,SIG-00492,2024-10-02 09:23:35.325263,529.18,out,withdrawal,US,USD
TXN-00007200,SIG-00807,2024-09-06 18:58:50.087493,573.75,in,atm_withdrawal,US,USD
TXN-00003695,SIG-00410,2024-01-17 04:59:43.895590,144.42,out,withdrawal,RU,EUR
TXN-00003185,SIG-00354,2024-08-21 21:38:55.381302,490.83,in,fx_exchange,RU,CHF
TXN-00001019,SIG-00106,2023-12-22 13:21:51.988004,761.58,in,payment,US,USD
TXN-00005771,SIG-00647,2024-07-04 21:53:27.324985,232.04,in,bill_pay,US,USD
TXN-00007394,SIG-00825,2024-07-15 10:56:13.870649,2277.98,in,withdrawal,US,USD
TXN-00001761,SIG-00191,2024-01-23 07:04:33.709100,1555.21,in,payment,US,USD
TXN-00004416,SIG-00490,2024-11-08 17:44:42.055871,13289.5,in,atm_withdrawal,US,USD
TXN-00009580,SIG-01060,2024-09-05 21:54:21.624505,244.12,out,payment,IN,CHF
TXN-00009257,SIG-01025,2024-07-15 08:49:31.660184,611.74,in,transfer,US,USD
TXN-00001104,SIG-00115,2024-05-08 03:50:40.438745,3955.8,out,bill_pay,US,USD
TXN-00008962,SIG-00992,2024-02-22 15:56:43.228627,1481.64,out,payment,US,USD
TXN-00002499,SIG-00273,2024-03-21 01:20:04.569108,391.18,out,payment,US,USD
TXN-00002914,SIG-00323,2024-09-10 02:18:45.670469,328.81,out,transfer,US,USD
TXN-00009015,SIG-01000,2024-03-03 08:38:49.664063,2275.42,out,payment,US,USD
TXN-00008250,SIG-00911,2024-12-25 15:15:38.626187,1033.66,in,deposit,US,USD
TXN-00009996,SIG-01105,2024-05-30 09:00:48.166827,680.76,out,payment,US,USD
TXN-00010070,SIG-01110,2024-02-22 02:19:36.712437,851.51,in,atm_withdrawal,UA,USD
TXN-00010268,SIG-01133,2024-04-05 18:15:55.947787,8108.28,out,deposit,US,USD
TXN-00003661,SIG-00406,2024-07-25 03:51:25.371093,6357.17,in,wire,US,USD
TXN-00002458,SIG-00269,2024-01-07 04:40:05.835237,233.73,out,card_purchase,US,USD
TXN-00008797,SIG-00974,2024-03-12 20:03:45.682751,2630.07,out,deposit,US,USD
TXN-00009179,SIG-01017,2024-11-01 01:03:32.549521,804.6,out,atm_withdrawal,US,USD
TXN-00004000,SIG-00446,2024-01-13 06:32:22.839032,282.21,in,bill_pay,US,USD
TXN-00001035,SIG-00108,2024-03-15 16:32:25.012186,2913.25,in,deposit,US,USD
TXN-00003652,SIG-00406,2024-07-28 02:11:58.047298,13501.89,in,withdrawal,US,USD
TXN-00008027,SIG-00888,2024-05-01 07:35:14.048040,979.22,in,card_purchase,US,USD
TXN-00005826,SIG-00652,2024-04-13 17:43:53.250676,8230.07,out,deposit,US,USD
TXN-00006530,SIG-00731,2024-03-01 01:16:21.635310,140.1,in,wire,US,USD
TXN-00000907,SIG-00094,2024-06-06 12:41:38.981427,585.81,in,payment,US,USD
TXN-00006597,SIG-00739,2024-10-17 23:06:31.062366,1321.36,in,withdrawal,UA,GBP
TXN-00007459,SIG-00832,2024-03-15 20:03:17.290448,1880.45,in,deposit,US,USD
TXN-00009696,SIG-01071,2024-02-15 02:02:34.787200,7087.1,in,refund,US,USD
TXN-00006448,SIG-00723,2024-02-22 12:01:17.759558,1142.8,out,bill_pay,US,USD
TXN-00006934,SIG-00775,2024-09-12 16:30:51.757454,5629.01,out,transfer,US,USD
TXN-00002287,SIG-00249,2024-11-14 20:07:15.051091,1064.91,out,deposit,TR,EUR
TXN-00008507,SIG-00942,2024-05-26 18:16:08.731708,1103.07,in,atm_withdrawal,US,USD
TXN-00008927,SIG-00988,2024-08-29 11:42:50.872904,1910.85,in,fx_exchange,US,USD
TXN-00010798,SIG-01192,2024-06-09 14:10:22.712948,679.17,in,deposit,US,USD
TXN-00010145,SIG-01118,2024-05-24 06:41:49.923790,963.6,in,card_purchase,US,USD
TXN-00009203,SIG-01019,2024-08-18 11:10:04.464405,2826.72,out,fx_exchange,US,USD
TXN-00010026,SIG-01106,2024-01-12 05:24:58.117190,812.54,out,fx_exchange,UA,CHF
TXN-00005000,SIG-00559,2023-12-27 23:32:57.111131,541.37,in,payment,US,USD
TXN-00005050,SIG-00563,2024-05-28 04:23:31.485367,2862.26,in,withdrawal,US,USD
TXN-00003657,SIG-00406,2024-08-01 04:48:57.070109,903.13,out,card_purchase,US,USD
TXN-00010216,SIG-01126,2024-04-14 00:12:35.794660,12714.13,in,card_purchase,US,USD
TXN-00003466,SIG-00387,2024-05-30 01:06:07.570399,733.55,out,bill_pay,AE,JPY
TXN-00001902,SIG-00204,2024-05-25 10:18:25.008753,16442.01,out,transfer,KY,JPY
TXN-00007083,SIG-00792,2024-03-17 03:37:25.326895,194.25,in,transfer,US,USD
TXN-00003170,SIG-00353,2024-06-30 22:17:07.360743,322.56,out,atm_withdrawal,US,USD
TXN-00001570,SIG-00170,2024-04-26 13:50:45.955299,708.28,in,atm_withdrawal,US,USD
TXN-00007992,SIG-00884,2024-07-06 04:05:33.733093,391.83,out,card_purchase,US,USD
TXN-00000348,SIG-00036,2024-07-19 02:25:51.121236,691.46,in,transfer,US,USD
TXN-00001243,SIG-00132,2024-10-01 09:12:07.649847,849.93,in,withdrawal,PA,GBP
TXN-00000421,SIG-00042,2024-04-30 00:43:08.766640,3123.48,out,card_purchase,US,USD
TXN-00008258,SIG-00912,2024-06-21 12:52:50.693660,537.54,out,payment,CN,USD
TXN-00003024,SIG-00336,2024-10-26 08:37:06.164294,2321.54,in,withdrawal,US,USD
TXN-00006692,SIG-00748,2023-12-15 10:08:09.342480,1463.93,out,deposit,CN,GBP
TXN-00006228,SIG-00699,2024-01-01 12:19:57.249985,1690.75,in,deposit,US,USD
TXN-00007581,SIG-00846,2024-10-05 18:01:32.644507,389.19,in,bill_pay,US,USD
TXN-00009510,SIG-01050,2024-08-19 22:00:52.406146,158.31,in,card_purchase,US,USD
TXN-00001032,SIG-00107,2024-10-08 10:19:38.826338,217.68,in,bill_pay,US,USD
TXN-00002904,SIG-00321,2024-09-06 13:38:23.561888,1438.7,in,wire,US,USD
TXN-00007700,SIG-00857,2024-09-08 00:08:18.463397,4196.37,in,card_purchase,US,USD
TXN-00006931,SIG-00775,2024-09-16 22:45:35.135623,113.21,in,atm_withdrawal,RU,GBP
TXN-00003689,SIG-00410,2024-01-17 14:15:44.548975,1167.38,in,payment,US,USD
TXN-00010129,SIG-01117,2024-11-05 10:46:43.529408,820.56,in,atm_withdrawal,US,USD
TXN-00000764,SIG-00079,2024-05-19 13:07:42.166625,796.17,in,wire,UA,JPY
TXN-00007758,SIG-00863,2024-09-08 21:48:30.422530,3875.2,in,payment,US,USD
TXN-00009251,SIG-01024,2024-02-29 08:52:27.556896,299.66,in,bill_pay,US,USD
TXN-00009655,SIG-01067,2024-06-25 16:44:58.429554,715.2,in,atm_withdrawal,US,USD
TXN-00001223,SIG-00130,2024-06-22 07:21:08.367730,274.41,out,withdrawal,US,USD
TXN-00002908,SIG-00322,2024-01-17 09:45:58.143305,637.85,out,withdrawal,CN,EUR
TXN-00002135,SIG-00232,2024-03-27 19:36:36.662486,468.81,in,deposit,US,USD
TXN-00009705,SIG-01073,2024-11-30 17:17:39.935912,3684.78,in,transfer,KY,JPY
TXN-00008541,SIG-00945,2024-04-22 11:34:27.960672,4038.69,in,fx_exchange,US,USD
TXN-00006503,SIG-00729,2024-02-28 04:24:22.042752,259.48,in,payment,UA,GBP
TXN-00008354,SIG-00922,2024-08-13 13:34:21.226544,611.41,out,bill_pay,US,USD
TXN-00001576,SIG-00171,2024-08-23 10:12:12.251785,635.63,out,payment,US,USD
TXN-00000510,SIG-00051,2024-07-21 17:29:21.071605,1429.97,in,payment,US,USD
TXN-00008510,SIG-00942,2024-05-19 05:33:03.373368,508.54,in,transfer,UA,GBP
TXN-00008164,SIG-00902,2024-01-15 23:30:08.114903,766.21,out,transfer,US,USD
TXN-00002305,SIG-00251,2024-02-28 10:54:13.910746,1627.77,out,deposit,US,USD
TXN-00004630,SIG-00514,2024-04-09 03:24:37.709104,1225.17,out,payment,US,USD
TXN-00006996,SIG-00784,2024-02-10 11:36:38.773515,80.68,in,payment,US,USD
TXN-00008166,SIG-00902,2024-01-20 07:54:20.529854,419.12,in,transfer,UA,GBP
TXN-00001260,SIG-00133,2023-12-27 22:08:37.728916,887.45,in,payment,RU,USD
TXN-00008315,SIG-00917,2024-11-11 22:42:03.373754,1824.07,out,withdrawal,AE,JPY
TXN-00004053,SIG-00451,2024-04-25 07:07:18.981064,4435.96,out,fx_exchange,US,USD
TXN-00007244,SIG-00812,2024-02-19 20:05:29.807523,2993.71,out,fx_exchange,US,USD
TXN-00000712,SIG-00074,2024-01-20 00:03:23.335777,1787.08,in,card_purchase,US,USD
TXN-00007754,SIG-00863,2024-09-04 00:18:40.567646,1937.14,out,wire,PA,USD
TXN-00009956,SIG-01100,2024-05-15 19:08:36.442354,593.4,in,deposit,US,USD
TXN-00007402,SIG-00826,2024-07-15 14:12:54.898694,642.4,out,fx_exchange,US,USD
TXN-00005380,SIG-00600,2024-10-25 07:05:42.446305,425.91,in,payment,US,USD
TXN-00005552,SIG-00619,2024-02-08 10:22:29.956096,398.91,out,transfer,US,USD
TXN-00001373,SIG-00146,2024-09-01 15:25:39.020591,130.89,in,transfer,US,USD
TXN-00000713,SIG-00075,2024-04-02 08:13:49.538034,1814.63,in,payment,US,USD
TXN-00003397,SIG-00377,2024-08-09 03:17:23.918082,5076.64,in,payment,CN,CHF
TXN-00008529,SIG-00944,2024-09-27 10:28:21.879583,151.6,out,transfer,US,USD
TXN-00008895,SIG-00983,2024-02-27 06:09:10.648905,2738.12,in,fx_exchange,KY,GBP
TXN-00002515,SIG-00275,2024-06-22 22:16:51.511201,545.91,out,atm_withdrawal,US,USD
TXN-00008266,SIG-00913,2024-07-10 11:05:38.240031,387.81,out,bill_pay,US,USD
TXN-00001483,SIG-00160,2024-04-01 21:19:53.449274,11867.19,in,wire,US,USD
TXN-00003939,SIG-00439,2024-10-21 23:02:47.877816,2227.06,in,bill_pay,US,USD
TXN-00006204,SIG-00697,2024-03-17 00:33:39.931416,143.66,in,card_purchase,KY,GBP
TXN-00007435,SIG-00830,2024-03-25 08:40:50.470888,903.68,in,card_purchase,US,USD
TXN-00001795,SIG-00195,2024-11-22 03:28:34.886505,742.64,out,payment,US,USD
TXN-00004594,SIG-00510,2024-08-31 04:39:53.202511,1868.73,in,transfer,US,USD
TXN-00001822,SIG-00198,2024-11-24 14:16:23.076627,961.51,in,fx_exchange,US,USD
TXN-00007014,SIG-00786,2024-05-13 01:58:11.720034,1189.74,out,withdrawal,US,USD
TXN-00005747,SIG-00644,2024-09-14 07:01:50.329769,571.11,out,payment,US,USD
TXN-00009646,SIG-01066,2024-09-23 14:45:52.312723,4844.07,in,deposit,BR,USD
TXN-00002665,SIG-00292,2024-07-15 19:54:51.070475,69.62,out,card_purchase,US,USD
TXN-00001742,SIG-00189,2024-02-23 07:13:21.024930,1343.96,in,deposit,US,USD
TXN-00001659,SIG-00181,2024-02-08 06:07:03.287056,798.31,out,atm_withdrawal,US,USD
TXN-00000213,SIG-00020,2024-11-15 22:58:46.563836,681.12,out,fx_exchange,US,USD
TXN-00004095,SIG-00456,2024-01-26 15:04:08.097296,888.36,in,withdrawal,KY,EUR
TXN-00010367,SIG-01145,2024-08-04 04:30:51.309032,3301.31,in,withdrawal,US,USD
TXN-00000324,SIG-00035,2024-09-25 15:13:31.584203,1138.77,out,atm_withdrawal,US,USD
TXN-00010271,SIG-01134,2024-03-08 13:22:17.454937,3443.92,out,card_purchase,US,USD
TXN-00001098,SIG-00115,2024-05-27 12:30:50.901567,157.37,in,deposit,US,USD
TXN-00009630,SIG-01065,2024-11-07 10:21:42.857467,74.78,in,payment,US,USD
TXN-00001360,SIG-00143,2024-07-28 02:46:44.796485,815.08,out,wire,US,USD
TXN-00000335,SIG-00036,2024-07-31 13:33:14.749594,799.66,in,card_purchase,US,USD
TXN-00005830,SIG-00653,2024-12-14 06:12:42.372425,1419.85,in,withdrawal,US,USD
TXN-00001614,SIG-00174,2024-02-07 17:29:08.530086,2725.69,out,card_purchase,UA,USD
TXN-00009119,SIG-01012,2024-03-21 15:49:18.454148,2138.58,out,payment,US,USD
TXN-00000793,SIG-00083,2024-11-16 21:23:21.820981,817.78,out,payment,BR,GBP
TXN-00000234,SIG-00022,2024-12-12 13:29:05.890093,1557.76,in,deposit,US,USD
TXN-00004683,SIG-00520,2024-08-22 11:30:57.250152,1184.77,in,transfer,PA,GBP
TXN-00005268,SIG-00588,2024-10-25 18:41:10.433180,2351.58,in,wire,US,USD
TXN-00010884,SIG-01200,2024-05-11 00:30:56.377395,5450.32,in,card_purchase,US,USD
TXN-00007631,SIG-00851,2024-01-09 21:30:51.172483,455.47,out,atm_withdrawal,UA,GBP
TXN-00008361,SIG-00922,2024-07-26 19:55:40.350023,353.01,out,withdrawal,US,USD
TXN-00008662,SIG-00959,2024-09-27 06:57:27.568287,350.73,out,payment,US,USD
TXN-00009454,SIG-01043,2024-07-29 10:11:55.407673,5559.45,in,card_purchase,US,USD
TXN-00007542,SIG-00842,2024-06-26 03:02:00.445057,2938.51,in,refund,NG,USD
TXN-00002593,SIG-00284,2024-10-14 18:18:53.241874,837.53,out,fx_exchange,US,USD
TXN-00010182,SIG-01123,2024-02-12 07:02:28.466920,2544.94,out,card_purchase,US,USD
TXN-00002414,SIG-00264,2023-11-26 07:51:24.753455,3104.37,out,payment,US,USD
TXN-00003350,SIG-00372,2024-03-01 04:53:11.670547,25.74,out,wire,US,USD
TXN-00003998,SIG-00445,2024-09-15 04:00:19.578768,2339.54,out,card_purchase,KY,GBP
TXN-00008808,SIG-00975,2024-11-12 17:58:32.981300,714.15,out,bill_pay,BR,EUR
TXN-00000872,SIG-00090,2024-05-04 19:00:35.581580,1020.91,out,deposit,US,USD
TXN-00002486,SIG-00272,2024-07-27 18:04:49.787833,4621.84,in,fx_exchange,US,USD
TXN-00001264,SIG-00134,2024-03-27 21:45:37.354531,31044.48,in,payment,IN,JPY
TXN-00001619,SIG-00175,2024-01-06 01:26:50.847605,3928.45,out,refund,US,USD
TXN-00009367,SIG-01034,2023-12-16 08:20:31.541760,2038.88,in,deposit,US,USD
TXN-00005793,SIG-00649,2024-06-14 19:26:17.839627,2928.43,in,wire,US,USD
TXN-00010092,SIG-01112,2024-07-14 21:24:42.891005,1333.49,in,transfer,AE,GBP
TXN-00006889,SIG-00770,2024-01-17 10:25:46.610106,4959.33,out,payment,US,USD
TXN-00005617,SIG-00627,2024-11-06 13:18:11.255058,3469.18,out,withdrawal,US,USD
TXN-00009377,SIG-01035,2024-05-15 03:35:06.929080,1014.43,out,deposit,US,USD
TXN-00001221,SIG-00129,2024-08-08 06:02:53.205809,616.32,in,transfer,US,USD
TXN-00006730,SIG-00752,2024-09-27 14:41:43.367488,1255.94,out,payment,NG,EUR
TXN-00001766,SIG-00192,2024-03-17 04:06:02.429591,1491.97,in,card_purchase,US,USD
TXN-00008542,SIG-00945,2024-04-17 07:22:49.749326,258.55,out,withdrawal,US,USD
TXN-00006538,SIG-00732,2024-07-19 14:28:30.425919,1910.3,in,deposit,AE,GBP
TXN-00007357,SIG-00821,2024-09-13 00:34:54.768976,292.71,in,atm_withdrawal,US,USD
TXN-00001514,SIG-00163,2024-02-24 09:08:23.552050,1779.34,in,card_purchase,AE,EUR
TXN-00009459,SIG-01044,2023-12-26 03:06:25.342117,2309.74,in,refund,BR,JPY
TXN-00002590,SIG-00284,2024-10-10 13:54:44.886776,540.68,out,atm_withdrawal,US,USD
TXN-00006734,SIG-00752,2024-09-26 08:11:21.585602,3250.54,in,atm_withdrawal,US,USD
TXN-00009647,SIG-01066,2024-10-04 10:30:53.114089,95.49,in,fx_exchange,IN,EUR
TXN-00008383,SIG-00925,2024-08-04 08:29:32.790811,834.59,in,payment,US,USD
TXN-00010805,SIG-01192,2024-05-24 13:22:55.545112,885.76,out,payment,US,USD
TXN-00003066,SIG-00341,2024-03-19 02:32:30.965331,4303.94,in,transfer,TR,USD
TXN-00004694,SIG-00522,2024-12-14 05:44:08.070056,365.41,in,withdrawal,US,USD
TXN-00009391,SIG-01036,2024-03-14 15:22:32.282016,415.56,out,card_purchase,US,USD
TXN-00002111,SIG-00230,2024-02-18 16:51:53.405362,435.48,in,wire,RU,GBP
TXN-00002376,SIG-00260,2024-06-29 01:46:54.060758,811.35,in,atm_withdrawal,BR,GBP
TXN-00008325,SIG-00918,2024-10-17 09:55:22.958944,104.13,out,deposit,US,USD
TXN-00005970,SIG-00667,2024-10-21 01:46:02.969879,214.42,in,card_purchase,US,USD
TXN-00002692,SIG-00296,2024-04-08 10:49:27.597310,4635.65,in,fx_exchange,US,USD
TXN-00009747,SIG-01080,2024-03-07 15:34:03.571875,2539.33,in,transfer,US,USD
TXN-00008132,SIG-00899,2024-08-04 04:56:03.878902,666.11,in,atm_withdrawal,US,USD
TXN-00008072,SIG-00894,2024-01-24 12:41:27.175119,1630.85,in,deposit,US,USD
TXN-00009241,SIG-01023,2024-12-06 08:50:43.871184,2438.53,out,transfer,US,USD
TXN-00010621,SIG-01172,2024-03-30 23:57:42.221944,124.85,in,card_purchase,US,USD
TXN-00000618,SIG-00063,2024-03-05 10:17:48.024950,371.43,in,card_purchase,CN,GBP
TXN-00005845,SIG-00654,2024-10-08 03:04:57.035644,2533.44,out,bill_pay,US,USD
TXN-00009082,SIG-01008,2024-12-08 01:31:30.468507,2899.5,out,payment,US,USD
TXN-00008753,SIG-00970,2024-04-09 08:33:04.062500,1030.69,in,withdrawal,US,USD
TXN-00008308,SIG-00916,2024-02-01 08:56:44.520278,3020.53,in,wire,US,USD
TXN-00007559,SIG-00843,2024-07-23 18:36:06.111295,4280.35,out,atm_withdrawal,US,USD
TXN-00000746,SIG-00078,2024-08-11 19:08:02.106421,1793.83,out,payment,AE,USD
TXN-00006097,SIG-00684,2024-09-21 16:52:42.596068,628.8,in,fx_exchange,IN,EUR
TXN-00008402,SIG-00928,2024-04-09 13:18:22.317384,710.42,out,wire,US,USD
TXN-00006142,SIG-00689,2024-07-09 04:30:31.285143,2147.9,in,card_purchase,US,USD
TXN-00007183,SIG-00804,2024-03-30 03:34:53.344231,714.28,in,payment,AE,EUR
TXN-00007693,SIG-00857,2024-09-15 14:57:03.685395,955.33,in,card_purchase,NG,EUR
TXN-00009668,SIG-01069,2024-10-10 06:53:50.515044,1317.8,in,refund,US,USD
TXN-00001337,SIG-00141,2024-08-14 15:11:40.481468,1895.53,in,payment,RU,USD
TXN-00005504,SIG-00614,2024-11-05 12:26:10.522445,3145.81,in,fx_exchange,US,USD
TXN-00007293,SIG-00814,2024-07-14 22:31:51.226461,1978.38,in,withdrawal,PA,JPY
TXN-00008178,SIG-00904,2024-09-20 22:11:57.711595,1346.4,in,atm_withdrawal,KY,JPY
TXN-00005377,SIG-00600,2024-10-27 05:08:08.090907,2721.16,in,withdrawal,US,USD
TXN-00004340,SIG-00480,2024-12-06 01:31:15.913295,11488.8,in,card_purchase,US,USD
TXN-00009583,SIG-01060,2024-09-10 03:17:34.585196,670.63,in,deposit,US,USD
TXN-00007766,SIG-00864,2024-06-01 02:48:41.271100,1932.53,in,card_purchase,US,USD
TXN-00008368,SIG-00923,2024-02-19 08:53:22.220253,409.31,out,card_purchase,AE,EUR
TXN-00001314,SIG-00138,2024-08-15 23:48:27.834604,497.42,in,card_purchase,KY,EUR
TXN-00009664,SIG-01068,2024-02-14 08:44:51.726504,628.57,in,card_purchase,US,USD
TXN-00010572,SIG-01167,2024-09-08 02:28:49.368574,339.71,in,wire,TR,EUR
TXN-00008465,SIG-00938,2024-10-21 17:13:27.128576,588.6,in,card_purchase,IN,JPY
TXN-00010208,SIG-01126,2024-04-04 17:09:11.985810,7683.91,out,payment,AE,EUR
TXN-00006287,SIG-00705,2024-11-25 09:29:35.394331,4415.52,out,bill_pay,US,USD
TXN-00010893,SIG-01200,2024-05-21 11:04:55.094666,773.58,out,refund,US,USD
TXN-00009644,SIG-01066,2024-10-17 18:18:37.831015,5709.76,in,deposit,US,USD
TXN-00004852,SIG-00542,2024-04-16 01:52:35.325838,593.37,in,card_purchase,AE,GBP
TXN-00007276,SIG-00814,2024-06-28 07:32:04.998613,2207.63,in,transfer,US,USD
TXN-00000654,SIG-00067,2024-12-19 22:46:11.884149,2424.23,out,card_purchase,KY,JPY
TXN-00008836,SIG-00977,2024-07-10 07:46:33.391150,1010.4,in,transfer,US,USD
TXN-00002270,SIG-00248,2024-07-19 22:51:56.067691,2160.12,in,payment,US,USD
TXN-00007066,SIG-00790,2024-06-04 15:51:06.138393,11057.59,in,fx_exchange,US,USD
TXN-00004697,SIG-00522,2024-12-13 20:12:23.834065,2072.64,in,withdrawal,US,USD
TXN-00005681,SIG-00635,2024-05-05 00:08:55.524694,5422.54,in,atm_withdrawal,US,USD
TXN-00009491,SIG-01047,2024-06-01 03:45:49.857111,2704.21,in,bill_pay,US,USD
TXN-00005965,SIG-00666,2024-04-06 00:39:34.430405,345.66,in,deposit,US,USD
TXN-00006214,SIG-00698,2024-01-27 12:35:50.340942,337.52,out,atm_withdrawal,US,USD
TXN-00005345,SIG-00597,2024-06-27 21:38:02.158829,439.19,in,transfer,US,USD
TXN-00000612,SIG-00062,2024-08-18 22:03:06.571339,402.02,in,payment,US,USD
TXN-00003471,SIG-00387,2024-05-22 20:58:08.725525,583.62,in,transfer,US,USD
TXN-00002115,SIG-00231,2024-06-16 15:13:06.029307,30556.15,out,wire,CN,USD
TXN-00009058,SIG-01005,2024-07-27 02:20:26.982470,1185.3,out,payment,US,USD
TXN-00009017,SIG-01000,2024-04-07 23:18:18.649658,726.99,in,card_purchase,US,USD
TXN-00005675,SIG-00635,2024-04-25 21:57:09.159879,3509.19,in,transfer,RU,USD
TXN-00000512,SIG-00051,2024-07-21 05:32:24.582519,1066.2,out,withdrawal,IN,JPY
TXN-00007656,SIG-00854,2024-04-17 05:42:38.447624,924.84,in,transfer,US,USD
TXN-00003080,SIG-00343,2024-05-30 13:24:38.452523,148.56,out,fx_exchange,US,USD
TXN-00007234,SIG-00811,2024-12-06 06:12:12.128487,4316.83,in,atm_withdrawal,US,USD
TXN-00010848,SIG-01196,2024-02-15 04:52:41.092484,1830.36,out,payment,TR,EUR
TXN-00008103,SIG-00897,2024-07-13 01:15:33.784457,1556.21,in,transfer,BR,GBP
TXN-00009939,SIG-01098,2024-10-12 11:50:08.051633,572.66,in,wire,US,USD
TXN-00009027,SIG-01001,2024-12-06 05:04:44.140323,1171.32,out,payment,BR,CHF
TXN-00009172,SIG-01016,2024-07-30 16:11:51.224775,13487.1,in,deposit,US,USD
TXN-00010492,SIG-01158,2024-02-03 13:52:11.970072,989.26,out,card_purchase,US,USD
TXN-00010390,SIG-01149,2024-04-07 14:42:03.776946,3178.31,in,deposit,US,USD
TXN-00005099,SIG-00569,2024-01-16 18:22:22.129784,4178.3,in,deposit,US,USD
TXN-00009506,SIG-01049,2024-01-27 13:49:27.836542,1075.8,in,atm_withdrawal,US,USD
TXN-00003014,SIG-00336,2024-10-25 03:55:26.196103,4943.85,out,deposit,US,USD
TXN-00004732,SIG-00528,2024-06-24 04:31:48.685011,3848.34,in,fx_exchange,US,USD
TXN-00008240,SIG-00910,2024-02-26 14:36:09.289497,350.02,in,payment,PA,JPY
TXN-00010794,SIG-01191,2024-03-08 17:56:55.766654,3515.55,in,transfer,US,USD
TXN-00004635,SIG-00515,2024-11-23 18:04:11.905768,5411.36,in,card_purchase,US,USD
TXN-00010784,SIG-01191,2024-03-07 17:44:17.360529,2174.86,out,withdrawal,US,USD
TXN-00001110,SIG-00116,2024-11-20 21:36:15.578004,263.0,in,card_purchase,PA,GBP
TXN-00010811,SIG-01193,2024-06-07 01:34:27.764215,11.18,in,wire,US,USD
TXN-00006162,SIG-00692,2024-01-17 16:08:59.850271,610.92,out,transfer,US,USD
TXN-00001039,SIG-00108,2024-02-05 20:15:00.572031,2006.73,out,deposit,US,USD
TXN-00000021,SIG-00002,2024-09-27 10:23:51.847997,2655.08,in,payment,US,USD
TXN-00009415,SIG-01039,2024-07-06 19:34:06.864509,6806.22,out,fx_exchange,US,USD
TXN-00003064,SIG-00341,2024-03-04 05:47:36.981517,790.52,out,bill_pay,US,USD
TXN-00005015,SIG-00560,2024-08-04 13:28:22.160605,928.57,out,transfer,US,USD
TXN-00009469,SIG-01045,2024-07-24 04:27:57.496694,1004.29,in,atm_withdrawal,US,USD
TXN-00000935,SIG-00098,2024-05-28 20:46:51.070746,2846.1,out,card_purchase,US,USD
TXN-00004373,SIG-00483,2024-06-06 07:26:58.624877,197.27,in,wire,US,USD
TXN-00006954,SIG-00776,2024-04-01 21:21:49.892772,1080.86,out,deposit,UA,USD
TXN-00000395,SIG-00040,2024-08-02 02:15:47.039343,3416.4,out,wire,US,USD
TXN-00003022,SIG-00336,2024-10-19 06:30:07.043956,3052.55,out,deposit,US,USD
TXN-00001738,SIG-00188,2024-01-25 03:30:20.949503,3711.08,in,deposit,US,USD
TXN-00002166,SIG-00238,2024-08-10 13:41:40.101465,1570.15,out,payment,US,USD
TXN-00000562,SIG-00056,2024-03-09 21:57:15.790562,656.1,in,atm_withdrawal,BR,EUR
TXN-00009536,SIG-01052,2024-03-01 04:03:35.565430,2419.01,out,payment,US,USD
TXN-00001163,SIG-00122,2024-10-20 05:37:50.972903,237.48,out,payment,US,USD
TXN-00007714,SIG-00859,2024-05-14 03:04:32.145479,697.57,out,withdrawal,US,USD
TXN-00004225,SIG-00469,2024-06-17 23:15:19.712806,572.42,in,payment,US,USD
TXN-00005080,SIG-00566,2024-02-11 04:30:07.637581,229.09,in,withdrawal,IN,USD
TXN-00001528,SIG-00165,2024-07-29 21:40:54.974081,11239.99,in,transfer,US,USD
TXN-00000843,SIG-00087,2024-03-19 07:20:52.607598,532.41,out,withdrawal,US,USD
TXN-00009905,SIG-01095,2024-06-23 22:09:30.535849,1867.38,in,withdrawal,US,USD
TXN-00000059,SIG-00006,2024-06-07 07:17:29.728457,1015.18,in,atm_withdrawal,US,USD
TXN-00004270,SIG-00474,2024-11-25 22:00:50.743457,1743.47,in,withdrawal,US,USD
TXN-00005428,SIG-00605,2024-06-28 01:43:02.855708,2092.02,out,transfer,US,USD
TXN-00002292,SIG-00250,2024-01-18 12:40:13.841962,2903.54,out,refund,US,USD
TXN-00008448,SIG-00935,2024-10-06 19:22:20.204864,223.18,out,withdrawal,NG,CHF
TXN-00010779,SIG-01191,2024-03-25 22:06:01.802115,242.92,in,payment,US,USD
TXN-00008491,SIG-00940,2024-02-03 13:00:45.331110,663.02,out,card_purchase,US,USD
TXN-00006325,SIG-00709,2024-06-17 18:08:56.205693,2638.31,in,card_purchase,US,USD
TXN-00003095,SIG-00345,2024-03-27 04:19:35.952954,1032.97,out,deposit,US,USD
TXN-00009252,SIG-01024,2024-03-09 03:30:21.758731,149.57,out,withdrawal,US,USD
TXN-00007473,SIG-00834,2024-09-21 12:05:39.470107,939.3,out,withdrawal,US,USD
TXN-00009206,SIG-01019,2024-08-01 18:10:17.759187,468.17,in,card_purchase,US,USD
TXN-00000415,SIG-00041,2024-09-01 02:31:04.030702,3285.04,in,deposit,US,USD
TXN-00010357,SIG-01144,2024-09-11 11:39:21.470737,2396.9,in,fx_exchange,UA,USD
TXN-00007229,SIG-00811,2024-12-06 09:09:07.694071,2565.35,in,wire,US,USD
TXN-00005554,SIG-00619,2024-01-27 02:02:55.471129,921.55,out,deposit,US,USD
TXN-00009337,SIG-01031,2024-07-01 07:23:09.670218,771.44,in,payment,US,USD
TXN-00002964,SIG-00330,2024-08-30 21:19:24.466205,1563.55,in,deposit,PA,EUR
TXN-00004900,SIG-00546,2024-05-23 06:53:15.812952,23040.05,out,atm_withdrawal,US,USD
TXN-00002681,SIG-00295,2024-02-19 14:46:33.657102,1645.0,in,wire,US,USD
TXN-00010769,SIG-01190,2024-04-15 22:28:59.745241,3902.46,out,wire,US,USD
TXN-00006301,SIG-00707,2024-02-19 01:44:11.694043,1968.89,in,atm_withdrawal,US,USD
TXN-00010278,SIG-01134,2024-03-06 06:03:33.571737,502.19,in,payment,US,USD
TXN-00008605,SIG-00952,2024-04-15 01:11:25.889996,450.79,out,withdrawal,US,USD
TXN-00002134,SIG-00232,2024-04-19 08:39:21.173840,4382.06,in,bill_pay,US,USD
TXN-00001898,SIG-00203,2024-11-16 01:16:39.859451,460.66,out,bill_pay,US,USD
TXN-00006342,SIG-00712,2024-04-09 21:35:13.080608,3001.28,out,withdrawal,IN,JPY
TXN-00006947,SIG-00776,2024-03-31 00:41:35.871799,106.27,out,card_purchase,AE,GBP
TXN-00008547,SIG-00946,2024-09-15 11:28:48.203613,1470.53,in,payment,US,USD
TXN-00003938,SIG-00439,2024-10-22 01:46:39.314503,3447.57,out,atm_withdrawal,US,USD
TXN-00008470,SIG-00938,2024-10-21 10:06:01.651859,12.82,out,transfer,US,USD
TXN-00006875,SIG-00769,2024-11-23 15:25:22.673386,464.61,in,card_purchase,US,USD
TXN-00006602,SIG-00739,2024-10-16 10:48:14.584614,1363.32,in,fx_exchange,US,USD
TXN-00001818,SIG-00198,2024-10-30 11:31:47.553367,14121.85,out,deposit,PA,JPY
TXN-00001938,SIG-00207,2024-10-03 02:23:13.499073,2740.09,in,payment,NG,USD
TXN-00004703,SIG-00522,2024-12-17 14:14:08.200891,2371.61,in,payment,US,USD
TXN-00002336,SIG-00256,2024-07-29 09:40:39.939512,1259.34,in,card_purchase,RU,GBP
TXN-00002073,SIG-00225,2024-11-18 19:11:49.626846,1011.46,in,transfer,US,USD
TXN-00004606,SIG-00510,2024-09-04 12:15:58.054362,1742.63,out,fx_exchange,BR,JPY
TXN-00001727,SIG-00187,2024-09-14 06:03:00.081962,3259.02,in,payment,US,USD
TXN-00001048,SIG-00109,2024-09-11 00:48:27.684842,4179.61,out,payment,PA,GBP
TXN-00005172,SIG-00575,2024-05-05 01:37:47.625575,3510.41,in,transfer,US,USD
TXN-00008766,SIG-00971,2024-11-04 03:03:19.033437,752.7,out,wire,US,USD
TXN-00002321,SIG-00254,2024-12-04 05:59:23.444216,862.2,out,withdrawal,US,USD
TXN-00005708,SIG-00638,2024-11-26 11:46:48.720120,219.13,out,deposit,US,USD
TXN-00005462,SIG-00609,2024-01-12 01:02:03.619003,661.47,in,payment,US,USD
TXN-00000767,SIG-00080,2024-03-29 21:56:49.986085,477.57,out,payment,IN,USD
TXN-00009605,SIG-01063,2024-09-01 05:03:26.538248,243.25,out,card_purchase,US,USD
TXN-00001145,SIG-00121,2024-05-19 14:32:02.596337,1882.6,out,payment,US,USD
TXN-00004639,SIG-00516,2024-05-14 22:01:16.251234,629.66,out,deposit,BR,JPY
TXN-00006804,SIG-00760,2024-12-15 14:06:49.046275,8368.56,out,atm_withdrawal,US,USD
TXN-00002274,SIG-00248,2024-07-13 12:23:54.383203,348.48,out,wire,US,USD
TXN-00010419,SIG-01151,2024-06-22 20:47:20.606844,113.37,in,withdrawal,US,USD
TXN-00007508,SIG-00839,2024-11-23 09:29:57.178791,770.12,in,payment,AE,JPY
TXN-00006367,SIG-00714,2024-02-01 11:41:23.166024,816.73,in,deposit,TR,CHF
TXN-00004830,SIG-00539,2024-03-17 13:02:43.213750,475.43,out,deposit,US,USD
TXN-00003709,SIG-00412,2024-08-30 06:44:41.386272,704.49,in,card_purchase,US,USD
TXN-00001990,SIG-00213,2024-10-14 16:02:11.319410,240.24,out,refund,NG,JPY
TXN-00003102,SIG-00346,2024-01-09 09:54:07.803382,410.69,out,atm_withdrawal,US,USD
TXN-00005577,SIG-00623,2023-12-23 03:37:29.287030,735.25,in,card_purchase,US,USD
TXN-00000829,SIG-00086,2024-10-29 19:36:03.992151,554.2,out,card_purchase,US,USD
TXN-00007765,SIG-00864,2024-05-18 06:02:36.306518,235.16,out,transfer,PA,JPY
TXN-00001673,SIG-00183,2024-09-28 08:21:39.593932,7559.72,out,card_purchase,US,USD
TXN-00008152,SIG-00901,2024-09-05 13:07:35.372593,956.74,in,card_purchase,US,USD
TXN-00007388,SIG-00824,2024-05-06 04:07:57.423049,2419.69,in,deposit,US,USD
TXN-00006884,SIG-00770,2024-01-30 21:36:57.444137,4895.0,out,deposit,TR,JPY
TXN-00009741,SIG-01079,2024-08-11 08:47:07.250493,5335.6,out,refund,US,USD
TXN-00004790,SIG-00536,2024-12-02 18:19:32.337679,304.74,in,card_purchase,US,USD
TXN-00002276,SIG-00248,2024-07-31 23:34:01.524330,3485.14,in,card_purchase,UA,JPY
TXN-00003398,SIG-00377,2024-07-30 02:37:54.006455,2559.02,in,deposit,US,USD
TXN-00006207,SIG-00697,2024-03-03 11:06:04.881853,3322.81,in,payment,US,USD
TXN-00002046,SIG-00221,2024-06-17 09:07:28.118206,948.22,out,payment,US,USD
TXN-00007898,SIG-00876,2024-01-11 22:16:03.699509,11101.1,in,card_purchase,PA,CHF
TXN-00009919,SIG-01097,2024-12-17 14:10:46.500042,298.67,in,card_purchase,US,USD
TXN-00003413,SIG-00381,2024-10-21 00:28:33.642174,803.16,in,payment,TR,JPY
TXN-00001296,SIG-00136,2024-02-21 20:15:11.195675,3785.77,out,wire,US,USD
TXN-00004681,SIG-00520,2024-08-04 23:09:08.098548,445.25,out,transfer,US,USD
TXN-00000592,SIG-00060,2024-11-26 00:53:27.876579,5307.04,out,withdrawal,RU,EUR
TXN-00000222,SIG-00020,2024-11-22 20:39:02.695775,13064.32,out,deposit,NG,USD
TXN-00006555,SIG-00734,2024-02-17 23:31:04.205819,10576.51,out,transfer,US,USD
TXN-00009143,SIG-01014,2024-07-30 08:04:02.968135,487.0,in,deposit,US,USD
TXN-00006822,SIG-00762,2024-05-12 18:22:56.443075,3028.52,out,wire,US,USD
TXN-00000859,SIG-00089,2024-09-01 01:57:33.022795,1195.17,out,card_purchase,UA,GBP
TXN-00004116,SIG-00458,2024-04-11 08:25:02.058048,2827.28,out,card_purchase,US,USD
TXN-00003740,SIG-00415,2024-04-17 04:20:01.194286,376.22,in,payment,US,USD
TXN-00005584,SIG-00624,2024-07-27 07:48:01.094420,5085.64,in,card_purchase,US,USD
TXN-00000842,SIG-00087,2024-02-26 17:03:13.653861,2103.47,out,transfer,US,USD
TXN-00002733,SIG-00300,2024-03-06 01:10:56.477978,1105.33,in,transfer,US,USD
TXN-00003379,SIG-00374,2024-12-10 23:03:03.261291,1369.14,out,deposit,US,USD
TXN-00004680,SIG-00520,2024-08-18 20:29:56.411386,2004.61,out,withdrawal,US,USD
TXN-00008896,SIG-00983,2024-02-13 03:38:16.736011,151.49,out,deposit,US,USD
TXN-00000995,SIG-00103,2024-10-09 23:03:42.636150,549.42,out,payment,US,USD
TXN-00003610,SIG-00402,2024-02-10 20:46:54.593126,1364.15,out,wire,AE,EUR
TXN-00001555,SIG-00168,2024-11-01 06:21:52.879123,6297.55,out,payment,US,USD
TXN-00008848,SIG-00979,2024-04-04 08:48:50.187258,247.81,out,atm_withdrawal,US,USD
TXN-00008439,SIG-00934,2024-10-10 20:51:30.842995,2216.83,in,withdrawal,US,USD
TXN-00004615,SIG-00512,2024-07-02 20:05:45.231237,6037.88,out,withdrawal,CN,GBP
TXN-00010718,SIG-01183,2024-11-27 13:32:42.299017,779.39,out,withdrawal,US,USD
TXN-00009473,SIG-01046,2024-01-31 19:40:30.762682,6767.29,in,wire,US,USD
TXN-00008253,SIG-00911,2024-12-25 07:08:01.649856,2589.43,out,payment,CN,GBP
TXN-00007621,SIG-00850,2024-05-26 20:22:14.382361,321.52,in,card_purchase,US,USD
TXN-00008300,SIG-00916,2024-02-10 05:04:36.034641,8009.21,in,transfer,US,USD
TXN-00002514,SIG-00275,2024-06-23 21:47:59.658555,231.9,out,payment,US,USD
TXN-00006132,SIG-00687,2024-11-12 03:25:10.292832,2894.02,out,withdrawal,US,USD
TXN-00008087,SIG-00895,2024-04-01 15:50:24.674537,80.51,out,wire,US,USD
TXN-00007887,SIG-00875,2024-04-06 06:16:38.008841,2002.75,in,transfer,US,USD
TXN-00003674,SIG-00408,2024-03-05 00:42:46.973619,910.79,out,payment,US,USD
TXN-00004848,SIG-00541,2024-07-03 13:52:45.970637,783.38,out,refund,US,USD
TXN-00005643,SIG-00631,2024-10-12 15:37:18.944958,111.58,out,payment,PA,EUR
TXN-00002234,SIG-00246,2024-06-20 06:27:01.595190,21614.27,in,wire,US,USD
TXN-00006522,SIG-00731,2024-03-03 17:08:58.050280,195.24,out,bill_pay,TR,CHF
TXN-00000401,SIG-00040,2024-07-18 10:23:26.065080,9799.85,out,wire,US,USD
TXN-00010019,SIG-01106,2024-01-24 09:20:25.010588,3451.9,out,payment,US,USD
TXN-00003995,SIG-00445,2024-10-08 13:21:53.190901,5138.97,out,card_purchase,AE,USD
TXN-00004293,SIG-00476,2024-12-22 07:57:56.272369,645.81,in,card_purchase,US,USD
TXN-00007087,SIG-00792,2024-02-22 03:19:28.532506,1174.15,in,transfer,US,USD
TXN-00003544,SIG-00396,2024-04-29 23:04:52.446704,1093.2,in,atm_withdrawal,US,USD
TXN-00007634,SIG-00851,2024-01-14 06:34:30.280676,1052.81,in,withdrawal,US,USD
TXN-00009396,SIG-01037,2024-04-12 06:16:47.474428,2486.43,in,card_purchase,US,USD
TXN-00000060,SIG-00006,2024-06-02 20:24:24.322702,534.25,out,card_purchase,PA,EUR
TXN-00003896,SIG-00432,2024-03-06 17:49:42.528797,770.9,out,card_purchase,US,USD
TXN-00005636,SIG-00629,2024-04-05 15:24:14.119230,781.11,in,withdrawal,US,USD
TXN-00006857,SIG-00767,2024-05-23 08:44:38.057631,3303.73,out,atm_withdrawal,US,USD
TXN-00004533,SIG-00505,2024-08-08 19:54:17.645655,1385.2,in,transfer,KY,GBP
TXN-00001329,SIG-00140,2024-08-27 18:43:14.952355,558.73,out,transfer,US,USD
TXN-00004098,SIG-00456,2024-01-31 06:48:13.689601,9806.9,in,bill_pay,US,USD
TXN-00002930,SIG-00325,2024-05-21 02:04:34.939530,585.63,out,atm_withdrawal,PA,CHF
TXN-00009301,SIG-01029,2024-07-03 23:57:49.947719,607.56,in,deposit,US,USD
TXN-00004050,SIG-00451,2024-04-25 06:53:06.985276,1029.59,out,bill_pay,IN,JPY
TXN-00001551,SIG-00168,2024-10-17 15:20:51.711646,1990.49,in,deposit,US,USD
TXN-00001010,SIG-00104,2024-09-09 01:02:56.686218,3197.68,out,bill_pay,US,USD
TXN-00002555,SIG-00280,2024-07-31 18:17:38.933674,365.44,out,card_purchase,US,USD
TXN-00001613,SIG-00174,2024-02-06 12:38:50.222806,5926.73,in,transfer,US,USD
TXN-00009595,SIG-01062,2024-11-12 19:39:35.851211,403.41,in,atm_withdrawal,US,USD
TXN-00008747,SIG-00969,2024-02-13 14:32:40.362323,4023.01,in,refund,US,USD
TXN-00007038,SIG-00788,2024-01-22 11:30:17.482836,1178.3,out,wire,US,USD
TXN-00000649,SIG-00066,2024-02-07 17:43:19.183167,28.05,in,wire,US,USD
TXN-00000880,SIG-00092,2024-09-23 05:43:03.120235,69572.69,out,deposit,US,USD
TXN-00003534,SIG-00394,2024-09-18 00:09:32.335302,235.04,in,deposit,US,USD
TXN-00002304,SIG-00251,2024-03-23 17:18:22.761043,1673.45,out,atm_withdrawal,US,USD
TXN-00005182,SIG-00576,2024-08-22 11:22:09.613023,1890.99,out,card_purchase,AE,JPY
TXN-00001625,SIG-00175,2024-01-19 05:41:56.341196,736.01,in,bill_pay,US,USD
TXN-00000551,SIG-00055,2024-10-09 19:56:56.609341,1853.99,in,payment,US,USD
TXN-00008207,SIG-00907,2024-11-12 12:49:00.958740,334.44,in,atm_withdrawal,US,USD
TXN-00006536,SIG-00732,2024-08-06 16:46:49.478469,383.97,in,atm_withdrawal,US,USD
TXN-00003996,SIG-00445,2024-10-01 19:23:26.743844,504.74,out,card_purchase,KY,CHF
TXN-00005088,SIG-00568,2024-05-17 03:56:51.074008,4145.91,in,bill_pay,KY,GBP
TXN-00000212,SIG-00020,2024-11-13 21:51:00.342529,4008.37,in,card_purchase,US,USD
TXN-00008782,SIG-00973,2024-08-15 23:45:48.472879,1125.3,in,atm_withdrawal,RU,CHF
TXN-00007909,SIG-00877,2024-05-14 10:11:45.125621,282.14,out,withdrawal,KY,USD
TXN-00008762,SIG-00971,2024-10-29 15:21:06.586477,4588.26,in,card_purchase,US,USD
TXN-00008844,SIG-00978,2024-06-08 18:26:14.881928,966.15,out,payment,US,USD
TXN-00006209,SIG-00697,2024-03-13 06:58:10.494772,156.3,in,deposit,NG,CHF
TXN-00001439,SIG-00157,2024-03-20 14:05:53.443142,2908.35,in,withdrawal,US,USD
TXN-00002516,SIG-00275,2024-06-22 15:05:50.185818,272.0,out,transfer,AE,GBP
TXN-00006770,SIG-00757,2024-03-04 19:03:16.578088,9112.07,out,transfer,US,USD
TXN-00007164,SIG-00802,2024-09-18 20:40:29.404545,155.22,out,card_purchase,US,USD
TXN-00000697,SIG-00073,2024-04-04 19:41:01.079285,3866.82,in,atm_withdrawal,US,USD
TXN-00007730,SIG-00860,2024-02-27 23:22:46.650165,5899.21,in,transfer,US,USD
TXN-00009035,SIG-01002,2024-11-23 18:40:17.775137,3613.49,out,refund,KY,USD
TXN-00006659,SIG-00744,2024-11-04 20:23:37.861060,10563.78,in,deposit,US,USD
TXN-00009817,SIG-01084,2024-03-26 10:15:08.304339,1284.76,out,fx_exchange,US,USD
TXN-00001315,SIG-00138,2024-08-19 05:19:16.508689,2088.85,in,refund,US,USD
TXN-00005616,SIG-00626,2024-02-05 05:32:23.235027,3538.05,in,deposit,US,USD
TXN-00005503,SIG-00614,2024-11-03 22:21:55.125088,26432.08,in,deposit,US,USD
TXN-00009710,SIG-01074,2024-12-06 11:41:44.944705,1718.22,out,fx_exchange,US,USD
TXN-00000013,SIG-00002,2024-10-13 11:48:21.872319,915.68,out,withdrawal,US,USD
TXN-00007857,SIG-00873,2024-01-25 00:34:03.380743,196.21,in,wire,US,USD
TXN-00007682,SIG-00856,2024-10-09 15:33:45.843919,3677.91,in,transfer,IN,EUR
TXN-00001347,SIG-00142,2024-11-24 08:49:54.814356,218.57,out,wire,UA,CHF
TXN-00009440,SIG-01041,2024-10-11 05:11:38.243572,835.87,in,payment,US,USD
TXN-00000454,SIG-00045,2024-02-20 07:11:21.374712,1053.17,out,deposit,US,USD
TXN-00005203,SIG-00577,2024-05-16 13:22:12.095068,468.8,out,fx_exchange,US,USD
TXN-00006742,SIG-00753,2024-01-19 09:19:56.777485,2047.0,out,payment,US,USD
TXN-00007212,SIG-00808,2024-05-26 17:38:27.518918,1200.34,out,payment,US,USD
TXN-00009526,SIG-01052,2024-02-14 19:45:49.725258,914.1,in,transfer,NG,JPY
TXN-00007744,SIG-00861,2024-05-20 15:00:06.113765,4497.75,in,wire,US,USD
TXN-00000038,SIG-00005,2024-03-25 23:17:18.286711,38.72,out,deposit,US,USD
TXN-00001044,SIG-00109,2024-09-06 15:48:32.292142,920.64,out,bill_pay,BR,EUR
TXN-00005387,SIG-00601,2024-06-14 08:40:41.866673,656.41,out,card_purchase,US,USD
TXN-00000941,SIG-00099,2024-08-17 20:52:37.977275,790.66,in,deposit,UA,CHF
TXN-00008498,SIG-00941,2024-01-16 15:40:43.410285,3157.13,out,payment,US,USD
TXN-00007551,SIG-00843,2024-07-23 19:05:17.281773,6382.73,out,atm_withdrawal,CN,CHF
TXN-00008241,SIG-00910,2024-03-14 14:56:34.885909,2267.65,out,atm_withdrawal,US,USD
TXN-00004238,SIG-00470,2024-02-05 11:56:05.614077,1367.43,in,refund,US,USD
TXN-00000539,SIG-00055,2024-09-28 14:11:49.830510,1799.15,out,card_purchase,US,USD
TXN-00004420,SIG-00490,2024-11-08 06:16:01.766392,589.52,in,transfer,US,USD
TXN-00005141,SIG-00572,2024-08-08 03:10:26.961596,1094.15,in,wire,US,USD
TXN-00001401,SIG-00149,2024-04-11 01:45:39.663484,7112.69,in,atm_withdrawal,US,USD
TXN-00005857,SIG-00656,2024-03-26 10:29:27.546091,9693.61,out,transfer,US,USD
TXN-00006336,SIG-00711,2024-06-17 13:37:35.349367,1604.55,in,withdrawal,US,USD
TXN-00002268,SIG-00248,2024-07-23 02:06:55.402066,2832.93,out,deposit,US,USD
TXN-00009451,SIG-01043,2024-07-29 15:13:43.983542,934.79,out,payment,AE,GBP
TXN-00009123,SIG-01012,2024-03-19 19:52:57.975166,2535.53,out,card_purchase,US,USD
TXN-00002471,SIG-00271,2024-08-08 05:17:31.355663,2230.26,in,deposit,US,USD
TXN-00008426,SIG-00932,2024-08-01 01:07:07.784445,12569.46,out,card_purchase,US,USD
TXN-00003708,SIG-00411,2024-07-22 21:20:34.010397,1043.32,in,payment,US,USD
TXN-00009250,SIG-01024,2024-03-05 08:31:57.997999,820.73,in,deposit,US,USD
TXN-00008485,SIG-00939,2024-09-20 06:56:19.725004,14966.85,in,payment,TR,GBP
TXN-00006606,SIG-00740,2024-05-09 18:39:47.851381,32.22,in,transfer,UA,CHF
TXN-00009187,SIG-01017,2024-11-06 13:53:36.103868,1061.04,in,payment,US,USD
TXN-00007960,SIG-00882,2024-06-11 03:07:32.338212,938.83,out,wire,US,USD
TXN-00001109,SIG-00116,2024-11-18 02:29:26.587702,373.23,out,card_purchase,PA,EUR
TXN-00007856,SIG-00873,2024-02-06 18:05:09.402375,689.55,in,wire,UA,EUR
TXN-00009874,SIG-01091,2024-05-18 23:55:02.411673,2582.63,in,card_purchase,US,USD
TXN-00003990,SIG-00444,2024-06-11 12:23:49.853000,166.11,in,withdrawal,US,USD
TXN-00006144,SIG-00689,2024-06-17 13:14:49.435922,1732.03,out,card_purchase,AE,EUR
TXN-00009291,SIG-01028,2023-12-25 04:28:38.114008,4188.35,in,transfer,US,USD
TXN-00001740,SIG-00188,2024-02-07 00:13:36.871522,2978.88,in,refund,US,USD
TXN-00007712,SIG-00859,2024-05-06 23:00:40.777020,2003.98,in,payment,TR,USD
TXN-00008077,SIG-00894,2024-01-19 21:13:59.253833,11448.1,out,deposit,PA,GBP
TXN-00000899,SIG-00094,2024-06-05 15:11:41.557203,2155.67,out,wire,BR,USD
TXN-00008727,SIG-00967,2024-08-13 08:26:55.761181,16002.76,out,withdrawal,US,USD
TXN-00005460,SIG-00609,2024-01-13 00:52:46.234507,4041.95,in,deposit,US,USD
TXN-00009579,SIG-01059,2024-06-13 08:23:31.701506,1216.18,out,deposit,US,USD
TXN-00006211,SIG-00697,2024-03-02 07:28:53.132163,1232.23,out,card_purchase,US,USD
TXN-00005303,SIG-00592,2024-02-05 20:09:01.130984,752.69,in,fx_exchange,US,USD
TXN-00003781,SIG-00418,2024-02-17 11:46:57.130863,40321.36,in,payment,US,USD
TXN-00001564,SIG-00169,2024-01-03 18:29:30.497152,248.38,out,deposit,AE,CHF
TXN-00004251,SIG-00472,2024-09-13 02:53:49.516400,2803.82,out,bill_pay,US,USD
TXN-00005844,SIG-00654,2024-09-10 05:07:19.118336,389.58,in,wire,US,USD
TXN-00007678,SIG-00856,2024-10-08 20:37:28.206936,12485.8,in,transfer,US,USD
TXN-00008804,SIG-00975,2024-11-04 04:22:08.040256,801.48,in,card_purchase,US,USD
TXN-00003609,SIG-00402,2024-01-30 08:08:58.261445,2091.91,in,wire,US,USD
TXN-00008659,SIG-00959,2024-09-01 14:12:27.345352,1129.62,out,payment,US,USD
TXN-00010417,SIG-01151,2024-06-07 19:01:00.340091,4025.85,out,payment,US,USD
TXN-00010112,SIG-01116,2024-11-12 01:34:13.240946,2297.3,in,atm_withdrawal,US,USD
TXN-00005408,SIG-00603,2024-02-11 18:47:23.014009,5719.78,in,bill_pay,US,USD
TXN-00009264,SIG-01026,2024-12-05 13:18:32.512609,538.68,out,withdrawal,CN,GBP
TXN-00008327,SIG-00919,2024-04-07 08:52:44.887900,5111.0,out,card_purchase,US,USD
TXN-00004318,SIG-00478,2023-12-30 01:28:35.164867,180.79,in,card_purchase,US,USD
TXN-00004278,SIG-00475,2024-09-16 12:43:29.639944,769.64,out,payment,US,USD
TXN-00009471,SIG-01045,2024-08-02 08:15:44.957974,351.97,in,payment,US,USD
TXN-00004520,SIG-00502,2024-03-23 20:29:52.980249,351.36,in,atm_withdrawal,KY,GBP
TXN-00010050,SIG-01107,2024-03-01 07:50:46.741150,2652.49,out,card_purchase,US,USD
TXN-00002214,SIG-00243,2024-10-20 03:32:19.446276,2497.29,out,transfer,US,USD
TXN-00000834,SIG-00086,2024-10-24 13:28:30.083851,184.92,in,payment,US,USD
TXN-00007780,SIG-00865,2024-02-23 21:14:35.862220,230.64,out,atm_withdrawal,US,USD
TXN-00008720,SIG-00966,2024-04-20 00:05:06.835141,291.99,in,transfer,AE,CHF
TXN-00004023,SIG-00449,2024-10-16 16:50:44.771386,183.39,in,atm_withdrawal,CN,GBP
TXN-00003406,SIG-00379,2024-06-01 02:31:01.676524,1637.79,in,deposit,US,USD
TXN-00006038,SIG-00678,2024-01-26 01:57:08.404918,1429.33,out,fx_exchange,KY,EUR
TXN-00004709,SIG-00524,2024-12-12 19:09:25.873855,4976.14,out,fx_exchange,US,USD
TXN-00009890,SIG-01094,2024-03-04 03:59:06.019859,349.55,out,withdrawal,US,USD
TXN-00001744,SIG-00189,2024-02-27 06:48:03.017204,10506.76,in,wire,US,USD
TXN-00008181,SIG-00904,2024-10-01 02:58:53.009938,843.46,out,atm_withdrawal,US,USD
TXN-00003551,SIG-00396,2024-04-27 12:07:52.103327,13162.32,in,withdrawal,AE,CHF
TXN-00005717,SIG-00639,2024-04-02 07:14:45.649934,5464.57,out,refund,US,USD
TXN-00003419,SIG-00381,2024-10-22 13:03:05.890358,1839.13,in,fx_exchange,US,USD
TXN-00009863,SIG-01090,2024-06-27 22:29:06.827860,3310.64,in,wire,US,USD
TXN-00008205,SIG-00907,2024-11-03 00:08:08.714455,183.92,in,payment,RU,USD
TXN-00003308,SIG-00367,2024-11-16 10:07:17.648858,884.69,out,card_purchase,AE,EUR
TXN-00002544,SIG-00279,2024-10-13 09:00:07.605964,5938.31,in,transfer,US,USD
TXN-00000931,SIG-00097,2024-09-11 01:49:31.186102,13063.28,in,wire,US,USD
TXN-00003405,SIG-00379,2024-05-22 07:39:59.450800,1322.14,in,card_purchase,US,USD
TXN-00001198,SIG-00127,2024-05-26 07:59:09.315001,180.13,in,transfer,US,USD
TXN-00007189,SIG-00805,2024-11-01 05:30:11.664921,121.95,in,wire,US,USD
TXN-00004163,SIG-00462,2024-02-20 13:42:30.889120,2471.96,in,transfer,TR,CHF
TXN-00007584,SIG-00847,2024-04-14 14:27:38.612640,7329.92,in,withdrawal,US,USD
TXN-00001430,SIG-00155,2024-10-12 16:35:26.377859,475.91,in,payment,US,USD
TXN-00009253,SIG-01024,2024-03-09 09:48:33.806022,435.25,out,card_purchase,US,USD
TXN-00010156,SIG-01120,2024-01-26 01:13:06.458984,641.46,out,transfer,US,USD
TXN-00001154,SIG-00121,2024-05-28 18:09:36.642450,744.66,in,card_purchase,US,USD
TXN-00004195,SIG-00465,2024-10-16 14:42:13.148481,306.08,out,bill_pay,RU,USD
TXN-00005740,SIG-00643,2023-12-21 17:12:44.289881,3226.51,out,withdrawal,US,USD
TXN-00002770,SIG-00304,2024-05-03 07:44:10.192670,738.97,in,bill_pay,US,USD
TXN-00005228,SIG-00581,2024-04-24 11:57:58.639891,631.84,in,refund,IN,GBP
TXN-00009552,SIG-01054,2024-09-22 03:53:46.182568,1965.76,out,transfer,US,USD
TXN-00009860,SIG-01090,2024-06-27 15:39:30.491796,128.52,in,payment,IN,JPY
TXN-00000965,SIG-00100,2024-07-27 06:35:35.465490,306.98,in,bill_pay,US,USD
TXN-00006031,SIG-00676,2024-04-18 08:14:21.377206,211.05,out,payment,UA,CHF
TXN-00007628,SIG-00851,2024-01-14 17:26:48.987882,281.13,out,wire,US,USD
TXN-00006714,SIG-00751,2024-11-12 12:19:21.667206,3903.26,out,fx_exchange,US,USD
TXN-00002699,SIG-00297,2024-01-18 03:09:54.079666,831.9,in,bill_pay,TR,CHF
TXN-00003539,SIG-00395,2024-01-21 08:15:13.847325,2098.78,in,transfer,US,USD
TXN-00007088,SIG-00792,2024-03-04 13:11:27.902163,273.62,out,deposit,US,USD
TXN-00001484,SIG-00160,2024-04-19 01:23:04.678230,12814.02,out,card_purchase,US,USD
TXN-00003255,SIG-00362,2024-07-14 04:44:05.099816,262.79,in,wire,BR,USD
TXN-00004130,SIG-00459,2024-04-02 07:52:18.322682,68.74,out,card_purchase,UA,GBP
TXN-00009847,SIG-01088,2024-07-06 12:08:17.247769,550.19,out,withdrawal,US,USD
TXN-00010398,SIG-01149,2024-04-21 15:34:10.415293,7750.95,in,payment,US,USD
TXN-00001427,SIG-00155,2024-10-02 23:13:51.720586,7308.81,in,payment,US,USD
TXN-00002545,SIG-00279,2024-10-11 01:12:35.705228,5303.57,in,transfer,IN,JPY
TXN-00004439,SIG-00492,2024-09-18 08:06:57.660091,1419.51,out,wire,US,USD
TXN-00005560,SIG-00620,2024-11-26 01:17:25.416501,200.65,in,card_purchase,UA,GBP
TXN-00009573,SIG-01058,2024-01-23 04:52:11.289301,508.59,in,card_purchase,US,USD
TXN-00002179,SIG-00240,2024-10-01 20:33:42.914734,2691.6,out,transfer,IN,EUR
TXN-00006740,SIG-00753,2024-01-18 10:09:20.587808,149.98,out,deposit,US,USD
TXN-00006700,SIG-00749,2024-07-17 10:42:11.320808,1789.23,out,withdrawal,US,USD
TXN-00001058,SIG-00111,2024-09-25 19:34:06.989134,1580.49,in,card_purchase,US,USD
TXN-00009273,SIG-01026,2024-11-30 02:00:15.621625,4426.99,out,card_purchase,US,USD
TXN-00003376,SIG-00374,2024-11-30 00:46:40.840911,2346.11,in,transfer,CN,CHF
TXN-00004033,SIG-00449,2024-10-30 01:33:27.535181,1003.4,out,payment,US,USD
TXN-00008719,SIG-00966,2024-04-17 16:28:18.978353,3774.69,out,transfer,US,USD
TXN-00006385,SIG-00716,2024-10-22 13:58:19.619010,787.68,in,withdrawal,US,USD
TXN-00008760,SIG-00971,2024-10-26 10:50:48.297156,526.18,out,deposit,US,USD
TXN-00001545,SIG-00167,2024-06-04 11:12:17.507237,2110.72,in,deposit,UA,GBP
TXN-00010694,SIG-01181,2024-02-09 15:07:34.610431,441.36,in,transfer,RU,EUR
TXN-00009120,SIG-01012,2024-03-20 15:29:54.758614,396.45,in,payment,US,USD
TXN-00008481,SIG-00939,2024-09-16 18:46:20.722101,4479.63,in,payment,US,USD
TXN-00006729,SIG-00752,2024-09-25 07:29:43.830049,4258.34,in,transfer,US,USD
TXN-00000725,SIG-00077,2024-02-11 05:46:41.016436,1954.59,in,fx_exchange,US,USD
TXN-00009777,SIG-01082,2024-05-28 06:54:02.211582,520.77,in,card_purchase,US,USD
TXN-00007329,SIG-00818,2024-02-25 20:26:12.211052,4240.57,out,transfer,US,USD
TXN-00007404,SIG-00826,2024-07-17 05:30:23.695600,1046.49,out,refund,US,USD
TXN-00001128,SIG-00119,2024-02-09 07:05:47.734839,459.45,out,withdrawal,US,USD
TXN-00004610,SIG-00511,2024-08-02 00:55:10.306209,325.49,out,payment,US,USD
TXN-00006188,SIG-00695,2024-12-11 00:21:09.532852,3161.97,in,transfer,US,USD
TXN-00007643,SIG-00852,2024-12-09 21:28:10.347257,3008.97,in,card_purchase,US,USD
TXN-00001587,SIG-00172,2024-06-22 21:08:50.599948,4406.91,in,deposit,US,USD
TXN-00004490,SIG-00499,2024-01-16 18:54:32.907402,1619.22,out,payment,US,USD
TXN-00006880,SIG-00769,2024-11-22 04:47:24.422812,1742.05,in,transfer,US,USD
TXN-00006335,SIG-00711,2024-05-28 11:11:33.271758,60651.35,in,withdrawal,RU,CHF
TXN-00001562,SIG-00168,2024-11-28 10:25:13.526311,1326.8,in,withdrawal,US,USD
TXN-00004227,SIG-00469,2024-06-22 13:17:19.292461,5017.06,out,atm_withdrawal,US,USD
TXN-00007860,SIG-00874,2024-12-12 07:24:29.181285,20384.91,in,withdrawal,US,USD
TXN-00003380,SIG-00375,2024-02-20 14:08:39.800644,4532.44,in,atm_withdrawal,US,USD
TXN-00006689,SIG-00747,2024-02-02 16:59:49.653551,1338.99,out,deposit,US,USD
TXN-00006591,SIG-00738,2024-01-01 21:05:22.990367,1064.9,in,withdrawal,US,USD
TXN-00004011,SIG-00448,2024-06-07 17:28:49.002259,2375.67,out,card_purchase,US,USD
TXN-00006189,SIG-00695,2024-12-21 03:20:13.481328,677.43,out,withdrawal,US,USD
TXN-00008795,SIG-00973,2024-08-19 01:20:45.471621,1324.84,in,wire,US,USD
TXN-00008432,SIG-00933,2024-08-16 12:44:31.967261,2990.2,in,deposit,IN,USD
TXN-00003425,SIG-00383,2024-07-27 01:34:27.887049,744.14,out,bill_pay,US,USD
TXN-00002923,SIG-00324,2024-09-17 19:42:44.766008,545.86,out,wire,US,USD
TXN-00003956,SIG-00441,2024-08-01 20:24:36.994757,1197.33,out,payment,US,USD
TXN-00007415,SIG-00827,2024-04-11 17:19:27.340893,118.8,out,card_purchase,US,USD
TXN-00004512,SIG-00502,2024-03-23 00:37:27.416490,37.75,in,card_purchase,US,USD
TXN-00009036,SIG-01002,2024-11-27 21:23:17.822736,519.4,in,atm_withdrawal,US,USD
TXN-00003280,SIG-00364,2023-12-23 18:32:20.745682,6723.39,out,transfer,BR,CHF
TXN-00008585,SIG-00950,2023-11-25 21:12:22.340162,737.32,out,deposit,US,USD
TXN-00002606,SIG-00286,2024-09-26 20:37:48.844034,422.34,in,transfer,US,USD
TXN-00010230,SIG-01128,2024-05-28 18:50:16.984658,968.58,in,deposit,US,USD
TXN-00001393,SIG-00148,2024-10-22 12:00:16.932938,9200.67,in,refund,US,USD
TXN-00007416,SIG-00827,2024-04-14 05:45:40.083274,167.2,in,payment,AE,USD
TXN-00000753,SIG-00078,2024-08-14 02:02:14.477038,476.6,in,deposit,IN,USD
TXN-00005813,SIG-00651,2024-02-10 00:16:00.903581,2309.05,in,deposit,US,USD
TXN-00007873,SIG-00875,2024-03-27 20:22:43.959037,1485.06,in,wire,US,USD
TXN-00004731,SIG-00527,2024-11-28 18:03:12.744247,200.01,out,card_purchase,KY,USD
TXN-00009318,SIG-01031,2024-06-20 12:44:37.265316,45.38,out,withdrawal,US,USD
TXN-00001778,SIG-00193,2024-05-23 21:59:24.571116,3752.02,out,deposit,US,USD
TXN-00000018,SIG-00002,2024-10-02 21:13:57.085726,3314.8,in,withdrawal,US,USD
TXN-00001771,SIG-00192,2024-03-11 08:45:33.167472,769.18,in,payment,UA,GBP
TXN-00001889,SIG-00203,2024-11-15 11:38:23.821736,308.47,in,card_purchase,US,USD
TXN-00004203,SIG-00466,2024-12-19 13:48:35.604210,119.05,out,atm_withdrawal,TR,GBP
TXN-00001643,SIG-00178,2024-06-24 19:06:45.015072,3800.82,out,bill_pay,US,USD
TXN-00009295,SIG-01029,2024-07-03 18:37:34.463225,178.62,in,transfer,US,USD
TXN-00002317,SIG-00254,2024-11-30 11:43:11.515541,926.92,out,card_purchase,US,USD
TXN-00003543,SIG-00396,2024-04-14 10:22:09.501528,1404.13,in,fx_exchange,US,USD
TXN-00000133,SIG-00014,2024-04-09 09:23:02.905769,189.82,in,card_purchase,US,USD
TXN-00007647,SIG-00853,2024-08-23 12:34:47.399239,22391.65,in,deposit,IN,EUR
TXN-00009308,SIG-01029,2024-07-04 23:36:26.376532,904.93,in,wire,US,USD
TXN-00004191,SIG-00465,2024-11-01 21:21:41.019403,1745.93,in,payment,US,USD
TXN-00005459,SIG-00609,2024-01-08 11:49:27.154435,191.02,in,refund,US,USD
TXN-00008746,SIG-00969,2024-01-20 09:08:52.396379,411.34,out,payment,KY,GBP
TXN-00001096,SIG-00115,2024-05-02 04:50:44.755100,715.55,out,fx_exchange,US,USD
TXN-00007170,SIG-00802,2024-09-20 06:27:13.611058,1033.96,in,card_purchase,US,USD
TXN-00006200,SIG-00696,2024-04-28 22:23:00.232813,10857.42,out,transfer,US,USD
TXN-00000528,SIG-00054,2024-05-26 18:59:09.652977,1402.32,in,deposit,US,USD
TXN-00004915,SIG-00548,2024-09-28 23:05:41.424187,1351.72,out,payment,US,USD
TXN-00002003,SIG-00215,2024-06-15 19:47:35.359691,92.94,in,card_purchase,US,USD
TXN-00009350,SIG-01033,2024-10-09 05:41:33.460108,9079.77,in,transfer,CN,EUR
TXN-00000169,SIG-00017,2024-10-23 20:36:44.960110,960.22,in,transfer,US,USD
TXN-00007069,SIG-00790,2024-06-15 19:12:05.252126,10732.45,in,refund,US,USD
TXN-00004429,SIG-00491,2024-07-23 16:42:59.934665,9590.19,out,transfer,US,USD
TXN-00009838,SIG-01086,2024-09-08 05:09:04.651047,184.5,in,card_purchase,BR,CHF
TXN-00001920,SIG-00206,2024-04-08 10:08:05.195881,755.1,out,card_purchase,TR,CHF
TXN-00000702,SIG-00073,2024-04-06 16:57:12.456655,1498.73,in,wire,PA,CHF
TXN-00010217,SIG-01126,2024-04-11 10:53:21.471720,1204.31,in,card_purchase,US,USD
TXN-00006716,SIG-00751,2024-10-24 14:45:37.495133,319.01,in,payment,US,USD
TXN-00003884,SIG-00430,2024-08-24 15:04:33.543367,1176.23,in,payment,US,USD
TXN-00003434,SIG-00384,2024-10-19 11:41:57.450331,4471.87,in,transfer,BR,GBP
TXN-00007991,SIG-00884,2024-07-02 19:55:15.966545,459.9,in,card_purchase,US,USD
TXN-00003704,SIG-00411,2024-07-28 18:53:05.929155,802.97,in,transfer,UA,EUR
TXN-00008722,SIG-00966,2024-05-18 08:23:40.244144,1430.89,out,withdrawal,CN,GBP
TXN-00002767,SIG-00303,2024-04-03 00:41:20.794637,1336.72,in,refund,US,USD
TXN-00006479,SIG-00727,2024-08-03 10:47:52.086319,244.61,out,card_purchase,US,USD
TXN-00000773,SIG-00080,2024-03-21 06:10:48.610201,787.25,in,withdrawal,US,USD
TXN-00001299,SIG-00136,2024-02-17 11:45:54.157274,4778.89,out,card_purchase,US,USD
TXN-00005012,SIG-00560,2024-07-10 00:10:21.384007,168.17,out,withdrawal,UA,CHF
TXN-00001353,SIG-00143,2024-07-19 20:57:37.786193,459.94,in,card_purchase,US,USD
TXN-00002927,SIG-00325,2024-05-20 09:52:17.661329,2402.53,in,refund,US,USD
TXN-00010429,SIG-01152,2024-10-20 13:48:57.014025,209.38,out,fx_exchange,RU,EUR
TXN-00008502,SIG-00941,2024-01-22 00:13:18.760139,3004.75,in,deposit,US,USD
TXN-00001288,SIG-00135,2024-10-08 13:16:49.729203,1838.44,in,transfer,US,USD
TXN-00009464,SIG-01044,2023-12-21 18:25:14.383699,5531.6,in,refund,US,USD
TXN-00007624,SIG-00850,2024-06-14 23:35:56.081994,3308.51,out,wire,KY,EUR
TXN-00008950,SIG-00990,2024-01-25 16:45:29.035664,2215.22,out,bill_pay,US,USD
TXN-00005229,SIG-00581,2024-04-25 22:20:13.623703,1068.24,in,card_purchase,US,USD
TXN-00004851,SIG-00542,2024-04-15 01:54:47.863738,334.34,in,transfer,US,USD
TXN-00002014,SIG-00218,2024-11-11 03:01:39.591071,861.41,out,card_purchase,US,USD
TXN-00009560,SIG-01056,2024-03-18 10:16:12.019528,1120.98,out,transfer,US,USD
TXN-00004304,SIG-00477,2024-09-30 20:43:17.313691,3138.87,out,card_purchase,US,USD
TXN-00008597,SIG-00952,2024-04-28 02:17:26.181700,795.38,in,atm_withdrawal,US,USD
TXN-00006404,SIG-00719,2024-05-03 04:08:37.818327,2484.9,in,refund,CN,EUR
TXN-00008139,SIG-00899,2024-07-27 23:48:17.137031,6281.21,out,transfer,US,USD
TXN-00002148,SIG-00234,2024-09-11 21:19:25.279470,146.12,out,withdrawal,US,USD
TXN-00009144,SIG-01014,2024-08-11 07:32:07.959828,67.55,out,card_purchase,NG,EUR
TXN-00005156,SIG-00574,2024-05-05 07:03:19.187599,779.85,in,transfer,US,USD
TXN-00008013,SIG-00887,2024-11-30 11:40:39.355104,994.83,out,transfer,US,USD
TXN-00005323,SIG-00594,2024-09-05 06:51:23.554343,3821.52,in,transfer,US,USD
TXN-00009428,SIG-01039,2024-07-02 14:55:42.322540,1687.07,out,deposit,US,USD
TXN-00000450,SIG-00045,2024-03-03 12:45:28.108877,1862.13,out,transfer,US,USD
TXN-00003205,SIG-00355,2024-01-31 00:46:05.249753,853.3,out,deposit,US,USD
TXN-00006052,SIG-00679,2024-09-17 00:31:32.963090,160.73,out,refund,US,USD
TXN-00008737,SIG-00968,2024-05-23 13:27:01.595332,551.83,in,payment,US,USD
TXN-00006744,SIG-00753,2024-01-28 22:48:13.170534,817.24,in,wire,US,USD
TXN-00006400,SIG-00718,2024-09-25 15:09:09.872979,3000.07,in,withdrawal,US,USD
TXN-00008069,SIG-00894,2024-01-27 11:46:05.355263,5445.98,out,card_purchase,UA,CHF
TXN-00000811,SIG-00084,2024-10-10 14:06:20.899132,425.93,out,payment,US,USD
TXN-00007666,SIG-00854,2024-04-01 12:18:14.853381,221.98,in,card_purchase,US,USD
TXN-00007771,SIG-00864,2024-05-18 16:15:39.738125,2168.48,out,card_purchase,US,USD
TXN-00004505,SIG-00501,2024-06-28 14:09:06.581120,339.95,in,card_purchase,US,USD
TXN-00005145,SIG-00573,2024-03-20 10:27:11.560341,721.19,out,withdrawal,IN,USD
TXN-00002074,SIG-00225,2024-11-20 10:45:54.851432,144.27,out,card_purchase,US,USD
TXN-00009029,SIG-01001,2024-11-24 11:56:11.722577,12519.1,in,card_purchase,IN,EUR
TXN-00009639,SIG-01066,2024-10-15 08:21:31.114983,14603.22,out,fx_exchange,US,USD
TXN-00010370,SIG-01146,2024-02-08 20:46:52.701771,1396.87,out,wire,US,USD
TXN-00001478,SIG-00159,2024-04-09 20:03:19.649359,1314.15,out,transfer,US,USD
TXN-00001791,SIG-00194,2024-10-26 18:10:29.680239,7298.92,out,refund,US,USD
TXN-00002334,SIG-00256,2024-07-23 16:04:58.266028,328.47,in,wire,US,USD
TXN-00002009,SIG-00217,2024-03-12 20:18:38.352839,1206.26,out,deposit,US,USD
TXN-00000683,SIG-00072,2024-03-21 02:07:22.794244,703.99,in,withdrawal,US,USD
TXN-00008474,SIG-00938,2024-10-21 03:23:07.553168,259.36,in,payment,US,USD
TXN-00008455,SIG-00936,2024-12-02 13:40:46.158958,2396.73,in,transfer,US,USD
TXN-00002860,SIG-00316,2024-06-09 15:15:59.529831,8357.07,in,bill_pay,US,USD
TXN-00003089,SIG-00344,2024-05-18 06:07:38.488869,180.46,in,payment,KY,JPY
TXN-00000058,SIG-00006,2024-06-06 23:25:20.867838,120.52,in,transfer,US,USD
TXN-00005418,SIG-00605,2024-06-27 04:07:00.625096,774.12,out,transfer,US,USD
TXN-00009378,SIG-01035,2024-05-17 19:44:51.086960,227.6,out,card_purchase,US,USD
TXN-00009707,SIG-01074,2024-12-18 18:04:40.048816,494.94,out,withdrawal,AE,GBP
TXN-00002400,SIG-00262,2024-04-11 17:47:56.648753,1432.25,out,fx_exchange,US,USD
TXN-00004396,SIG-00486,2024-04-29 08:35:46.277711,1470.52,out,atm_withdrawal,US,USD
TXN-00000047,SIG-00005,2024-03-11 11:51:32.917735,1332.09,out,card_purchase,US,USD
TXN-00000031,SIG-00003,2024-01-31 21:16:31.852011,2745.0,out,atm_withdrawal,US,USD
TXN-00010259,SIG-01133,2024-02-29 12:46:21.067316,4831.68,in,card_purchase,US,USD
TXN-00005039,SIG-00562,2024-06-06 05:57:22.358559,1045.71,out,atm_withdrawal,US,USD
TXN-00006854,SIG-00767,2024-04-15 15:53:22.492995,1331.79,out,card_purchase,US,USD
TXN-00001469,SIG-00159,2024-03-26 15:14:30.884391,1083.95,out,bill_pay,US,USD
TXN-00001666,SIG-00181,2024-02-13 01:24:41.143084,563.83,out,transfer,US,USD
TXN-00001417,SIG-00152,2024-01-28 16:53:58.456925,485.5,in,deposit,IN,USD
TXN-00007348,SIG-00819,2024-03-13 11:05:16.009268,582.4,out,payment,CN,GBP
TXN-00002359,SIG-00257,2024-02-09 09:23:30.263030,6197.93,out,card_purchase,BR,USD
TXN-00005685,SIG-00636,2024-10-26 19:48:23.374800,366.66,out,card_purchase,US,USD
TXN-00010881,SIG-01200,2024-04-27 02:29:58.461855,952.28,out,transfer,CN,EUR
TXN-00007230,SIG-00811,2024-12-04 18:31:12.766077,594.17,in,fx_exchange,US,USD
TXN-00009098,SIG-01010,2024-08-18 08:38:37.605361,5356.66,in,withdrawal,US,USD
TXN-00009248,SIG-01024,2024-02-28 23:11:10.412141,212.08,out,transfer,US,USD
TXN-00008024,SIG-00888,2024-05-01 15:49:14.737381,7702.98,out,card_purchase,UA,USD
TXN-00000430,SIG-00042,2024-05-05 05:30:49.583695,389.73,out,transfer,US,USD
TXN-00006299,SIG-00707,2024-02-07 20:35:42.287722,281.01,in,payment,US,USD
TXN-00003060,SIG-00341,2024-02-25 12:50:59.070963,3845.1,out,card_purchase,US,USD
TXN-00000386,SIG-00039,2024-02-05 18:25:27.484425,1503.49,in,deposit,US,USD
TXN-00001946,SIG-00207,2024-10-08 13:30:02.730090,134.13,out,fx_exchange,BR,EUR
TXN-00008958,SIG-00991,2024-08-31 11:11:22.889783,414.45,out,payment,US,USD
TXN-00004376,SIG-00484,2024-10-24 16:17:00.663154,1510.42,out,card_purchase,US,USD
TXN-00003078,SIG-00342,2024-06-10 16:00:42.007234,883.6,out,deposit,US,USD
TXN-00000474,SIG-00049,2024-05-25 09:18:34.427031,829.39,in,transfer,NG,GBP
TXN-00010521,SIG-01161,2024-01-04 09:21:57.865012,1033.24,in,payment,US,USD
TXN-00007094,SIG-00793,2024-11-14 07:04:58.587072,1644.16,out,withdrawal,US,USD
TXN-00010084,SIG-01111,2024-09-01 04:45:52.800090,1167.15,out,payment,US,USD
TXN-00007260,SIG-00813,2024-12-20 12:04:21.826466,5074.3,in,payment,US,USD
TXN-00007847,SIG-00872,2024-08-30 04:36:51.854569,607.3,out,deposit,US,USD
TXN-00000579,SIG-00059,2024-01-11 21:14:22.864496,12205.02,out,card_purchase,US,USD
TXN-00001056,SIG-00110,2024-11-16 09:33:20.534911,744.72,in,transfer,US,USD
TXN-00002282,SIG-00249,2024-11-14 12:47:45.236455,2354.79,in,withdrawal,IN,GBP
TXN-00007423,SIG-00829,2024-09-04 10:46:59.573049,744.78,in,payment,US,USD
TXN-00004360,SIG-00482,2024-06-24 15:59:57.728051,597.24,in,payment,US,USD
TXN-00009952,SIG-01099,2024-04-15 00:54:22.931361,28289.18,in,transfer,US,USD
TXN-00003533,SIG-00393,2024-07-30 14:48:38.362315,279.57,in,payment,US,USD
TXN-00006974,SIG-00780,2024-02-10 07:55:13.732168,895.94,in,bill_pay,US,USD
TXN-00003345,SIG-00372,2024-02-26 01:54:25.002247,5184.11,in,deposit,US,USD
TXN-00000812,SIG-00084,2024-10-30 10:42:39.882882,1433.93,out,withdrawal,US,USD
TXN-00005478,SIG-00611,2024-11-26 23:23:01.999774,697.4,out,payment,US,USD
TXN-00008015,SIG-00887,2024-11-22 07:57:15.045503,1204.39,out,deposit,US,USD
TXN-00006085,SIG-00682,2024-02-14 19:53:46.456279,920.87,out,fx_exchange,US,USD
TXN-00006158,SIG-00692,2024-01-09 12:10:34.297421,1223.39,in,deposit,US,USD
TXN-00003943,SIG-00440,2024-09-02 20:44:29.788879,1968.94,in,transfer,US,USD
TXN-00010440,SIG-01154,2024-10-03 22:09:43.235564,1226.9,in,payment,US,USD
TXN-00003046,SIG-00339,2024-05-16 08:46:55.303279,961.11,out,payment,US,USD
TXN-00003033,SIG-00337,2024-10-03 23:48:59.767434,1209.28,in,payment,US,USD
TXN-00000112,SIG-00011,2024-01-16 13:28:05.510732,501.48,in,fx_exchange,IN,GBP
TXN-00007413,SIG-00827,2024-03-12 16:37:01.805866,718.63,in,atm_withdrawal,US,USD
TXN-00010605,SIG-01170,2024-01-13 13:49:58.897261,569.55,out,wire,US,USD
TXN-00010054,SIG-01108,2024-01-11 02:50:16.656839,2497.17,out,transfer,US,USD
TXN-00006563,SIG-00734,2024-02-12 06:32:46.668971,6436.39,out,payment,UA,EUR
TXN-00001746,SIG-00189,2024-01-26 03:14:31.681633,352.19,in,payment,US,USD
TXN-00003059,SIG-00341,2024-03-29 16:09:40.253573,719.02,out,withdrawal,US,USD
TXN-00001453,SIG-00157,2024-03-22 02:11:09.013045,267.34,out,transfer,US,USD
TXN-00002150,SIG-00235,2024-12-09 11:01:07.597136,1741.08,out,transfer,US,USD
TXN-00000320,SIG-00035,2024-09-29 19:59:39.976598,650.23,out,withdrawal,US,USD
TXN-00005157,SIG-00574,2024-05-29 09:12:13.819268,3100.98,in,payment,US,USD
TXN-00007298,SIG-00815,2024-06-01 13:50:12.591129,463.58,out,card_purchase,US,USD
TXN-00002674,SIG-00293,2024-09-05 18:57:51.595801,1702.49,in,payment,US,USD
TXN-00001923,SIG-00207,2024-10-08 12:13:32.219707,4195.05,out,transfer,US,USD
TXN-00007026,SIG-00786,2024-05-17 07:43:09.370009,402.86,out,deposit,US,USD
TXN-00009784,SIG-01082,2024-06-08 02:03:09.213949,1027.07,in,fx_exchange,RU,CHF
TXN-00004405,SIG-00488,2024-04-05 18:45:18.105143,544.0,in,refund,US,USD
TXN-00005115,SIG-00571,2024-09-27 23:58:35.387406,25658.21,in,transfer,US,USD
TXN-00009265,SIG-01026,2024-12-01 16:01:45.257369,13336.99,in,card_purchase,US,USD
TXN-00002130,SIG-00232,2024-04-23 20:10:43.428465,736.96,in,withdrawal,US,USD
TXN-00008010,SIG-00887,2024-10-19 21:36:49.234886,688.83,in,card_purchase,US,USD
TXN-00006498,SIG-00728,2024-11-06 03:37:10.651255,19814.35,in,withdrawal,US,USD
TXN-00007483,SIG-00836,2024-02-21 23:21:40.540573,165.38,in,refund,US,USD
TXN-00003459,SIG-00386,2024-05-01 08:32:29.689654,434.95,in,withdrawal,US,USD
TXN-00010241,SIG-01130,2024-02-08 06:12:52.656399,11679.59,out,refund,US,USD
TXN-00007699,SIG-00857,2024-09-06 15:53:06.497990,145.25,out,atm_withdrawal,PA,EUR
TXN-00004601,SIG-00510,2024-09-09 18:51:46.311953,769.77,out,fx_exchange,US,USD
TXN-00006308,SIG-00708,2024-11-22 18:31:41.984867,1650.51,out,payment,RU,JPY
TXN-00001053,SIG-00110,2024-11-28 08:37:38.134084,1334.19,out,payment,US,USD
TXN-00003874,SIG-00430,2024-08-21 05:53:14.657882,1354.36,out,payment,US,USD
TXN-00008913,SIG-00986,2024-09-04 17:56:23.060703,15731.08,out,fx_exchange,US,USD
TXN-00004760,SIG-00532,2024-07-12 15:24:10.458754,5754.44,in,wire,US,USD
TXN-00000100,SIG-00010,2024-08-08 19:11:29.923678,1025.71,in,wire,US,USD
TXN-00007655,SIG-00854,2024-04-12 05:29:18.365750,4867.89,out,card_purchase,US,USD
TXN-00001457,SIG-00157,2024-04-04 06:45:03.270112,7707.06,out,deposit,US,USD
TXN-00000362,SIG-00037,2024-02-25 19:08:25.372006,98.59,out,payment,US,USD
TXN-00000813,SIG-00084,2024-10-12 23:30:13.408325,20553.76,in,transfer,TR,EUR
TXN-00001093,SIG-00114,2024-05-13 18:42:44.595385,141.42,in,withdrawal,AE,USD
TXN-00008758,SIG-00971,2024-10-27 10:56:53.763223,5588.69,in,refund,US,USD
TXN-00010478,SIG-01157,2024-01-23 04:41:46.793576,2548.16,in,deposit,US,USD
TXN-00004717,SIG-00525,2024-03-20 11:20:58.512440,702.1,in,bill_pay,US,USD
TXN-00005124,SIG-00571,2024-10-18 23:56:03.454499,2748.49,in,card_purchase,US,USD
TXN-00008362,SIG-00922,2024-08-05 15:28:54.893620,878.58,out,withdrawal,US,USD
TXN-00007725,SIG-00860,2024-03-05 20:37:14.463292,5478.82,out,payment,US,USD
TXN-00006045,SIG-00679,2024-11-09 19:14:02.669586,502.62,in,card_purchase,US,USD
TXN-00001415,SIG-00152,2024-02-28 09:54:58.865690,7249.13,in,payment,US,USD
TXN-00000541,SIG-00055,2024-09-23 06:48:47.600185,3135.16,out,fx_exchange,US,USD
TXN-00006973,SIG-00780,2024-02-12 05:22:57.351796,243.22,out,bill_pay,US,USD
TXN-00006350,SIG-00712,2024-04-26 17:50:55.204028,308.93,in,refund,US,USD
TXN-00001147,SIG-00121,2024-05-20 11:32:26.165198,1066.42,out,atm_withdrawal,US,USD
TXN-00005285,SIG-00590,2024-09-16 21:44:11.336063,652.61,out,payment,US,USD
TXN-00000755,SIG-00078,2024-08-12 12:04:33.102443,3101.24,out,refund,US,USD
TXN-00007154,SIG-00801,2024-09-07 20:56:23.818582,2902.85,in,transfer,US,USD
TXN-00006516,SIG-00730,2024-01-10 08:17:15.242829,154.57,in,payment,US,USD
TXN-00005227,SIG-00581,2024-04-08 20:19:32.687703,350.6,out,atm_withdrawal,US,USD
TXN-00005891,SIG-00658,2024-03-23 04:31:54.170270,1124.5,in,refund,US,USD
TXN-00005420,SIG-00605,2024-06-24 02:03:14.849133,25176.14,in,bill_pay,PA,CHF
TXN-00004719,SIG-00525,2024-03-31 23:41:26.632784,1148.93,in,transfer,US,USD
TXN-00010378,SIG-01147,2024-11-05 10:23:02.495836,2615.72,in,deposit,US,USD
TXN-00002958,SIG-00328,2024-03-01 14:49:51.068255,1114.46,out,deposit,KY,USD
TXN-00004282,SIG-00476,2024-11-23 02:18:08.868982,395.27,out,card_purchase,US,USD
TXN-00010459,SIG-01156,2024-06-06 04:29:55.166839,1611.46,in,payment,US,USD
TXN-00004773,SIG-00532,2024-08-08 21:31:09.184592,745.42,in,payment,US,USD
TXN-00003449,SIG-00384,2024-10-07 08:11:00.703732,962.11,in,card_purchase,US,USD
TXN-00004044,SIG-00450,2024-03-22 17:22:45.437496,56.44,in,payment,US,USD
TXN-00002609,SIG-00286,2024-10-21 16:10:06.039512,605.94,in,transfer,UA,EUR
TXN-00004031,SIG-00449,2024-11-17 21:13:25.547564,2372.24,in,payment,PA,JPY
TXN-00007345,SIG-00819,2024-03-05 12:34:10.706693,340.75,out,transfer,US,USD
TXN-00003275,SIG-00363,2024-07-01 01:46:01.514531,2401.11,in,card_purchase,US,USD
TXN-00009247,SIG-01024,2024-03-06 11:01:20.946384,1986.51,out,atm_withdrawal,US,USD
TXN-00007224,SIG-00810,2024-09-25 15:18:12.419897,345.64,out,payment,US,USD
TXN-00008577,SIG-00949,2024-07-14 03:32:17.468777,3837.6,out,transfer,US,USD
TXN-00005265,SIG-00588,2024-10-23 23:27:13.299160,1818.04,out,card_purchase,US,USD
TXN-00005520,SIG-00615,2024-04-17 02:38:17.547291,4262.03,out,fx_exchange,US,USD
TXN-00000602,SIG-00061,2024-03-21 21:55:59.638986,702.91,out,atm_withdrawal,US,USD
TXN-00008270,SIG-00913,2024-07-10 07:40:00.088383,939.34,out,withdrawal,US,USD
TXN-00009730,SIG-01077,2024-10-18 23:05:45.096180,243.61,in,bill_pay,US,USD
TXN-00004194,SIG-00465,2024-10-22 21:44:08.188109,930.7,in,payment,US,USD
TXN-00009499,SIG-01048,2024-01-02 12:27:58.296441,43448.49,in,deposit,US,USD
TXN-00004735,SIG-00528,2024-06-19 23:43:10.963814,15107.34,out,withdrawal,US,USD
TXN-00005944,SIG-00663,2024-06-08 08:37:12.879935,12615.63,in,atm_withdrawal,US,USD
TXN-00005658,SIG-00633,2024-01-14 04:35:55.655883,5465.63,in,refund,US,USD
TXN-00001045,SIG-00109,2024-09-06 15:10:08.866231,1184.22,out,card_purchase,PA,GBP
TXN-00008687,SIG-00962,2024-08-02 08:27:06.782626,495.0,in,payment,US,USD
TXN-00001558,SIG-00168,2024-11-19 11:12:45.505599,358.16,in,wire,BR,JPY
TXN-00004677,SIG-00520,2024-07-29 21:29:35.344476,1706.3,in,transfer,US,USD
TXN-00001488,SIG-00160,2024-04-04 16:21:56.854445,2853.31,in,card_purchase,RU,GBP
TXN-00004458,SIG-00494,2024-01-21 02:11:16.095039,2237.78,in,transfer,US,USD
TXN-00000181,SIG-00018,2024-05-02 04:36:11.616560,10430.4,out,fx_exchange,US,USD
TXN-00010023,SIG-01106,2024-01-23 16:55:47.964622,2976.96,in,wire,US,USD
TXN-00008288,SIG-00916,2024-02-04 19:42:50.582366,3306.97,in,wire,KY,USD
TXN-00002116,SIG-00231,2024-07-05 08:34:34.298910,833.61,out,wire,RU,JPY
TXN-00001700,SIG-00185,2024-08-21 08:52:15.415203,345.62,in,refund,US,USD
TXN-00001380,SIG-00146,2024-09-02 11:19:11.605392,3563.91,in,card_purchase,US,USD
TXN-00003442,SIG-00384,2024-10-10 00:21:57.643031,10113.24,out,withdrawal,US,USD
TXN-00002405,SIG-00263,2024-10-22 13:56:40.937274,565.21,out,atm_withdrawal,US,USD
TXN-00001396,SIG-00149,2024-04-13 11:08:39.309400,1063.7,out,refund,US,USD
TXN-00008999,SIG-00998,2024-09-07 17:36:10.715211,7177.29,out,card_purchase,TR,USD
TXN-00000619,SIG-00063,2024-02-27 07:58:43.390625,3957.28,in,transfer,US,USD
TXN-00006812,SIG-00761,2024-12-27 03:58:58.297731,206.49,out,bill_pay,US,USD
TXN-00010732,SIG-01185,2024-08-27 06:02:45.193137,656.82,in,atm_withdrawal,US,USD
TXN-00001601,SIG-00173,2024-04-07 11:46:11.100008,1385.75,out,transfer,PA,EUR
TXN-00006871,SIG-00768,2024-10-03 14:08:02.633655,2326.55,out,deposit,US,USD
TXN-00007136,SIG-00797,2024-10-12 08:30:33.815508,7710.56,out,wire,US,USD
TXN-00001616,SIG-00175,2024-01-25 02:08:21.939393,1641.46,in,withdrawal,BR,EUR
TXN-00008070,SIG-00894,2024-01-18 07:53:08.171940,309.94,out,atm_withdrawal,US,USD
TXN-00000439,SIG-00043,2024-03-05 20:08:40.257134,3863.99,out,withdrawal,US,USD
TXN-00006691,SIG-00748,2023-12-03 18:40:59.377559,1921.57,in,wire,NG,EUR
TXN-00002084,SIG-00226,2024-08-05 04:08:07.844356,3812.78,out,bill_pay,US,USD
TXN-00007541,SIG-00841,2024-01-15 16:03:05.404922,5734.59,out,atm_withdrawal,AE,JPY
TXN-00004573,SIG-00508,2024-03-07 03:27:52.105785,721.26,in,wire,US,USD
TXN-00008049,SIG-00892,2024-11-14 03:36:55.060575,2796.86,in,deposit,US,USD
TXN-00005937,SIG-00663,2024-06-05 08:10:27.424120,1550.26,in,refund,KY,JPY
TXN-00005497,SIG-00614,2024-11-05 19:56:26.353854,501.79,in,card_purchase,US,USD
TXN-00010425,SIG-01151,2024-06-07 13:01:20.079407,2952.89,in,transfer,US,USD
TXN-00008142,SIG-00900,2024-07-13 10:15:46.992281,1714.8,out,wire,US,USD
TXN-00003438,SIG-00384,2024-10-19 02:01:41.426243,162.21,in,wire,US,USD
TXN-00002546,SIG-00279,2024-10-13 10:12:26.814641,4678.63,out,wire,US,USD
TXN-00005994,SIG-00670,2024-03-25 18:40:52.201482,2273.36,in,card_purchase,US,USD
TXN-00009090,SIG-01009,2024-09-02 12:35:38.213873,1949.06,out,card_purchase,US,USD
TXN-00010352,SIG-01143,2024-10-06 09:07:23.287534,1979.16,out,bill_pay,US,USD
TXN-00001919,SIG-00206,2024-04-07 13:07:23.452491,1008.65,in,card_purchase,US,USD
TXN-00009086,SIG-01009,2024-09-02 17:43:18.811952,6769.45,in,atm_withdrawal,US,USD
TXN-00005966,SIG-00666,2024-04-05 13:21:09.321945,4717.06,out,bill_pay,US,USD
TXN-00006841,SIG-00764,2024-03-26 12:54:11.607890,249.6,in,card_purchase,US,USD
TXN-00008699,SIG-00963,2024-05-03 15:43:07.873714,676.28,out,transfer,US,USD
TXN-00005641,SIG-00630,2024-10-30 16:37:57.369077,573.47,out,fx_exchange,US,USD
TXN-00010269,SIG-01134,2024-03-08 05:47:30.590972,1703.14,in,fx_exchange,US,USD
TXN-00002055,SIG-00222,2024-12-06 11:56:11.284532,4204.67,in,card_purchase,US,USD
TXN-00003335,SIG-00370,2024-12-09 20:34:31.938877,2697.03,out,transfer,US,USD
TXN-00010045,SIG-01107,2024-03-25 14:56:15.006476,2264.12,out,atm_withdrawal,TR,GBP
TXN-00002363,SIG-00258,2024-08-17 02:21:08.473589,793.39,in,atm_withdrawal,IN,JPY
TXN-00003015,SIG-00336,2024-10-22 19:33:12.210146,916.16,out,payment,US,USD
TXN-00002226,SIG-00245,2024-05-18 01:09:08.601079,3058.92,in,wire,US,USD
TXN-00006261,SIG-00703,2023-12-20 19:46:03.777221,3366.0,out,fx_exchange,US,USD
TXN-00004819,SIG-00538,2024-11-16 15:23:03.991378,702.47,out,transfer,US,USD
TXN-00001127,SIG-00118,2024-02-08 08:39:32.609541,3310.84,out,wire,US,USD
TXN-00004487,SIG-00498,2024-09-11 06:46:15.100629,2424.2,in,bill_pay,BR,GBP
TXN-00010201,SIG-01124,2024-03-20 01:03:42.958061,4693.26,in,bill_pay,US,USD
TXN-00004813,SIG-00538,2024-11-04 12:21:23.570644,1826.19,out,transfer,US,USD
TXN-00003895,SIG-00432,2024-03-12 11:49:02.087395,497.61,out,payment,TR,JPY
TXN-00002445,SIG-00269,2024-01-02 20:09:32.002273,2119.38,in,fx_exchange,US,USD
TXN-00003838,SIG-00427,2024-05-07 20:34:09.791101,569.04,in,refund,IN,USD
TXN-00001323,SIG-00139,2024-03-20 17:32:26.324718,901.84,out,card_purchase,US,USD
TXN-00001604,SIG-00173,2024-04-16 14:02:24.940991,10973.7,in,bill_pay,US,USD
TXN-00006619,SIG-00741,2024-02-02 05:15:41.901012,1633.85,in,deposit,US,USD
TXN-00008521,SIG-00943,2024-08-16 17:19:26.879769,841.8,out,bill_pay,TR,JPY
TXN-00009843,SIG-01087,2024-07-06 20:32:02.495810,621.58,out,card_purchase,US,USD
TXN-00008672,SIG-00960,2024-10-03 05:40:19.694648,2035.11,out,atm_withdrawal,US,USD
TXN-00007918,SIG-00878,2024-01-16 06:01:56.059061,21191.32,in,transfer,US,USD
TXN-00006121,SIG-00686,2024-10-30 07:15:14.494200,3041.04,in,transfer,US,USD
TXN-00005282,SIG-00589,2024-08-05 13:48:19.225094,3696.4,in,card_purchase,US,USD
TXN-00010186,SIG-01123,2024-02-07 13:24:01.207525,4988.79,out,fx_exchange,US,USD
TXN-00002291,SIG-00250,2024-01-15 23:32:52.404730,8499.18,in,deposit,US,USD
TXN-00010188,SIG-01123,2024-02-13 11:00:00.998948,514.78,in,card_purchase,US,USD
TXN-00009732,SIG-01077,2024-10-20 07:57:14.788643,1224.33,out,atm_withdrawal,US,USD
TXN-00001508,SIG-00162,2024-10-17 17:51:32.171594,3126.48,in,deposit,US,USD
TXN-00006276,SIG-00705,2024-11-20 04:31:03.767986,910.63,out,card_purchase,US,USD
TXN-00001560,SIG-00168,2024-10-24 16:55:10.112086,185.02,in,deposit,US,USD
TXN-00005609,SIG-00625,2024-10-16 17:14:12.457151,623.06,out,card_purchase,US,USD
TXN-00007109,SIG-00794,2024-07-14 03:59:29.113230,1135.51,out,card_purchase,CN,EUR
TXN-00010706,SIG-01183,2024-12-09 02:42:22.089702,43430.25,in,deposit,US,USD
TXN-00009266,SIG-01026,2024-12-02 05:09:58.985214,18146.72,out,wire,US,USD
TXN-00004124,SIG-00458,2024-03-15 23:52:18.159233,749.28,out,withdrawal,US,USD
TXN-00001837,SIG-00198,2024-12-03 06:02:24.255763,3753.72,in,payment,US,USD
TXN-00004695,SIG-00522,2024-12-05 09:28:18.460602,2697.62,in,deposit,US,USD
TXN-00003670,SIG-00408,2024-03-03 18:54:57.666434,1314.09,in,withdrawal,US,USD
TXN-00000982,SIG-00102,2024-06-15 01:46:58.403182,2081.58,in,payment,US,USD
TXN-00009140,SIG-01014,2024-07-31 16:18:49.685669,1620.98,in,payment,US,USD
TXN-00001355,SIG-00143,2024-08-01 04:06:53.446814,324.37,out,deposit,US,USD
TXN-00002871,SIG-00319,2024-11-12 06:26:34.205094,4616.36,in,deposit,PA,GBP
TXN-00000046,SIG-00005,2024-03-11 06:52:18.363879,2693.19,out,withdrawal,US,USD
TXN-00002543,SIG-00279,2024-10-11 18:19:40.831580,2524.73,in,wire,RU,CHF
TXN-00004032,SIG-00449,2024-10-14 01:19:11.470067,1184.24,out,fx_exchange,US,USD
TXN-00000749,SIG-00078,2024-08-09 09:15:28.181645,3783.37,in,transfer,US,USD
TXN-00005801,SIG-00650,2024-06-26 02:29:12.342042,385.97,in,transfer,UA,EUR
TXN-00003509,SIG-00391,2023-12-27 09:50:13.917886,2029.3,out,transfer,US,USD
TXN-00010708,SIG-01183,2024-12-19 17:33:13.848860,112.85,out,wire,US,USD
TXN-00010368,SIG-01146,2024-02-25 09:09:11.010227,97.2,in,bill_pay,US,USD
TXN-00004114,SIG-00458,2024-03-19 01:02:08.515985,8300.61,out,transfer,US,USD
TXN-00005583,SIG-00624,2024-07-04 07:43:39.281210,5193.29,in,card_purchase,KY,JPY
TXN-00006073,SIG-00681,2024-10-11 06:36:15.772215,783.66,in,deposit,US,USD
TXN-00000536,SIG-00055,2024-10-06 09:55:41.034576,1820.59,out,deposit,US,USD
TXN-00004415,SIG-00490,2024-11-06 09:30:46.058700,3751.34,out,transfer,US,USD
TXN-00007279,SIG-00814,2024-06-15 16:35:58.827451,4564.09,out,atm_withdrawal,CN,CHF
TXN-00009650,SIG-01066,2024-10-17 06:30:22.778680,1694.57,in,card_purchase,US,USD
TXN-00006662,SIG-00744,2024-11-05 00:15:53.992109,655.9,out,payment,US,USD
TXN-00002252,SIG-00247,2024-05-21 20:15:03.091509,79.77,in,atm_withdrawal,US,USD
TXN-00001026,SIG-00106,2023-12-15 11:08:13.019460,2332.57,in,card_purchase,IN,GBP
TXN-00006736,SIG-00752,2024-09-30 05:54:34.803424,467.75,out,fx_exchange,US,USD
TXN-00005913,SIG-00660,2024-10-01 03:36:06.644207,588.99,out,payment,US,USD
TXN-00004537,SIG-00505,2024-08-06 16:01:37.119754,203.23,out,wire,KY,GBP
TXN-00004296,SIG-00476,2024-11-29 20:56:34.595049,1517.64,in,card_purchase,US,USD
TXN-00010676,SIG-01179,2024-09-21 22:33:35.927279,2749.8,out,fx_exchange,US,USD
TXN-00003615,SIG-00402,2024-01-10 22:39:53.006590,922.43,out,payment,US,USD
TXN-00003414,SIG-00381,2024-10-16 17:46:13.380263,3165.48,in,bill_pay,US,USD
TXN-00008532,SIG-00944,2024-10-18 19:40:21.618830,6060.02,out,withdrawal,US,USD
TXN-00010481,SIG-01157,2024-01-26 01:50:36.453537,1872.89,out,wire,US,USD
TXN-00010508,SIG-01159,2024-11-16 07:01:44.587748,86.07,out,card_purchase,US,USD
TXN-00005939,SIG-00663,2024-06-05 12:09:40.328691,395.63,in,transfer,US,USD
TXN-00000665,SIG-00069,2024-10-27 11:15:22.852565,40.07,in,transfer,US,USD
TXN-00003334,SIG-00370,2024-11-30 14:56:47.258897,832.85,out,bill_pay,US,USD
TXN-00002890,SIG-00320,2024-08-08 22:12:53.154688,7196.28,in,withdrawal,RU,CHF
TXN-00004330,SIG-00479,2024-02-12 07:25:44.913940,6039.86,out,payment,US,USD
TXN-00002971,SIG-00331,2024-02-02 01:18:03.662792,8241.0,out,deposit,US,USD
TXN-00009955,SIG-01099,2024-04-21 20:02:08.772463,27940.06,in,deposit,US,USD
TXN-00005222,SIG-00581,2024-04-06 15:05:21.759019,711.19,in,transfer,TR,EUR
TXN-00007718,SIG-00859,2024-04-30 00:25:21.754479,116.83,out,deposit,KY,EUR
TXN-00007920,SIG-00878,2024-01-18 17:51:04.044137,1385.75,in,wire,IN,JPY
TXN-00010467,SIG-01157,2023-12-30 14:47:46.018797,3970.86,out,refund,UA,USD
TXN-00009894,SIG-01094,2024-03-06 16:06:02.304731,937.76,out,fx_exchange,US,USD
TXN-00010439,SIG-01154,2024-09-29 04:15:32.559721,1707.6,in,atm_withdrawal,AE,GBP
TXN-00000676,SIG-00071,2024-01-22 19:17:58.998707,11953.39,in,deposit,US,USD
TXN-00004872,SIG-00543,2024-09-18 02:40:59.863566,1584.01,out,wire,US,USD
TXN-00006238,SIG-00701,2024-04-15 03:52:11.069299,859.42,in,withdrawal,US,USD
TXN-00004111,SIG-00458,2024-03-15 10:52:05.867606,222.01,in,withdrawal,US,USD
TXN-00009189,SIG-01017,2024-11-13 13:04:36.495868,142.62,out,fx_exchange,IN,JPY
TXN-00007421,SIG-00828,2024-04-01 09:34:34.352331,9303.17,out,bill_pay,IN,EUR
TXN-00003036,SIG-00337,2024-10-02 14:16:29.641600,1298.86,in,card_purchase,US,USD
TXN-00001963,SIG-00209,2024-07-25 19:07:49.930669,2350.9,in,payment,US,USD
TXN-00001841,SIG-00198,2024-12-08 01:46:04.030565,15380.05,in,transfer,US,USD
TXN-00005047,SIG-00563,2024-05-29 11:28:18.306906,283.0,in,atm_withdrawal,US,USD
TXN-00007748,SIG-00861,2024-05-19 10:09:56.268262,842.97,in,payment,US,USD
TXN-00004566,SIG-00508,2024-03-15 10:30:41.299049,5687.09,in,payment,AE,GBP
TXN-00008969,SIG-00993,2024-07-24 08:21:53.817720,486.71,in,wire,US,USD
TXN-00003686,SIG-00409,2024-10-31 07:42:01.238207,240.54,out,card_purchase,US,USD
TXN-00005834,SIG-00653,2024-12-09 15:23:26.592982,2493.97,in,transfer,NG,JPY
TXN-00006607,SIG-00740,2024-05-12 09:20:01.604162,10767.67,out,bill_pay,US,USD
TXN-00003799,SIG-00420,2024-12-11 20:29:13.003662,1911.35,out,atm_withdrawal,US,USD
TXN-00009195,SIG-01018,2024-06-24 21:09:39.912187,1391.12,out,payment,US,USD
TXN-00008277,SIG-00914,2024-05-24 22:32:18.063023,462.06,out,bill_pay,US,USD
TXN-00006361,SIG-00714,2024-01-23 06:15:20.366902,1432.92,in,payment,US,USD
TXN-00010475,SIG-01157,2024-01-05 08:24:49.458652,454.0,out,withdrawal,BR,GBP
TXN-00000412,SIG-00041,2024-08-30 11:11:05.304797,7184.05,out,payment,US,USD
TXN-00000614,SIG-00062,2024-08-16 16:35:48.626280,25097.05,in,card_purchase,US,USD
TXN-00005093,SIG-00568,2024-06-22 09:05:03.380379,1324.92,in,withdrawal,US,USD
TXN-00008920,SIG-00986,2024-09-04 07:04:38.122728,2107.86,in,refund,BR,EUR
TXN-00006249,SIG-00702,2024-10-09 23:02:37.873058,907.08,out,wire,US,USD
TXN-00001431,SIG-00155,2024-10-01 16:52:28.711648,252.68,out,transfer,US,USD
TXN-00003502,SIG-00389,2024-01-24 09:56:09.954033,1344.17,in,card_purchase,US,USD
TXN-00010305,SIG-01138,2024-09-12 05:59:48.444694,548.93,in,bill_pay,US,USD
TXN-00004743,SIG-00529,2024-06-08 06:38:41.399057,175.39,out,payment,AE,GBP
TXN-00005903,SIG-00659,2024-03-16 04:12:51.874419,328.2,in,payment,US,USD
TXN-00009220,SIG-01021,2024-12-23 14:45:37.009843,5986.04,out,transfer,US,USD
TXN-00007934,SIG-00880,2024-05-09 18:44:16.373113,3935.94,out,card_purchase,US,USD
TXN-00006063,SIG-00680,2024-09-24 07:19:42.445842,2753.19,in,card_purchase,US,USD
TXN-00001418,SIG-00153,2024-04-11 09:10:18.181674,2968.72,in,bill_pay,US,USD
TXN-00004950,SIG-00553,2024-08-25 14:38:58.401344,3567.03,in,wire,IN,CHF
TXN-00000605,SIG-00061,2024-03-28 12:05:53.448581,16595.98,out,deposit,US,USD
TXN-00001273,SIG-00134,2024-02-28 03:52:32.407705,3174.18,out,deposit,US,USD
TXN-00004820,SIG-00538,2024-11-11 07:01:36.128437,4893.55,out,transfer,CN,GBP
TXN-00007616,SIG-00850,2024-05-16 21:32:05.975653,365.56,in,transfer,UA,USD
TXN-00005471,SIG-00610,2024-03-30 23:43:20.345525,243.35,in,card_purchase,BR,USD
TXN-00008303,SIG-00916,2024-01-27 20:46:46.350254,1261.27,out,card_purchase,US,USD
TXN-00010851,SIG-01197,2024-07-17 11:06:14.621916,850.7,out,deposit,AE,CHF
TXN-00000248,SIG-00024,2024-01-21 09:46:13.608664,1266.45,out,deposit,UA,JPY
TXN-00005184,SIG-00576,2024-08-15 18:36:50.905437,746.03,out,transfer,US,USD
TXN-00002901,SIG-00321,2024-09-04 02:20:58.161899,270.93,in,wire,US,USD
TXN-00001983,SIG-00212,2024-12-18 02:10:50.578688,633.94,in,card_purchase,US,USD
TXN-00005260,SIG-00587,2024-04-07 07:48:41.723191,748.69,out,transfer,US,USD
TXN-00009495,SIG-01048,2023-12-30 11:23:20.227415,308.49,in,refund,US,USD
TXN-00000200,SIG-00019,2024-08-03 18:58:20.291708,9258.27,out,fx_exchange,US,USD
TXN-00004831,SIG-00540,2024-09-09 03:34:35.077767,2198.55,out,refund,US,USD
TXN-00000486,SIG-00050,2024-01-19 00:14:26.013176,873.82,out,payment,US,USD
TXN-00002880,SIG-00319,2024-11-16 23:48:26.278908,256.01,in,wire,US,USD
TXN-00007455,SIG-00832,2024-03-26 08:30:34.604688,3395.61,in,card_purchase,US,USD
TXN-00007278,SIG-00814,2024-06-18 21:34:40.061600,3514.57,in,transfer,US,USD
TXN-00004569,SIG-00508,2024-03-17 14:50:01.071697,1598.33,out,withdrawal,TR,GBP
TXN-00002824,SIG-00312,2024-03-05 18:40:03.504958,2141.32,in,fx_exchange,US,USD
TXN-00000456,SIG-00046,2024-06-07 17:19:11.407362,477.72,out,transfer,US,USD
TXN-00010675,SIG-01179,2024-09-20 13:27:29.745729,8531.61,out,payment,US,USD
TXN-00009633,SIG-01065,2024-11-19 01:49:47.391937,2568.73,in,fx_exchange,US,USD
TXN-00003246,SIG-00360,2024-05-16 13:37:40.251532,442.52,in,payment,NG,GBP
TXN-00007802,SIG-00866,2024-08-27 02:51:23.621846,733.36,in,fx_exchange,KY,EUR
TXN-00001722,SIG-00187,2024-10-02 22:52:24.942569,1187.19,in,transfer,PA,CHF
TXN-00004002,SIG-00446,2024-01-09 13:26:43.891183,1265.28,in,withdrawal,US,USD
TXN-00006187,SIG-00694,2024-08-01 04:11:51.009307,16528.61,in,card_purchase,US,USD
TXN-00004451,SIG-00493,2024-03-18 16:53:07.834159,4422.2,in,card_purchase,US,USD
TXN-00008923,SIG-00987,2024-05-02 23:51:05.026116,2145.98,out,wire,US,USD
TXN-00002795,SIG-00308,2024-10-12 08:15:35.993772,1930.57,out,payment,NG,CHF
TXN-00006909,SIG-00773,2024-06-10 09:44:59.330111,1789.11,out,bill_pay,US,USD
TXN-00006965,SIG-00778,2024-04-15 15:11:07.299813,278.21,out,deposit,US,USD
TXN-00000525,SIG-00053,2024-11-15 22:58:29.009627,234.25,out,payment,US,USD
TXN-00000863,SIG-00089,2024-08-20 02:09:17.972316,2025.25,out,transfer,US,USD
TXN-00002095,SIG-00228,2024-04-20 11:28:32.441044,113.82,out,card_purchase,US,USD
TXN-00000948,SIG-00099,2024-09-06 08:35:57.621041,1411.66,in,card_purchase,US,USD
TXN-00006153,SIG-00691,2024-07-30 11:13:11.509281,326.45,in,deposit,US,USD
TXN-00001445,SIG-00157,2024-03-29 01:18:57.300264,2209.95,out,payment,US,USD
TXN-00001281,SIG-00134,2024-03-21 02:23:20.816118,6038.08,in,bill_pay,BR,EUR
TXN-00010247,SIG-01130,2024-02-25 18:25:12.754037,1232.52,out,withdrawal,US,USD
TXN-00000123,SIG-00012,2024-11-22 15:29:56.084126,526.68,in,withdrawal,US,USD
TXN-00005904,SIG-00659,2024-03-17 04:14:13.120543,396.59,out,withdrawal,US,USD
TXN-00003693,SIG-00410,2024-01-15 09:01:42.990218,76.44,in,withdrawal,US,USD
TXN-00007937,SIG-00880,2024-05-15 20:38:18.007518,3957.77,out,atm_withdrawal,AE,USD
TXN-00008754,SIG-00970,2024-03-03 12:04:54.960008,45.7,out,card_purchase,US,USD
TXN-00009012,SIG-01000,2024-03-18 07:31:52.018385,828.06,out,transfer,US,USD
TXN-00010868,SIG-01199,2024-09-05 00:02:01.524874,6001.8,in,card_purchase,KY,USD
TXN-00002303,SIG-00251,2024-03-11 05:28:13.921333,935.25,out,withdrawal,US,USD
TXN-00008721,SIG-00966,2024-05-18 18:38:34.485165,5201.09,out,transfer,US,USD
TXN-00008222,SIG-00909,2024-01-27 23:25:46.301576,2053.07,in,withdrawal,US,USD
TXN-00002005,SIG-00216,2024-02-20 13:07:56.777012,6776.51,in,deposit,US,USD
TXN-00008224,SIG-00909,2024-02-03 21:26:22.703049,1924.51,out,transfer,KY,USD
TXN-00009497,SIG-01048,2023-12-31 01:24:16.970911,3309.32,out,payment,KY,GBP
TXN-00001006,SIG-00104,2024-08-24 13:56:49.752904,9682.06,in,payment,US,USD
TXN-00003371,SIG-00374,2024-12-02 16:59:58.758166,5437.25,out,card_purchase,US,USD
TXN-00007558,SIG-00843,2024-07-24 06:35:59.391042,702.79,out,card_purchase,US,USD
TXN-00009462,SIG-01044,2023-12-18 08:54:50.935936,391.54,in,withdrawal,US,USD
TXN-00003056,SIG-00341,2024-02-29 07:44:05.254351,3474.56,in,payment,US,USD
TXN-00002886,SIG-00319,2024-11-27 18:12:00.916722,9096.92,out,atm_withdrawal,US,USD
TXN-00009927,SIG-01097,2024-12-08 12:23:20.227125,2065.81,in,card_purchase,US,USD
TXN-00002133,SIG-00232,2024-03-13 18:13:01.724297,4431.34,out,atm_withdrawal,US,USD
TXN-00005101,SIG-00569,2024-01-31 18:23:59.870141,1554.13,in,deposit,TR,CHF
TXN-00008889,SIG-00982,2024-06-21 03:22:44.706267,1267.23,in,bill_pay,US,USD
TXN-00010454,SIG-01155,2024-09-09 04:44:27.652703,340.5,out,refund,US,USD
TXN-00005677,SIG-00635,2024-04-26 15:15:18.563649,1941.08,in,transfer,RU,CHF
TXN-00002058,SIG-00223,2024-04-29 22:00:52.256342,98.47,out,card_purchase,US,USD
TXN-00000189,SIG-00019,2024-08-05 05:57:13.617889,736.9,in,withdrawal,US,USD
TXN-00000230,SIG-00021,2024-10-03 23:39:25.399144,1841.83,in,transfer,US,USD
TXN-00005107,SIG-00570,2024-05-03 14:41:04.988193,50606.05,in,transfer,US,USD
TXN-00010823,SIG-01194,2024-07-02 16:13:03.410666,354.68,out,payment,US,USD
TXN-00009962,SIG-01101,2024-09-24 08:59:55.779188,222.82,in,transfer,US,USD
TXN-00007173,SIG-00803,2024-12-05 06:25:48.666852,863.34,in,withdrawal,US,USD
TXN-00003523,SIG-00392,2024-01-08 09:58:17.116212,873.96,out,card_purchase,CN,JPY
TXN-00003008,SIG-00335,2024-02-25 00:48:10.251512,22645.14,in,atm_withdrawal,US,USD
TXN-00004478,SIG-00497,2024-06-08 20:35:05.832920,551.51,out,payment,US,USD
TXN-00009138,SIG-01014,2024-07-30 06:09:14.989224,935.97,out,withdrawal,US,USD
TXN-00000210,SIG-00020,2024-12-04 15:23:47.911610,249.92,in,fx_exchange,US,USD
TXN-00007600,SIG-00849,2024-10-26 21:58:55.091962,454.79,in,refund,US,USD
TXN-00002751,SIG-00302,2023-12-22 01:12:13.457330,1966.9,out,deposit,US,USD
TXN-00007289,SIG-00814,2024-07-02 05:38:44.936512,9481.18,out,card_purchase,US,USD
TXN-00006346,SIG-00712,2024-04-07 19:01:32.713697,9630.83,in,deposit,US,USD
TXN-00004422,SIG-00490,2024-11-09 17:05:52.959392,1479.66,out,withdrawal,US,USD
TXN-00000281,SIG-00029,2024-12-04 01:06:09.411342,10834.39,out,wire,US,USD
TXN-00002945,SIG-00327,2024-01-10 23:47:35.889390,180.57,out,payment,US,USD
TXN-00004727,SIG-00527,2024-11-12 16:00:00.624720,587.2,in,deposit,US,USD
TXN-00002719,SIG-00298,2024-03-16 00:45:49.157191,1639.5,out,wire,IN,GBP
TXN-00005564,SIG-00621,2024-05-21 05:09:53.503446,2542.42,out,deposit,US,USD
TXN-00005710,SIG-00638,2024-11-27 20:28:15.217362,5784.5,in,payment,US,USD
TXN-00004632,SIG-00514,2024-04-08 15:11:08.747091,523.12,out,payment,US,USD
TXN-00001729,SIG-00188,2024-02-06 14:17:31.635389,451.86,out,bill_pay,US,USD
TXN-00006527,SIG-00731,2024-03-09 04:42:50.881487,279.43,out,withdrawal,US,USD
TXN-00000338,SIG-00036,2024-07-26 05:04:24.424315,1686.74,in,deposit,PA,EUR
TXN-00005975,SIG-00667,2024-10-07 17:54:55.609484,104.4,in,atm_withdrawal,US,USD
TXN-00010587,SIG-01169,2024-07-31 01:04:35.348228,1071.6,in,transfer,US,USD
TXN-00002651,SIG-00291,2024-05-11 22:03:09.808298,18324.05,in,withdrawal,US,USD
TXN-00003548,SIG-00396,2024-05-05 19:46:49.541800,3898.67,in,bill_pay,US,USD
TXN-00009298,SIG-01029,2024-07-03 13:44:04.809089,185.84,out,withdrawal,RU,USD
TXN-00008419,SIG-00931,2024-08-25 21:33:40.044863,5690.86,out,card_purchase,BR,GBP
TXN-00006096,SIG-00684,2024-09-18 11:39:34.094567,64.94,out,transfer,US,USD
TXN-00005130,SIG-00571,2024-10-16 11:44:34.282468,604.14,in,withdrawal,KY,EUR
TXN-00008994,SIG-00998,2024-09-05 01:39:33.449506,418.19,in,atm_withdrawal,US,USD
TXN-00001227,SIG-00130,2024-06-25 04:19:10.307413,640.84,out,transfer,US,USD
TXN-00006852,SIG-00766,2024-02-16 12:47:54.331042,7720.8,out,wire,US,USD
TXN-00007792,SIG-00866,2024-09-10 17:25:27.001306,582.49,out,transfer,US,USD
TXN-00002145,SIG-00233,2024-06-02 16:13:17.528198,666.73,in,payment,US,USD
TXN-00009576,SIG-01059,2024-07-08 11:21:16.304456,3921.47,in,deposit,US,USD
TXN-00007079,SIG-00791,2024-01-05 17:05:59.179889,583.98,in,withdrawal,US,USD
TXN-00002112,SIG-00230,2024-02-23 19:51:25.401008,1314.87,out,payment,US,USD
TXN-00007760,SIG-00863,2024-08-31 15:20:33.100327,300.53,in,wire,US,USD
TXN-00006718,SIG-00751,2024-10-28 16:26:10.268317,4241.11,out,deposit,US,USD
TXN-00010117,SIG-01116,2024-11-17 01:30:16.610060,97.4,in,card_purchase,AE,CHF
TXN-00004030,SIG-00449,2024-11-14 09:57:16.632489,701.34,in,card_purchase,BR,CHF
TXN-00003111,SIG-00347,2024-10-14 03:56:50.240013,1055.98,in,payment,US,USD
TXN-00005453,SIG-00609,2024-01-21 12:24:06.708253,4426.84,in,card_purchase,KY,CHF
TXN-00001018,SIG-00105,2024-09-10 22:03:19.562306,3124.2,out,atm_withdrawal,US,USD
TXN-00006130,SIG-00687,2024-11-30 07:46:49.559510,2793.72,out,atm_withdrawal,US,USD
TXN-00004059,SIG-00452,2024-06-02 22:34:31.063747,730.42,in,transfer,US,USD
TXN-00006011,SIG-00672,2024-05-19 06:24:09.781041,484.06,in,payment,US,USD
TXN-00001929,SIG-00207,2024-10-05 14:35:21.856838,3203.66,in,fx_exchange,US,USD
TXN-00004985,SIG-00557,2024-11-02 11:35:22.288924,686.5,in,card_purchase,TR,JPY
TXN-00000351,SIG-00036,2024-07-13 00:12:52.716528,204.48,in,wire,US,USD
TXN-00008043,SIG-00891,2024-05-13 23:42:58.582501,1023.05,in,payment,US,USD
TXN-00002202,SIG-00241,2024-11-29 05:18:15.525035,1503.38,out,withdrawal,US,USD
TXN-00005014,SIG-00560,2024-08-12 12:44:51.061016,6640.29,out,transfer,NG,EUR
TXN-00001935,SIG-00207,2024-10-06 20:06:25.758297,13114.81,in,transfer,US,USD
TXN-00010415,SIG-01150,2024-12-12 13:07:55.878121,3902.87,in,atm_withdrawal,US,USD
TXN-00008226,SIG-00909,2024-02-11 10:25:41.521428,375.99,in,transfer,US,USD
TXN-00006271,SIG-00705,2024-11-19 19:18:37.784233,180.0,in,card_purchase,US,USD
TXN-00006110,SIG-00685,2024-07-10 16:46:49.622057,640.69,out,bill_pay,US,USD
TXN-00006467,SIG-00725,2024-08-29 01:53:43.881016,532.6,in,atm_withdrawal,US,USD
TXN-00008792,SIG-00973,2024-08-17 16:27:35.236393,915.56,in,deposit,US,USD
TXN-00000565,SIG-00057,2024-07-24 04:38:05.748104,67.76,in,payment,US,USD
TXN-00001583,SIG-00171,2024-08-19 06:13:38.511539,4630.58,in,bill_pay,US,USD
TXN-00008298,SIG-00916,2024-02-02 14:32:16.402788,7131.79,out,deposit,US,USD
TXN-00002176,SIG-00239,2024-04-16 00:07:42.840873,1443.04,in,withdrawal,US,USD
TXN-00005847,SIG-00655,2024-01-03 21:20:59.357504,2098.99,in,atm_withdrawal,US,USD
TXN-00002541,SIG-00279,2024-10-13 00:53:17.608984,2981.5,in,refund,US,USD
TXN-00006456,SIG-00724,2024-03-26 23:51:34.337893,3285.6,in,withdrawal,TR,EUR
TXN-00004845,SIG-00541,2024-06-17 20:23:25.383487,171.04,in,payment,KY,JPY
TXN-00004755,SIG-00531,2024-05-30 04:19:48.606262,854.24,out,atm_withdrawal,US,USD
TXN-00002708,SIG-00297,2024-01-17 18:49:29.356659,271.01,in,withdrawal,US,USD
TXN-00003373,SIG-00374,2024-12-01 11:39:10.078564,1142.86,in,wire,US,USD
TXN-00010755,SIG-01187,2024-12-02 12:03:51.175602,1108.98,out,wire,US,USD
TXN-00002229,SIG-00245,2024-05-18 19:20:04.720446,1136.25,out,payment,US,USD
TXN-00001116,SIG-00117,2024-07-08 21:57:17.786341,438.34,in,bill_pay,US,USD
TXN-00005422,SIG-00605,2024-06-22 21:37:13.624292,21684.98,out,payment,US,USD
TXN-00008417,SIG-00931,2024-07-24 05:32:52.561871,3980.48,out,deposit,US,USD
TXN-00006786,SIG-00758,2024-02-12 08:45:46.314638,630.93,in,withdrawal,US,USD
TXN-00006055,SIG-00679,2024-10-16 18:45:47.672303,924.02,out,payment,US,USD
TXN-00008100,SIG-00896,2024-05-29 15:00:48.226176,2755.53,in,card_purchase,US,USD
TXN-00008571,SIG-00948,2024-05-03 20:07:33.027344,29.99,out,deposit,PA,GBP
TXN-00008671,SIG-00960,2024-09-28 10:04:10.491390,784.35,out,payment,US,USD
TXN-00003430,SIG-00383,2024-07-21 14:51:27.210218,956.87,out,card_purchase,US,USD
TXN-00000822,SIG-00085,2024-01-30 03:55:19.865193,1464.67,out,payment,NG,JPY
TXN-00002064,SIG-00224,2024-08-06 09:22:27.585998,2587.46,out,atm_withdrawal,US,USD
TXN-00002273,SIG-00248,2024-08-04 03:47:19.417120,219.45,in,atm_withdrawal,US,USD
TXN-00006658,SIG-00744,2024-11-10 04:05:42.329002,1051.47,in,refund,US,USD
TXN-00000082,SIG-00008,2024-05-06 16:14:22.424749,208.47,out,card_purchase,US,USD
TXN-00001324,SIG-00139,2024-03-23 14:06:05.124619,368.34,in,atm_withdrawal,US,USD
TXN-00007863,SIG-00874,2024-12-16 06:50:17.555423,8180.26,in,transfer,US,USD
TXN-00009296,SIG-01029,2024-07-04 15:47:23.340801,2812.59,in,bill_pay,US,USD
TXN-00001615,SIG-00175,2024-01-14 06:24:24.541425,1788.06,out,payment,US,USD
TXN-00002698,SIG-00297,2023-12-31 11:22:44.018074,1932.2,out,payment,US,USD
TXN-00000832,SIG-00086,2024-11-02 10:31:55.004238,3026.18,out,card_purchase,US,USD
TXN-00004771,SIG-00532,2024-07-06 15:39:21.331274,4522.54,in,atm_withdrawal,US,USD
TXN-00006180,SIG-00694,2024-07-31 18:19:09.239198,530.76,in,card_purchase,US,USD
TXN-00002421,SIG-00266,2024-10-14 22:37:42.329166,2878.33,in,transfer,US,USD
TXN-00005350,SIG-00598,2023-12-11 21:35:49.198370,238.51,in,card_purchase,US,USD
TXN-00003483,SIG-00388,2024-09-20 04:18:19.232984,1513.56,in,withdrawal,US,USD
TXN-00002834,SIG-00313,2024-03-08 10:15:23.653011,2403.46,in,deposit,US,USD
TXN-00006380,SIG-00715,2024-06-23 03:29:14.800501,1059.17,out,payment,US,USD
TXN-00004419,SIG-00490,2024-11-06 15:50:17.380838,1909.68,out,payment,US,USD
TXN-00005016,SIG-00560,2024-08-10 21:35:37.497076,3053.39,in,transfer,IN,JPY
TXN-00001650,SIG-00179,2024-08-02 13:24:42.499337,399.45,in,deposit,CN,JPY
TXN-00004885,SIG-00544,2024-02-20 17:07:07.616809,846.45,out,transfer,US,USD
TXN-00008400,SIG-00928,2024-04-09 05:47:13.937281,961.49,in,transfer,US,USD
TXN-00009869,SIG-01091,2024-05-18 15:01:27.509361,1115.07,out,card_purchase,US,USD
TXN-00009733,SIG-01077,2024-10-04 16:47:21.320678,606.81,out,card_purchase,US,USD
TXN-00009769,SIG-01081,2024-08-22 08:49:57.267010,32191.95,out,withdrawal,US,USD
TXN-00008363,SIG-00923,2024-01-31 20:52:14.297416,128.95,out,refund,US,USD
TXN-00004112,SIG-00458,2024-03-28 00:34:10.591249,2971.5,in,transfer,IN,CHF
TXN-00008217,SIG-00908,2024-09-28 21:22:34.140444,608.54,in,card_purchase,US,USD
TXN-00007583,SIG-00847,2024-04-23 20:48:45.247415,2189.9,out,deposit,US,USD
TXN-00002690,SIG-00296,2024-04-19 07:23:13.988632,1925.39,in,card_purchase,US,USD
TXN-00005763,SIG-00646,2024-04-30 23:06:19.204218,367.66,in,withdrawal,US,USD
TXN-00007392,SIG-00824,2024-05-12 23:01:26.816157,667.05,out,card_purchase,US,USD
TXN-00000750,SIG-00078,2024-08-10 20:06:28.743244,87.81,out,payment,US,USD
TXN-00010804,SIG-01192,2024-06-08 20:41:00.175330,95.15,out,withdrawal,US,USD
TXN-00002374,SIG-00260,2024-07-26 05:37:37.330735,2594.94,in,fx_exchange,AE,EUR
TXN-00002443,SIG-00269,2024-01-02 13:58:10.487083,2158.57,out,withdrawal,US,USD
TXN-00005621,SIG-00627,2024-10-20 07:27:03.386974,1401.45,out,card_purchase,US,USD
TXN-00005820,SIG-00652,2024-04-13 23:05:28.081329,165.5,in,transfer,BR,CHF
TXN-00002759,SIG-00302,2024-01-11 09:19:29.621736,20.08,out,withdrawal,US,USD
TXN-00006246,SIG-00702,2024-09-24 14:44:40.260948,5932.8,in,transfer,US,USD
TXN-00004329,SIG-00479,2024-02-15 03:17:32.460293,3643.36,out,card_purchase,US,USD
TXN-00009126,SIG-01013,2024-03-22 01:27:11.683785,921.85,in,deposit,US,USD
TXN-00006028,SIG-00675,2024-03-11 08:57:08.985234,236.36,out,bill_pay,US,USD
TXN-00005630,SIG-00629,2024-03-31 02:26:26.705137,712.57,in,payment,US,USD
TXN-00010062,SIG-01108,2024-01-10 18:59:08.597359,2793.94,out,transfer,US,USD
TXN-00005567,SIG-00621,2024-05-20 02:07:04.837954,238.03,in,deposit,US,USD
TXN-00004393,SIG-00486,2024-04-30 02:12:13.047559,886.35,in,atm_withdrawal,US,USD
TXN-00006364,SIG-00714,2024-02-14 06:05:13.043762,154.75,in,payment,US,USD
TXN-00008096,SIG-00896,2024-05-30 20:21:12.438802,5000.64,in,transfer,US,USD
TXN-00005318,SIG-00594,2024-09-05 23:19:35.804232,441.34,out,bill_pay,US,USD
TXN-00010655,SIG-01176,2024-05-30 03:53:29.616669,112.03,out,payment,US,USD
TXN-00010007,SIG-01106,2024-01-29 23:27:21.345058,4001.22,out,card_purchase,AE,EUR
TXN-00005340,SIG-00597,2024-06-20 12:43:40.823347,486.99,out,payment,US,USD
TXN-00001140,SIG-00120,2024-03-20 02:14:47.658467,1239.95,in,card_purchase,US,USD
TXN-00009695,SIG-01071,2024-02-15 15:11:29.516025,240.73,out,payment,US,USD
TXN-00002232,SIG-00246,2024-06-10 09:06:13.717230,2689.91,in,wire,US,USD
TXN-00002165,SIG-00237,2024-10-09 14:30:23.411877,3439.17,out,wire,RU,EUR
TXN-00002887,SIG-00319,2024-11-20 15:36:13.766711,2386.48,in,card_purchase,TR,USD
TXN-00006501,SIG-00729,2024-03-05 13:59:30.269960,603.8,in,card_purchase,US,USD
TXN-00007653,SIG-00854,2024-03-28 08:36:28.711452,3869.03,in,deposit,US,USD
TXN-00002778,SIG-00305,2024-03-02 22:47:53.597639,1447.59,in,card_purchase,AE,GBP
TXN-00006969,SIG-00779,2024-03-18 06:56:51.032953,90.56,in,refund,US,USD
TXN-00007201,SIG-00807,2024-09-06 21:32:55.677623,1491.6,in,deposit,US,USD
TXN-00001571,SIG-00170,2024-04-24 04:11:52.066662,498.73,out,transfer,US,USD
TXN-00000173,SIG-00018,2024-04-30 09:30:06.940441,8961.21,out,bill_pay,US,USD
TXN-00000640,SIG-00065,2024-12-07 20:49:32.664320,3304.61,in,withdrawal,US,USD
TXN-00008149,SIG-00900,2024-08-23 23:18:40.432873,290.16,out,payment,US,USD
TXN-00002088,SIG-00226,2024-08-12 03:29:53.123293,396.79,out,transfer,US,USD
TXN-00003129,SIG-00350,2024-04-21 09:42:52.788509,259.45,in,refund,US,USD
TXN-00002401,SIG-00262,2024-04-13 23:43:51.940927,898.61,in,deposit,US,USD
TXN-00005468,SIG-00610,2024-04-09 12:13:40.889935,372.04,in,payment,US,USD
TXN-00001144,SIG-00120,2024-03-19 17:40:58.130674,266.53,out,wire,RU,EUR
TXN-00007579,SIG-00846,2024-10-28 02:53:07.825217,1461.75,out,payment,US,USD
TXN-00007835,SIG-00870,2024-05-19 23:28:26.578735,45.13,in,withdrawal,US,USD
TXN-00008874,SIG-00981,2024-03-31 22:15:55.156362,306.2,out,atm_withdrawal,US,USD
TXN-00009142,SIG-01014,2024-08-18 18:09:18.973290,12654.18,in,atm_withdrawal,US,USD
TXN-00006396,SIG-00718,2024-09-26 06:55:16.615425,201.61,out,payment,US,USD
TXN-00001833,SIG-00198,2024-12-05 17:39:06.878938,506.12,out,wire,US,USD
TXN-00006129,SIG-00687,2024-11-07 22:32:59.529103,576.77,out,card_purchase,US,USD
TXN-00004272,SIG-00475,2024-09-14 00:45:18.847809,206.59,in,wire,US,USD
TXN-00009957,SIG-01100,2024-05-28 17:14:28.208266,347.2,in,payment,AE,GBP
TXN-00008297,SIG-00916,2024-01-26 23:52:23.334764,1831.61,in,card_purchase,US,USD
TXN-00005283,SIG-00590,2024-08-25 00:57:16.644432,1155.14,in,payment,US,USD
TXN-00004721,SIG-00526,2024-06-19 03:37:28.406388,451.4,in,card_purchase,US,USD
TXN-00006990,SIG-00783,2024-06-22 17:54:07.505175,727.57,out,card_purchase,US,USD
TXN-00008452,SIG-00936,2024-10-11 23:58:16.438031,629.81,in,wire,US,USD
TXN-00000835,SIG-00086,2024-10-25 23:03:42.288991,2139.51,out,atm_withdrawal,US,USD
TXN-00002487,SIG-00272,2024-08-03 21:14:16.306885,1966.21,in,withdrawal,NG,CHF
TXN-00010650,SIG-01175,2024-12-25 16:09:23.609932,25120.36,out,payment,US,USD
TXN-00009121,SIG-01012,2024-03-20 04:52:45.877060,410.48,in,fx_exchange,US,USD
TXN-00005653,SIG-00632,2024-05-02 07:17:36.526225,69.7,in,atm_withdrawal,TR,JPY
TXN-00005806,SIG-00651,2024-02-07 11:25:40.785848,913.73,in,wire,AE,EUR
TXN-00010171,SIG-01122,2024-11-02 18:05:50.835942,5252.28,in,refund,US,USD
TXN-00005378,SIG-00600,2024-10-27 23:05:12.866305,1250.87,out,deposit,US,USD
TXN-00000820,SIG-00085,2024-01-30 03:04:35.142318,545.07,out,fx_exchange,US,USD
TXN-00000066,SIG-00007,2024-04-28 08:56:35.468715,551.31,out,card_purchase,US,USD
TXN-00009361,SIG-01034,2023-12-17 11:01:43.467113,1086.41,in,transfer,US,USD
TXN-00006746,SIG-00753,2024-01-23 09:54:52.815837,67.14,out,payment,US,USD
TXN-00002025,SIG-00219,2024-09-11 09:46:44.243507,1297.74,out,payment,US,USD
TXN-00006803,SIG-00760,2024-12-16 04:33:48.636866,6758.95,in,transfer,US,USD
TXN-00000355,SIG-00036,2024-07-17 11:48:47.863111,32919.2,in,card_purchase,US,USD
TXN-00006775,SIG-00757,2024-02-22 16:34:26.500741,1330.95,in,bill_pay,US,USD
TXN-00004861,SIG-00542,2024-04-16 05:13:03.783293,253.44,in,fx_exchange,NG,USD
TXN-00007810,SIG-00867,2024-06-11 11:10:21.293945,180.54,out,atm_withdrawal,US,USD
TXN-00001809,SIG-00196,2024-05-17 01:30:33.906960,1074.17,out,transfer,US,USD
TXN-00008060,SIG-00893,2024-07-10 18:21:18.855265,2568.12,in,transfer,US,USD
TXN-00004402,SIG-00487,2024-12-01 21:07:02.191746,8009.61,in,wire,US,USD
TXN-00008759,SIG-00971,2024-10-25 22:32:44.017919,3618.45,in,transfer,US,USD
TXN-00008857,SIG-00979,2024-04-06 16:39:45.677016,2278.41,out,payment,US,USD
TXN-00006577,SIG-00735,2024-03-08 21:28:19.746467,823.24,in,card_purchase,US,USD
TXN-00005170,SIG-00575,2024-05-17 08:21:26.874714,1705.83,in,wire,AE,CHF
TXN-00006114,SIG-00686,2024-10-28 00:14:08.232096,2448.79,in,fx_exchange,US,USD
TXN-00008202,SIG-00906,2024-04-07 09:05:03.933967,5581.63,out,card_purchase,RU,GBP
TXN-00000473,SIG-00049,2024-05-13 07:33:13.282941,5022.61,in,card_purchase,BR,GBP
TXN-00007935,SIG-00880,2024-05-08 05:24:14.317584,2010.92,out,card_purchase,US,USD
TXN-00003128,SIG-00350,2024-04-29 06:32:00.627566,229.77,in,bill_pay,US,USD
TXN-00003786,SIG-00419,2024-04-06 18:17:32.263711,4056.02,in,bill_pay,US,USD
TXN-00006311,SIG-00708,2024-12-05 23:23:35.197327,934.45,in,withdrawal,US,USD
TXN-00007912,SIG-00877,2024-05-12 16:11:00.933077,816.52,out,transfer,US,USD
TXN-00007501,SIG-00838,2024-09-20 13:21:45.476103,2933.73,in,card_purchase,US,USD
TXN-00006259,SIG-00703,2023-12-11 02:49:08.195656,4954.01,out,transfer,KY,GBP
TXN-00000869,SIG-00090,2024-04-12 09:15:30.200875,1493.8,in,payment,US,USD
TXN-00009618,SIG-01063,2024-08-10 14:30:20.081883,592.98,in,withdrawal,TR,EUR
TXN-00008255,SIG-00911,2024-12-24 22:07:03.882477,982.95,in,bill_pay,US,USD
TXN-00008444,SIG-00935,2024-10-04 12:17:40.317262,251.81,out,card_purchase,US,USD
TXN-00001507,SIG-00162,2024-10-09 12:35:10.249125,458.3,in,atm_withdrawal,US,USD
TXN-00010081,SIG-01111,2024-08-13 22:06:33.285138,1076.07,out,bill_pay,US,USD
TXN-00004367,SIG-00483,2024-05-20 22:48:29.076255,10328.25,in,atm_withdrawal,US,USD
TXN-00003617,SIG-00402,2024-02-04 13:06:02.501465,1620.18,out,atm_withdrawal,US,USD
TXN-00008311,SIG-00916,2024-01-25 16:35:37.040542,7915.72,out,fx_exchange,US,USD
TXN-00003818,SIG-00423,2024-06-27 05:36:15.813880,290.04,in,wire,US,USD
TXN-00002771,SIG-00304,2024-05-22 23:49:56.991160,870.95,in,card_purchase,US,USD
TXN-00010734,SIG-01186,2024-01-30 14:11:05.847049,1472.88,out,card_purchase,US,USD
TXN-00006769,SIG-00757,2024-03-06 22:17:24.648882,2553.44,in,atm_withdrawal,UA,EUR
TXN-00010069,SIG-01109,2024-06-30 21:27:11.952712,788.73,in,payment,US,USD
TXN-00004708,SIG-00523,2024-12-28 20:31:07.958669,2409.61,in,deposit,US,USD
TXN-00001076,SIG-00112,2024-11-25 10:46:38.290711,15228.62,out,wire,TR,GBP
TXN-00003773,SIG-00418,2024-02-12 01:07:49.193091,1239.47,out,card_purchase,US,USD
TXN-00004774,SIG-00533,2024-09-04 09:44:40.428729,10164.02,in,bill_pay,US,USD
TXN-00008823,SIG-00976,2024-11-18 02:29:39.026902,2616.12,in,deposit,US,USD
TXN-00003210,SIG-00356,2024-04-19 21:39:59.483488,384.77,out,refund,US,USD
TXN-00005595,SIG-00624,2024-07-09 21:42:16.733964,309.67,out,wire,US,USD
TXN-00008076,SIG-00894,2024-01-26 11:26:19.916932,913.05,out,card_purchase,US,USD
TXN-00005160,SIG-00575,2024-05-08 23:51:57.593114,544.38,in,deposit,US,USD
TXN-00010317,SIG-01139,2023-12-25 00:55:34.401747,3651.26,out,fx_exchange,BR,GBP
TXN-00005703,SIG-00637,2024-06-04 13:54:13.041925,1708.15,out,transfer,US,USD
TXN-00004668,SIG-00519,2024-09-17 03:05:58.646955,178.77,in,deposit,US,USD
TXN-00005131,SIG-00571,2024-10-21 20:13:42.101380,8379.13,out,withdrawal,US,USD
TXN-00002380,SIG-00260,2024-07-15 06:12:53.019193,1435.98,in,withdrawal,US,USD
TXN-00007068,SIG-00790,2024-06-14 20:44:07.817439,2146.51,in,bill_pay,CN,USD
TXN-00001603,SIG-00173,2024-04-27 12:19:12.474091,1539.74,in,transfer,US,USD
TXN-00000074,SIG-00008,2024-05-11 03:59:34.637930,18901.48,out,atm_withdrawal,US,USD
TXN-00004864,SIG-00543,2024-09-12 15:55:54.233201,3694.72,in,transfer,US,USD
TXN-00007613,SIG-00850,2024-06-04 20:05:08.192146,3982.23,in,transfer,IN,CHF
TXN-00005237,SIG-00583,2024-02-14 03:28:55.333300,295.36,out,payment,US,USD
TXN-00008012,SIG-00887,2024-12-03 07:05:44.419899,1923.6,out,deposit,US,USD
TXN-00003429,SIG-00383,2024-08-18 07:39:19.088189,93.38,in,card_purchase,US,USD
TXN-00005255,SIG-00586,2024-01-11 10:12:53.246258,240.63,out,withdrawal,US,USD
TXN-00001102,SIG-00115,2024-06-18 08:14:17.192730,39.45,out,deposit,US,USD
TXN-00004202,SIG-00466,2024-12-22 07:49:34.363015,3317.34,in,transfer,US,USD
TXN-00010397,SIG-01149,2024-04-24 19:06:44.342429,3186.2,in,payment,US,USD
TXN-00009692,SIG-01070,2024-04-04 02:17:51.108417,15058.89,in,fx_exchange,TR,EUR
TXN-00000314,SIG-00034,2024-07-05 17:51:18.369583,97.81,in,withdrawal,US,USD
TXN-00003922,SIG-00437,2024-07-02 00:19:36.168369,775.17,in,payment,US,USD
TXN-00003558,SIG-00396,2024-04-20 22:17:05.034242,14465.54,in,transfer,RU,JPY
TXN-00007929,SIG-00879,2024-03-23 00:01:51.983719,1302.69,in,payment,US,USD
TXN-00008544,SIG-00946,2024-10-05 20:20:07.121347,208.14,in,atm_withdrawal,US,USD
TXN-00000119,SIG-00012,2024-11-27 19:31:05.477017,15785.44,out,card_purchase,KY,GBP
TXN-00002023,SIG-00218,2024-11-22 01:21:33.118978,1558.9,out,card_purchase,US,USD
TXN-00010768,SIG-01189,2024-12-03 21:12:54.238111,110.77,in,deposit,US,USD
TXN-00010566,SIG-01166,2024-09-20 02:30:12.666132,1545.99,in,card_purchase,US,USD
TXN-00007582,SIG-00846,2024-10-11 04:56:08.475037,8755.54,out,card_purchase,US,USD
TXN-00002035,SIG-00220,2023-12-31 01:48:20.066532,909.65,out,withdrawal,CN,EUR
TXN-00003694,SIG-00410,2024-01-15 18:50:50.537996,217.67,in,deposit,US,USD
TXN-00002857,SIG-00316,2024-06-13 02:16:05.774206,1067.37,in,card_purchase,US,USD
TXN-00009453,SIG-01043,2024-07-28 10:35:28.640108,282.53,out,transfer,US,USD
TXN-00005850,SIG-00655,2024-01-10 10:51:01.495659,1106.22,in,payment,AE,JPY
TXN-00001220,SIG-00129,2024-08-17 19:28:26.238610,1395.46,in,refund,US,USD
TXN-00010705,SIG-01182,2024-03-30 05:00:19.554537,226.22,out,wire,US,USD
TXN-00010345,SIG-01143,2024-10-15 22:59:52.024733,121.58,out,card_purchase,US,USD
TXN-00006074,SIG-00681,2024-11-11 06:48:33.385264,1051.38,out,payment,US,USD
TXN-00004105,SIG-00458,2024-04-13 17:08:18.378443,53.2,in,transfer,PA,EUR
TXN-00002511,SIG-00275,2024-06-22 14:08:23.941891,490.64,out,payment,US,USD
TXN-00004366,SIG-00482,2024-07-03 22:42:42.045155,5031.07,out,transfer,US,USD
TXN-00008199,SIG-00906,2024-04-06 23:28:54.267615,1978.23,in,card_purchase,US,USD
TXN-00008526,SIG-00943,2024-07-23 19:26:01.900428,404.39,out,bill_pay,US,USD
TXN-00005382,SIG-00601,2024-06-18 10:48:17.161262,566.96,in,transfer,US,USD
TXN-00003972,SIG-00443,2023-12-30 06:50:02.964770,506.26,in,transfer,AE,CHF
TXN-00007572,SIG-00844,2024-02-21 02:49:01.804591,1390.32,in,card_purchase,US,USD
TXN-00004343,SIG-00480,2024-12-17 05:27:49.413344,2321.78,out,payment,US,USD
TXN-00000178,SIG-00018,2024-04-27 09:22:35.961661,15383.36,out,card_purchase,CN,CHF
TXN-00001644,SIG-00179,2024-08-12 01:29:16.337804,1619.25,out,fx_exchange,PA,USD
TXN-00010130,SIG-01117,2024-11-05 17:32:54.873441,1421.34,in,payment,US,USD
TXN-00008269,SIG-00913,2024-07-10 01:12:09.426793,268.58,out,atm_withdrawal,US,USD
TXN-00009654,SIG-01067,2024-06-29 19:31:57.794258,166.92,in,transfer,TR,USD
TXN-00001375,SIG-00146,2024-09-02 11:43:37.728784,372.79,in,deposit,TR,GBP
TXN-00001721,SIG-00187,2024-10-16 05:15:50.272199,1040.75,in,card_purchase,US,USD
TXN-00005036,SIG-00562,2024-05-23 02:53:04.677082,143.13,out,transfer,US,USD
TXN-00005232,SIG-00582,2024-03-27 01:30:28.284225,2452.71,out,deposit,US,USD
TXN-00002265,SIG-00248,2024-07-20 02:56:35.841891,1755.22,out,deposit,US,USD
TXN-00000088,SIG-00009,2024-07-14 17:52:18.345015,818.5,out,card_purchase,US,USD
TXN-00004849,SIG-00541,2024-06-19 20:01:24.191624,6117.74,out,card_purchase,US,USD
TXN-00009941,SIG-01099,2024-04-29 02:51:58.853063,210.46,out,card_purchase,CN,JPY
TXN-00003383,SIG-00375,2024-02-19 15:13:14.946202,86.32,out,withdrawal,US,USD
TXN-00008508,SIG-00942,2024-05-22 18:26:36.132844,1259.16,out,payment,US,USD
TXN-00009479,SIG-01046,2024-01-31 13:53:10.305120,2958.01,out,deposit,US,USD
TXN-00000404,SIG-00040,2024-07-18 15:36:59.697001,3004.96,out,atm_withdrawal,US,USD
TXN-00004909,SIG-00547,2024-09-20 06:48:30.595318,1678.2,in,card_purchase,US,USD
TXN-00003351,SIG-00372,2024-03-13 12:53:52.096481,5058.83,in,bill_pay,US,USD
TXN-00009975,SIG-01103,2024-04-02 12:09:45.527782,425.0,in,transfer,US,USD
TXN-00007092,SIG-00793,2024-11-23 17:41:17.648522,3365.94,in,atm_withdrawal,US,USD
TXN-00007272,SIG-00814,2024-06-13 10:32:59.715866,9921.32,out,transfer,US,USD
TXN-00010273,SIG-01134,2024-03-02 06:31:20.943708,29440.37,in,card_purchase,US,USD
TXN-00007827,SIG-00870,2024-05-18 23:34:11.954987,484.13,out,payment,US,USD
TXN-00006915,SIG-00773,2024-05-13 08:01:42.746439,64.35,in,deposit,US,USD
TXN-00007440,SIG-00830,2024-03-27 21:10:56.064076,5994.25,out,deposit,US,USD
TXN-00002457,SIG-00269,2024-01-03 00:43:01.246870,208.53,out,card_purchase,US,USD
TXN-00005736,SIG-00642,2024-09-01 00:33:25.429719,91.24,in,atm_withdrawal,US,USD
TXN-00006264,SIG-00703,2024-01-03 16:25:05.376757,1233.51,out,deposit,US,USD
TXN-00002215,SIG-00243,2024-10-12 03:58:41.660837,205.4,out,payment,NG,JPY
TXN-00001028,SIG-00106,2024-01-09 21:12:49.120966,457.62,out,wire,US,USD
TXN-00010576,SIG-01167,2024-07-24 06:10:54.204713,296.05,in,refund,TR,USD
TXN-00001422,SIG-00154,2024-03-01 04:50:40.707588,1284.43,out,card_purchase,US,USD
TXN-00002437,SIG-00268,2024-01-16 04:57:32.178510,832.86,in,payment,CN,JPY
TXN-00008232,SIG-00909,2024-01-30 01:18:16.184618,910.2,in,transfer,US,USD
TXN-00006663,SIG-00744,2024-11-10 13:01:46.371981,596.05,out,wire,US,USD
TXN-00009909,SIG-01096,2024-04-07 19:24:22.490099,12725.46,out,transfer,US,USD
TXN-00001279,SIG-00134,2024-03-19 06:43:00.118892,880.59,in,wire,AE,JPY
TXN-00005358,SIG-00598,2023-12-14 15:38:07.762055,670.97,in,transfer,US,USD
TXN-00005596,SIG-00624,2024-07-22 04:41:13.678370,1032.32,in,payment,US,USD
TXN-00002761,SIG-00303,2024-03-09 10:53:50.219592,286.74,in,atm_withdrawal,US,USD
TXN-00007308,SIG-00816,2024-08-11 21:01:47.285177,4930.82,out,fx_exchange,TR,EUR
TXN-00006075,SIG-00682,2024-02-02 16:36:45.207452,757.01,in,wire,US,USD
TXN-00008813,SIG-00976,2024-11-12 17:55:43.317777,36870.26,in,payment,TR,JPY
TXN-00001979,SIG-00212,2024-12-14 17:33:06.669167,1764.75,in,atm_withdrawal,AE,JPY
TXN-00001062,SIG-00111,2024-09-26 10:07:12.669026,1143.65,in,atm_withdrawal,US,USD
TXN-00010122,SIG-01116,2024-12-02 16:39:44.732669,890.65,out,card_purchase,NG,JPY
TXN-00001426,SIG-00155,2024-10-18 21:20:23.613259,287.52,in,withdrawal,US,USD
TXN-00009379,SIG-01035,2024-05-13 20:50:36.816399,543.7,out,payment,US,USD
TXN-00008280,SIG-00915,2024-12-05 20:43:22.641341,2023.49,in,card_purchase,US,USD
TXN-00005938,SIG-00663,2024-06-04 15:32:46.404269,2269.41,in,refund,US,USD
TXN-00001503,SIG-00162,2024-10-18 22:50:46.212231,13973.71,out,deposit,US,USD
TXN-00010614,SIG-01172,2024-05-15 12:21:33.905129,393.03,in,deposit,US,USD
TXN-00009347,SIG-01033,2024-10-08 15:51:39.980130,6080.22,in,withdrawal,PA,USD
TXN-00004099,SIG-00457,2024-03-05 08:59:31.848426,311.58,out,transfer,US,USD
TXN-00004607,SIG-00511,2024-08-04 03:41:11.615497,571.82,out,payment,US,USD
TXN-00009364,SIG-01034,2023-12-03 13:15:28.148152,740.84,out,payment,US,USD
TXN-00006763,SIG-00756,2024-09-20 21:38:59.404796,820.46,in,payment,US,USD
TXN-00000679,SIG-00071,2024-02-13 00:04:23.149540,5847.76,in,payment,AE,CHF
TXN-00002578,SIG-00282,2024-04-13 14:21:41.026241,2888.85,out,card_purchase,IN,CHF
TXN-00004101,SIG-00457,2024-03-10 18:33:06.496539,4103.5,out,atm_withdrawal,CN,GBP
TXN-00003099,SIG-00346,2024-01-19 01:20:40.829158,384.89,in,atm_withdrawal,US,USD
TXN-00007049,SIG-00789,2024-09-19 15:07:56.301378,4066.4,in,deposit,US,USD
TXN-00008603,SIG-00952,2024-04-19 23:22:55.981700,456.78,in,payment,US,USD
TXN-00007742,SIG-00861,2024-05-17 19:42:26.725938,305.46,in,refund,NG,JPY
TXN-00004627,SIG-00514,2024-04-05 01:08:51.609176,1289.69,in,transfer,NG,USD
TXN-00000103,SIG-00010,2024-08-06 08:38:06.016051,7900.26,in,transfer,US,USD
TXN-00000958,SIG-00100,2024-07-26 19:55:44.867508,702.51,out,atm_withdrawal,US,USD
TXN-00005299,SIG-00592,2024-02-11 02:31:02.275461,582.91,in,card_purchase,US,USD
TXN-00004707,SIG-00523,2024-12-14 14:41:40.167946,436.56,in,card_purchase,US,USD
TXN-00006825,SIG-00763,2024-11-09 10:38:59.938167,569.13,out,card_purchase,US,USD
TXN-00001071,SIG-00112,2024-11-17 12:48:38.731438,1789.41,in,fx_exchange,US,USD
TXN-00006940,SIG-00775,2024-09-18 20:57:22.034628,714.93,out,transfer,US,USD
TXN-00002689,SIG-00296,2024-04-11 10:54:43.638571,10842.45,in,fx_exchange,US,USD
TXN-00006492,SIG-00728,2024-10-26 19:41:46.539486,438.4,in,transfer,US,USD
TXN-00007179,SIG-00803,2024-12-07 00:17:31.614113,5801.98,in,payment,US,USD
TXN-00009502,SIG-01048,2024-01-23 02:35:51.900188,5689.0,in,transfer,BR,EUR
TXN-00003393,SIG-00376,2024-04-12 07:14:05.727999,364.49,in,bill_pay,US,USD
TXN-00007050,SIG-00789,2024-09-24 05:30:12.127831,1583.91,out,card_purchase,US,USD
TXN-00004085,SIG-00455,2024-11-03 08:17:12.959611,274.51,out,transfer,US,USD
TXN-00003283,SIG-00364,2023-12-08 23:34:11.528862,2955.87,in,refund,US,USD
TXN-00005364,SIG-00599,2024-01-29 13:18:36.467824,1202.9,in,transfer,US,USD
TXN-00007710,SIG-00859,2024-05-18 00:05:05.326616,184.55,in,payment,US,USD
TXN-00000419,SIG-00042,2024-05-07 15:16:14.509133,1229.77,in,refund,US,USD
TXN-00008580,SIG-00949,2024-07-03 20:39:07.078239,638.89,out,transfer,TR,CHF
TXN-00004951,SIG-00553,2024-08-28 23:30:39.184843,23246.56,out,card_purchase,KY,USD
TXN-00005875,SIG-00657,2024-11-12 22:03:08.168892,3600.17,in,transfer,US,USD
TXN-00001948,SIG-00207,2024-10-08 20:05:11.356677,16922.37,in,deposit,UA,JPY
TXN-00002319,SIG-00254,2024-12-15 00:33:12.097744,605.9,in,payment,US,USD
TXN-00007823,SIG-00869,2024-10-28 02:50:54.843741,402.03,out,deposit,US,USD
TXN-00002300,SIG-00251,2024-03-26 10:09:25.925367,1273.01,in,deposit,US,USD
TXN-00006337,SIG-00712,2024-05-01 04:23:58.038992,2870.19,out,wire,US,USD
TXN-00005432,SIG-00607,2024-03-16 00:25:07.633699,495.21,out,withdrawal,TR,CHF
TXN-00005246,SIG-00585,2024-09-28 01:23:01.460273,1425.62,in,wire,US,USD
TXN-00000209,SIG-00020,2024-11-07 02:39:39.928852,1330.18,out,transfer,US,USD
TXN-00010517,SIG-01160,2024-03-06 16:28:37.615722,3149.01,in,transfer,US,USD
TXN-00006019,SIG-00674,2024-10-16 17:37:53.684331,854.69,out,refund,US,USD
TXN-00008980,SIG-00995,2024-01-29 05:54:58.308334,4984.57,in,payment,US,USD
TXN-00005138,SIG-00572,2024-07-31 21:57:13.589874,675.48,in,transfer,US,USD
TXN-00000529,SIG-00054,2024-05-28 11:46:43.148040,1426.49,out,wire,US,USD
TXN-00001234,SIG-00131,2024-06-20 16:19:31.216101,22748.51,in,payment,NG,GBP
TXN-00000780,SIG-00082,2024-03-08 11:35:56.924948,1077.91,out,payment,KY,GBP
TXN-00000723,SIG-00077,2024-02-11 16:40:21.786243,431.93,out,transfer,US,USD
TXN-00009299,SIG-01029,2024-07-04 16:55:11.106565,2992.2,in,bill_pay,US,USD
TXN-00007521,SIG-00839,2024-12-04 02:38:10.260110,674.33,out,transfer,US,USD
TXN-00005590,SIG-00624,2024-07-15 01:21:06.996358,301.06,out,payment,US,USD
TXN-00001861,SIG-00201,2024-12-10 18:24:42.821051,1191.75,in,deposit,US,USD
TXN-00009196,SIG-01018,2024-06-23 08:28:44.887463,6540.37,in,card_purchase,PA,JPY
TXN-00010421,SIG-01151,2024-06-11 07:05:31.567989,154.58,in,card_purchase,US,USD
TXN-00007349,SIG-00820,2024-05-05 11:49:24.919054,3161.5,out,deposit,US,USD
TXN-00007809,SIG-00867,2024-06-10 08:40:00.177697,212.33,out,refund,US,USD
TXN-00001993,SIG-00213,2024-10-20 07:39:25.455698,260.25,in,deposit,US,USD
TXN-00002333,SIG-00256,2024-07-14 22:06:40.767274,596.22,in,payment,AE,CHF
TXN-00006154,SIG-00691,2024-09-04 17:26:03.029987,221.26,out,deposit,US,USD
TXN-00009893,SIG-01094,2024-03-07 01:52:22.318469,1539.72,in,card_purchase,US,USD
TXN-00006370,SIG-00714,2024-02-19 22:22:22.161126,293.93,out,deposit,US,USD
TXN-00008223,SIG-00909,2024-01-24 09:28:20.600953,3794.21,in,fx_exchange,UA,GBP
TXN-00008148,SIG-00900,2024-08-17 08:50:51.159565,1122.28,in,atm_withdrawal,US,USD
TXN-00003460,SIG-00386,2024-05-09 10:38:02.639985,239.42,in,card_purchase,US,USD
TXN-00007516,SIG-00839,2024-11-12 00:02:58.476580,5535.02,in,card_purchase,BR,CHF
TXN-00002472,SIG-00271,2024-07-27 09:56:15.367390,790.24,out,payment,US,USD
TXN-00007316,SIG-00816,2024-08-11 16:05:46.206883,4525.72,in,payment,AE,GBP
TXN-00009150,SIG-01015,2024-02-27 13:49:47.635505,1798.48,out,withdrawal,US,USD
TXN-00010643,SIG-01174,2024-03-30 00:04:00.948463,10107.03,in,payment,US,USD
TXN-00005557,SIG-00620,2024-11-23 07:54:46.852377,537.21,out,transfer,US,USD
TXN-00005628,SIG-00628,2024-03-19 13:28:38.072136,1371.94,out,refund,US,USD
TXN-00001397,SIG-00149,2024-04-11 22:00:59.300697,69.64,out,transfer,US,USD
TXN-00001490,SIG-00160,2024-04-19 20:47:26.511482,9081.54,in,payment,US,USD
TXN-00005604,SIG-00624,2024-07-27 08:05:34.411266,133.72,in,withdrawal,US,USD
TXN-00002885,SIG-00319,2024-11-14 18:42:58.887993,914.64,in,wire,TR,JPY
TXN-00008976,SIG-00994,2024-09-12 23:30:08.830311,546.94,out,refund,TR,GBP
TXN-00001043,SIG-00108,2024-03-04 23:06:28.878193,6672.7,out,payment,US,USD
TXN-00004576,SIG-00508,2024-03-28 03:45:12.277266,1741.61,in,withdrawal,UA,USD
TXN-00000574,SIG-00058,2024-06-23 07:58:27.145650,3326.61,in,atm_withdrawal,NG,USD
TXN-00009100,SIG-01010,2024-08-21 09:24:09.688047,838.94,in,transfer,US,USD
TXN-00000258,SIG-00026,2024-04-04 03:35:32.529395,466.75,in,payment,US,USD
TXN-00008331,SIG-00919,2024-03-19 05:28:23.074023,489.44,in,atm_withdrawal,US,USD
TXN-00009262,SIG-01026,2024-12-09 19:54:23.559214,4977.41,in,wire,CN,GBP
TXN-00009402,SIG-01037,2024-04-10 06:13:20.092175,171.89,out,transfer,US,USD
TXN-00008732,SIG-00968,2024-05-24 01:08:37.725148,93.58,out,transfer,US,USD
TXN-00002836,SIG-00314,2024-07-28 13:58:14.620775,156.35,out,payment,US,USD
TXN-00008518,SIG-00943,2024-08-09 19:59:59.613555,1857.69,out,bill_pay,AE,EUR
TXN-00002090,SIG-00227,2024-03-31 01:31:20.226951,421.56,in,transfer,PA,EUR
TXN-00003626,SIG-00405,2024-11-28 07:58:49.681716,1109.63,out,withdrawal,RU,EUR
TXN-00000703,SIG-00073,2024-04-04 02:34:20.116283,1394.29,out,refund,US,USD
TXN-00003190,SIG-00355,2024-02-23 04:27:33.404914,11233.05,out,payment,US,USD
TXN-00000504,SIG-00051,2024-07-26 14:50:33.699328,3942.96,in,payment,US,USD
TXN-00006088,SIG-00683,2024-10-13 11:01:03.240332,478.85,in,payment,AE,JPY
TXN-00009620,SIG-01063,2024-08-03 04:47:58.503693,22825.86,in,deposit,US,USD
TXN-00001346,SIG-00142,2024-11-25 02:29:37.136918,1480.03,in,payment,US,USD
TXN-00006759,SIG-00756,2024-09-14 16:12:09.259658,14165.44,in,transfer,US,USD
TXN-00008573,SIG-00948,2024-05-06 01:00:53.268001,590.47,in,bill_pay,KY,USD
TXN-00002249,SIG-00247,2024-05-23 04:13:19.749046,2453.61,out,bill_pay,TR,JPY
TXN-00006647,SIG-00742,2024-12-18 04:19:39.481820,4932.0,out,transfer,US,USD
TXN-00010121,SIG-01116,2024-12-23 11:15:40.750062,4184.2,out,bill_pay,US,USD
TXN-00004976,SIG-00555,2024-02-23 00:28:42.920831,275.21,in,transfer,US,USD
TXN-00000373,SIG-00038,2024-09-03 03:49:38.646454,118.22,out,atm_withdrawal,US,USD
TXN-00009213,SIG-01020,2024-09-01 19:22:40.601586,1762.2,in,refund,US,USD
TXN-00004448,SIG-00493,2024-03-21 08:43:03.233616,1077.06,out,payment,NG,JPY
TXN-00002007,SIG-00216,2024-01-31 20:42:26.515524,1057.19,in,deposit,RU,GBP
TXN-00004631,SIG-00514,2024-03-29 20:31:14.303090,902.97,in,transfer,US,USD
TXN-00004666,SIG-00519,2024-09-08 09:31:29.261758,1721.43,in,card_purchase,US,USD
TXN-00010389,SIG-01148,2024-07-26 05:30:07.538042,4124.49,in,withdrawal,US,USD
TXN-00010776,SIG-01190,2024-04-24 00:31:29.710167,739.27,out,transfer,TR,JPY
TXN-00001460,SIG-00158,2024-04-23 23:23:06.851127,1562.43,in,withdrawal,US,USD
TXN-00007266,SIG-00814,2024-06-28 08:11:58.014799,3664.02,out,withdrawal,US,USD
TXN-00002103,SIG-00228,2024-04-18 13:19:32.643639,1490.0,in,atm_withdrawal,US,USD
TXN-00000998,SIG-00103,2024-10-14 21:16:39.378987,605.79,out,bill_pay,BR,GBP
TXN-00009549,SIG-01054,2024-09-11 20:03:39.060152,1944.75,out,withdrawal,US,USD
TXN-00010071,SIG-01110,2024-02-03 21:03:02.793334,144.09,out,card_purchase,US,USD
TXN-00001177,SIG-00124,2024-05-12 05:53:04.928549,787.04,out,payment,US,USD
TXN-00010557,SIG-01165,2024-04-11 17:43:27.012294,2958.26,in,wire,US,USD
TXN-00000552,SIG-00055,2024-10-10 03:06:29.317890,8410.06,in,withdrawal,KY,EUR
TXN-00000745,SIG-00078,2024-08-10 18:39:43.838953,1127.57,out,withdrawal,US,USD
TXN-00003299,SIG-00366,2024-01-09 19:30:09.960241,519.21,out,atm_withdrawal,US,USD
TXN-00007752,SIG-00862,2024-09-10 20:28:15.134667,2007.93,in,wire,US,USD
TXN-00003498,SIG-00389,2024-02-11 13:40:11.000130,322.28,in,withdrawal,PA,CHF
TXN-00006014,SIG-00673,2024-05-07 06:05:56.819878,361.48,out,bill_pay,US,USD
TXN-00009214,SIG-01020,2024-08-13 15:53:40.713378,8832.75,out,payment,US,USD
TXN-00003887,SIG-00430,2024-08-06 15:22:18.656047,1074.67,in,transfer,PA,EUR
TXN-00004514,SIG-00502,2024-03-21 16:17:48.047537,191.64,out,bill_pay,US,USD
TXN-00010409,SIG-01150,2024-12-17 06:18:19.120012,222.19,out,atm_withdrawal,UA,GBP
TXN-00008188,SIG-00905,2023-11-22 20:15:27.815496,3686.4,in,deposit,US,USD
TXN-00009521,SIG-01051,2024-08-15 09:31:14.171167,15847.36,in,withdrawal,US,USD
TXN-00008834,SIG-00977,2024-07-20 07:07:58.936355,2290.92,in,transfer,US,USD
TXN-00005175,SIG-00575,2024-05-10 15:27:03.380041,5614.94,out,withdrawal,US,USD
TXN-00005509,SIG-00614,2024-11-03 03:17:51.336862,785.29,out,atm_withdrawal,US,USD
TXN-00006435,SIG-00722,2024-07-28 05:06:20.565966,2524.55,in,wire,CN,GBP
TXN-00006546,SIG-00733,2024-05-25 09:50:51.219063,3221.22,out,transfer,US,USD
TXN-00005425,SIG-00605,2024-06-27 14:06:43.079642,1351.89,out,payment,US,USD
TXN-00006490,SIG-00728,2024-11-10 02:32:33.468551,993.5,in,withdrawal,US,USD
TXN-00006488,SIG-00728,2024-11-01 02:36:39.167844,1143.15,in,deposit,US,USD
TXN-00000694,SIG-00073,2024-04-03 08:00:06.202406,865.6,in,wire,TR,GBP
TXN-00002534,SIG-00279,2024-10-10 17:15:51.968923,420.47,in,card_purchase,US,USD
TXN-00006312,SIG-00708,2024-11-30 09:06:03.732314,5573.19,in,transfer,US,USD
TXN-00003444,SIG-00384,2024-10-23 15:47:18.036387,4938.84,in,fx_exchange,US,USD
TXN-00000983,SIG-00102,2024-06-18 17:10:14.907986,141.32,out,payment,US,USD
TXN-00004247,SIG-00471,2024-01-26 11:10:34.024206,1306.93,out,atm_withdrawal,US,USD
TXN-00010831,SIG-01195,2024-05-16 08:09:15.644581,173.75,in,deposit,US,USD
TXN-00000080,SIG-00008,2024-05-13 11:41:50.647755,2482.15,in,atm_withdrawal,AE,USD
TXN-00009432,SIG-01040,2024-04-30 04:10:58.683658,585.69,in,payment,US,USD
TXN-00000092,SIG-00009,2024-07-02 00:09:09.679517,1902.27,in,card_purchase,PA,EUR
TXN-00007763,SIG-00864,2024-06-16 21:40:44.656260,4732.38,in,payment,AE,GBP
TXN-00002267,SIG-00248,2024-07-13 14:21:43.442645,204.01,out,transfer,US,USD
TXN-00005467,SIG-00610,2024-05-15 11:44:08.026256,493.52,in,card_purchase,US,USD
TXN-00004701,SIG-00522,2024-12-04 17:38:23.652547,6151.39,in,fx_exchange,AE,USD
TXN-00005941,SIG-00663,2024-06-08 16:44:33.639765,605.18,out,deposit,US,USD
TXN-00000262,SIG-00026,2024-04-03 04:34:35.846568,473.86,in,refund,US,USD
TXN-00002143,SIG-00233,2024-05-23 15:37:26.089055,6833.76,in,withdrawal,US,USD
TXN-00003338,SIG-00371,2024-10-26 18:43:48.797380,854.44,in,withdrawal,AE,EUR
TXN-00003692,SIG-00410,2024-01-15 19:44:27.101754,146.46,in,bill_pay,US,USD
TXN-00009935,SIG-01098,2024-09-30 22:54:17.472539,218.16,out,refund,US,USD
TXN-00006799,SIG-00760,2024-12-19 05:13:40.600087,3626.32,in,wire,IN,JPY
TXN-00002269,SIG-00248,2024-08-03 10:09:56.632845,198.42,out,payment,US,USD
TXN-00000446,SIG-00044,2024-06-23 11:02:47.700254,150.31,out,withdrawal,US,USD
TXN-00005853,SIG-00656,2024-03-19 17:20:35.284158,192.05,out,payment,US,USD
TXN-00005352,SIG-00598,2023-12-12 15:45:59.267460,89.73,in,wire,US,USD
TXN-00007686,SIG-00856,2024-10-06 07:31:55.392571,2039.97,out,wire,RU,CHF
TXN-00003725,SIG-00413,2024-03-27 11:01:09.240420,5043.24,in,card_purchase,CN,EUR
TXN-00005226,SIG-00581,2024-04-05 11:32:05.646477,158.46,in,card_purchase,US,USD
TXN-00005112,SIG-00570,2024-05-05 17:40:19.193657,820.14,in,atm_withdrawal,US,USD
TXN-00003556,SIG-00396,2024-04-17 03:01:58.602032,471.89,out,deposit,US,USD
TXN-00007938,SIG-00880,2024-05-22 06:42:16.198914,1362.69,in,withdrawal,BR,EUR
TXN-00001599,SIG-00172,2024-06-23 16:42:02.122306,606.68,in,deposit,US,USD
TXN-00010745,SIG-01186,2024-01-16 12:17:19.019658,567.08,in,bill_pay,US,USD
TXN-00001702,SIG-00186,2024-11-17 04:39:21.920957,2014.4,in,wire,US,USD
TXN-00005370,SIG-00599,2024-01-09 18:07:46.967636,897.1,in,payment,US,USD
TXN-00005693,SIG-00637,2024-06-02 12:21:59.770289,17647.11,out,transfer,US,USD
TXN-00003915,SIG-00435,2024-04-21 10:31:30.046856,3443.75,in,atm_withdrawal,US,USD
TXN-00002527,SIG-00277,2024-03-27 18:19:57.983169,603.7,out,deposit,US,USD
TXN-00006428,SIG-00721,2024-02-23 20:17:58.031008,2442.72,out,bill_pay,US,USD
TXN-00006152,SIG-00691,2024-08-01 08:37:38.842372,437.39,out,bill_pay,US,USD
TXN-00004449,SIG-00493,2024-03-20 08:58:48.755160,73049.0,in,atm_withdrawal,US,USD
TXN-00000069,SIG-00007,2024-04-25 20:26:00.329899,2184.48,in,deposit,US,USD
TXN-00001169,SIG-00123,2024-05-02 23:18:01.453697,648.08,out,wire,US,USD
TXN-00003849,SIG-00428,2024-05-16 13:43:07.731886,1362.46,out,transfer,TR,USD
TXN-00000049,SIG-00006,2024-06-08 11:12:46.112384,4140.12,in,atm_withdrawal,US,USD
TXN-00007660,SIG-00854,2024-03-27 23:32:19.791589,2516.06,in,payment,BR,GBP
TXN-00001054,SIG-00110,2024-12-08 08:32:17.060698,1889.21,in,refund,US,USD
TXN-00000085,SIG-00009,2024-06-23 13:03:57.421342,335.35,out,payment,US,USD
TXN-00003150,SIG-00352,2024-10-15 08:28:50.625086,1822.58,out,card_purchase,US,USD
TXN-00005287,SIG-00590,2024-08-19 10:33:15.352350,45.97,in,deposit,US,USD
TXN-00000881,SIG-00092,2024-10-06 06:36:20.570184,631.38,in,transfer,CN,USD
TXN-00002652,SIG-00291,2024-05-04 01:28:26.105828,473.17,in,wire,US,USD
TXN-00006878,SIG-00769,2024-11-21 16:59:52.652636,939.68,in,transfer,US,USD
TXN-00002440,SIG-00269,2024-01-07 06:59:01.434463,204.1,in,atm_withdrawal,US,USD
TXN-00009846,SIG-01088,2024-06-05 11:53:28.984977,255.33,in,transfer,US,USD
TXN-00006919,SIG-00773,2024-05-30 07:45:33.052513,772.05,in,card_purchase,UA,JPY
TXN-00005644,SIG-00631,2024-09-20 10:40:15.187550,994.67,out,card_purchase,US,USD
TXN-00001468,SIG-00159,2024-04-11 18:30:21.187504,1867.32,in,bill_pay,US,USD
TXN-00008271,SIG-00913,2024-07-10 11:24:01.637742,2332.09,in,withdrawal,US,USD
TXN-00004217,SIG-00468,2024-07-19 13:09:41.668363,2264.25,out,transfer,US,USD
TXN-00002442,SIG-00269,2024-01-02 07:31:08.482123,4044.88,in,atm_withdrawal,US,USD
TXN-00006806,SIG-00760,2024-12-16 14:56:22.045720,85.23,in,deposit,BR,EUR
TXN-00000231,SIG-00021,2024-10-15 15:46:45.011392,6916.64,out,fx_exchange,US,USD
TXN-00001321,SIG-00139,2024-03-21 21:15:19.469406,489.36,in,deposit,US,USD
TXN-00000042,SIG-00005,2024-03-25 06:43:22.004003,689.79,in,payment,US,USD
TXN-00003040,SIG-00338,2024-03-10 09:09:17.565150,354.48,out,deposit,BR,JPY
TXN-00000778,SIG-00081,2024-11-20 04:34:59.600584,371.85,out,payment,US,USD
TXN-00009764,SIG-01081,2024-08-19 10:11:18.359534,738.3,in,payment,US,USD
TXN-00002373,SIG-00259,2024-02-12 08:08:51.985011,659.77,in,withdrawal,US,USD
TXN-00001730,SIG-00188,2024-02-27 02:53:34.185470,347.92,out,refund,UA,EUR
TXN-00004150,SIG-00460,2024-02-08 03:54:32.015696,4063.89,in,wire,US,USD
TXN-00003579,SIG-00398,2024-04-14 11:48:26.572834,356.04,in,wire,US,USD
TXN-00000580,SIG-00059,2024-01-24 09:53:26.359959,557.11,in,fx_exchange,US,USD
TXN-00006233,SIG-00700,2024-07-29 03:48:58.049965,14253.52,out,payment,PA,GBP
TXN-00010150,SIG-01119,2024-03-28 12:04:15.121733,1180.04,out,payment,AE,EUR
TXN-00007930,SIG-00879,2024-04-30 07:25:58.805999,1057.55,out,payment,US,USD
TXN-00003079,SIG-00343,2024-06-04 02:30:19.494320,83.23,in,withdrawal,US,USD
TXN-00008458,SIG-00937,2024-09-04 22:16:17.642471,1286.17,out,withdrawal,US,USD
TXN-00010158,SIG-01121,2024-08-17 15:17:24.002512,722.19,out,payment,NG,EUR
TXN-00006481,SIG-00728,2024-10-01 16:38:55.170218,20036.99,in,card_purchase,US,USD
TXN-00002868,SIG-00319,2024-11-21 17:38:02.914291,3387.59,out,refund,RU,CHF
TXN-00001492,SIG-00160,2024-04-16 08:30:10.165039,1080.04,out,withdrawal,US,USD
TXN-00008606,SIG-00952,2024-04-27 08:54:50.466699,159.7,in,payment,US,USD
TXN-00010009,SIG-01106,2023-12-25 21:55:13.647454,1562.74,in,transfer,KY,USD
TXN-00000062,SIG-00007,2024-05-05 03:24:13.937957,8827.88,in,deposit,US,USD
TXN-00005861,SIG-00656,2024-03-16 23:55:35.099201,4944.82,out,transfer,US,USD
TXN-00003474,SIG-00387,2024-05-10 08:08:05.361881,639.2,out,card_purchase,US,USD
TXN-00007819,SIG-00868,2024-04-07 06:43:21.041804,381.5,out,wire,US,USD
TXN-00007818,SIG-00868,2024-04-12 14:42:41.969283,12706.9,in,card_purchase,US,USD
TXN-00000403,SIG-00040,2024-07-26 13:51:36.350154,6606.28,in,wire,US,USD
TXN-00000333,SIG-00036,2024-07-31 15:00:16.049243,3755.25,out,withdrawal,US,USD
TXN-00002085,SIG-00226,2024-08-13 18:23:55.172952,454.95,out,transfer,TR,USD
TXN-00003058,SIG-00341,2024-02-22 09:09:25.403182,2510.83,out,card_purchase,US,USD
TXN-00006099,SIG-00684,2024-09-27 02:44:13.855938,554.3,out,refund,US,USD
TXN-00008172,SIG-00903,2024-10-19 02:35:10.468028,1060.65,in,withdrawal,US,USD
TXN-00004526,SIG-00504,2024-07-24 23:48:07.368180,6297.34,in,payment,UA,GBP
TXN-00000165,SIG-00017,2024-10-25 05:47:41.297893,622.39,in,fx_exchange,TR,EUR
TXN-00007503,SIG-00838,2024-09-10 03:20:21.678816,331.21,in,deposit,US,USD
TXN-00002716,SIG-00298,2024-02-27 04:00:45.675342,144.85,out,withdrawal,BR,EUR
TXN-00009735,SIG-01078,2024-06-14 17:11:25.324462,1367.74,out,payment,US,USD
TXN-00006225,SIG-00699,2024-01-08 02:34:14.764569,817.51,out,card_purchase,US,USD
TXN-00006150,SIG-00690,2024-04-21 16:45:59.543359,183.79,out,card_purchase,US,USD
TXN-00003318,SIG-00369,2024-06-15 12:23:44.866721,2057.08,in,withdrawal,US,USD
TXN-00008757,SIG-00971,2024-10-25 11:06:15.671150,13573.29,in,transfer,US,USD
TXN-00006728,SIG-00752,2024-09-17 08:12:18.362597,1532.22,in,payment,US,USD
TXN-00006309,SIG-00708,2024-12-09 04:38:17.619398,2817.68,in,wire,US,USD
TXN-00007320,SIG-00817,2024-02-27 22:59:28.684967,1261.26,out,card_purchase,US,USD
TXN-00003935,SIG-00438,2024-04-30 13:46:49.765654,1150.88,in,withdrawal,KY,USD
TXN-00002756,SIG-00302,2023-12-28 03:21:44.004572,2100.75,in,refund,NG,GBP
TXN-00010155,SIG-01120,2024-01-12 10:04:34.398448,582.44,in,payment,US,USD
TXN-00008306,SIG-00916,2024-01-30 08:12:08.488533,32205.01,in,refund,US,USD
TXN-00001335,SIG-00141,2024-08-14 13:32:14.650186,361.43,out,deposit,US,USD
TXN-00008404,SIG-00928,2024-04-02 11:17:04.063091,1282.66,in,transfer,CN,CHF
TXN-00002865,SIG-00318,2024-01-09 10:48:42.155965,399.47,out,payment,US,USD
TXN-00001660,SIG-00181,2024-02-05 03:49:21.742604,1787.36,out,transfer,BR,GBP
TXN-00004588,SIG-00510,2024-08-31 09:48:31.691712,865.83,out,transfer,PA,JPY
TXN-00000754,SIG-00078,2024-08-11 05:44:40.326288,2265.9,in,payment,US,USD
TXN-00003065,SIG-00341,2024-02-14 03:35:24.779049,563.72,in,atm_withdrawal,US,USD
TXN-00007878,SIG-00875,2024-03-26 03:38:33.270046,3436.64,in,bill_pay,US,USD
TXN-00002902,SIG-00321,2024-09-10 03:18:03.233732,6297.5,out,deposit,US,USD
TXN-00004871,SIG-00543,2024-09-16 20:38:08.789051,184.36,in,payment,US,USD
TXN-00010001,SIG-01105,2024-05-16 09:54:22.072278,1275.53,out,atm_withdrawal,CN,CHF
TXN-00000707,SIG-00074,2023-12-19 09:29:30.401310,6343.45,in,refund,KY,CHF
TXN-00006846,SIG-00765,2024-10-04 08:07:39.812473,575.58,out,payment,US,USD
TXN-00002974,SIG-00331,2024-01-04 23:02:21.001703,1882.38,out,atm_withdrawal,TR,JPY
TXN-00010498,SIG-01159,2024-11-19 15:51:47.019799,2722.04,out,transfer,US,USD
TXN-00007999,SIG-00885,2024-05-23 16:05:45.906158,988.06,out,deposit,US,USD
TXN-00009335,SIG-01031,2024-07-03 11:01:17.865078,986.47,in,wire,US,USD
TXN-00003536,SIG-00394,2024-09-11 12:34:25.104789,277.73,in,bill_pay,US,USD
TXN-00008748,SIG-00969,2024-02-12 07:03:35.279690,647.81,in,withdrawal,US,USD
TXN-00008956,SIG-00991,2024-08-26 03:59:50.899588,2893.23,in,withdrawal,US,USD
TXN-00007839,SIG-00871,2024-03-21 04:37:34.920757,1118.43,in,fx_exchange,NG,EUR
TXN-00010758,SIG-01188,2024-11-25 11:52:16.631250,1759.19,out,refund,US,USD
TXN-00003980,SIG-00443,2024-01-12 09:29:13.020109,5600.01,out,transfer,US,USD
TXN-00010449,SIG-01155,2024-09-07 16:27:32.028912,2069.69,out,withdrawal,US,USD
TXN-00003152,SIG-00353,2024-06-24 10:58:23.766176,1812.74,out,payment,BR,USD
TXN-00005007,SIG-00560,2024-08-16 09:01:44.668154,3479.42,in,atm_withdrawal,US,USD
TXN-00010418,SIG-01151,2024-06-07 18:16:33.706896,51778.36,in,wire,RU,EUR
TXN-00009800,SIG-01083,2024-06-17 14:47:39.117600,228.55,out,atm_withdrawal,US,USD
TXN-00003800,SIG-00421,2024-03-08 13:22:47.039382,464.52,in,card_purchase,US,USD
TXN-00006183,SIG-00694,2024-08-01 11:03:18.021637,5332.78,in,wire,US,USD
TXN-00001835,SIG-00198,2024-12-01 16:08:47.553852,1211.68,out,card_purchase,NG,USD
TXN-00001075,SIG-00112,2024-11-19 13:06:10.458740,1981.76,out,card_purchase,US,USD
TXN-00006518,SIG-00730,2024-01-10 23:57:00.126650,2398.59,in,deposit,US,USD
TXN-00004768,SIG-00532,2024-07-11 02:31:00.496468,2821.19,in,refund,US,USD
TXN-00003439,SIG-00384,2024-10-14 04:27:56.050980,175.76,in,payment,US,USD
TXN-00005392,SIG-00602,2024-09-30 03:15:52.127105,5654.47,out,deposit,US,USD
TXN-00006649,SIG-00743,2024-07-03 06:13:55.170360,3682.96,in,fx_exchange,US,USD
TXN-00006095,SIG-00684,2024-09-18 05:05:34.155317,1216.27,out,fx_exchange,PA,GBP
TXN-00002430,SIG-00267,2024-07-23 21:26:16.352122,604.19,out,deposit,US,USD
TXN-00000247,SIG-00024,2024-02-07 07:37:46.767237,731.29,in,transfer,BR,CHF
TXN-00003816,SIG-00423,2024-06-23 12:02:49.235272,2403.24,out,wire,US,USD
TXN-00004255,SIG-00472,2024-09-24 08:17:38.236449,484.93,out,fx_exchange,US,USD
TXN-00003633,SIG-00405,2024-12-04 21:02:50.663465,246.93,in,atm_withdrawal,US,USD
TXN-00006596,SIG-00739,2024-10-20 16:02:07.808987,2504.82,in,card_purchase,US,USD
TXN-00002263,SIG-00248,2024-07-31 18:46:32.272430,609.0,in,transfer,US,USD
TXN-00002247,SIG-00247,2024-05-23 06:07:02.335621,1495.75,out,transfer,US,USD
TXN-00000836,SIG-00086,2024-10-30 06:17:01.977334,2000.1,in,card_purchase,US,USD
TXN-00010586,SIG-01168,2024-09-11 02:04:57.096212,259.59,in,card_purchase,US,USD
TXN-00004561,SIG-00508,2024-03-20 10:30:43.939304,1166.45,in,withdrawal,US,USD
TXN-00000433,SIG-00042,2024-05-07 15:25:06.442820,21.65,out,payment,US,USD
TXN-00005917,SIG-00661,2024-01-25 09:13:06.413935,1614.98,in,card_purchase,US,USD
TXN-00001174,SIG-00124,2024-05-02 10:30:49.050830,1251.57,out,card_purchase,US,USD
TXN-00004541,SIG-00505,2024-08-10 22:56:11.202252,706.07,in,bill_pay,US,USD
TXN-00007788,SIG-00865,2024-02-27 06:52:10.819736,227.44,in,bill_pay,US,USD
TXN-00005821,SIG-00652,2024-04-09 15:41:20.410151,524.07,in,transfer,US,USD
TXN-00007051,SIG-00789,2024-10-26 20:26:24.630012,1013.93,in,payment,KY,CHF
TXN-00004412,SIG-00490,2024-11-09 14:03:22.268229,123.88,in,wire,NG,JPY
TXN-00009821,SIG-01085,2024-07-13 10:07:44.392327,1231.07,in,card_purchase,US,USD
TXN-00001194,SIG-00127,2024-05-15 08:38:58.387583,3253.78,out,withdrawal,US,USD
TXN-00005980,SIG-00668,2024-04-07 01:07:54.556212,1300.72,out,bill_pay,US,USD
TXN-00009456,SIG-01043,2024-07-27 05:16:34.329502,2971.46,in,withdrawal,RU,CHF
TXN-00008244,SIG-00910,2024-03-02 12:08:58.852020,20352.13,in,withdrawal,US,USD
TXN-00002907,SIG-00322,2024-01-22 16:59:55.948401,206.9,out,atm_withdrawal,US,USD
TXN-00009649,SIG-01066,2024-10-06 02:22:10.883668,749.53,out,card_purchase,AE,USD
TXN-00004084,SIG-00455,2024-11-07 21:05:44.260331,279.98,out,fx_exchange,KY,JPY
TXN-00006168,SIG-00693,2024-05-02 20:33:01.427389,2316.67,in,payment,US,USD
TXN-00008618,SIG-00954,2024-11-05 12:11:52.526912,3849.16,out,payment,US,USD
TXN-00010661,SIG-01178,2024-03-05 14:00:29.514131,5572.19,out,deposit,BR,GBP
TXN-00003239,SIG-00360,2024-05-03 08:14:36.185664,198.37,in,wire,US,USD
TXN-00010251,SIG-01131,2024-06-24 17:50:03.144812,1801.74,out,transfer,US,USD
TXN-00006495,SIG-00728,2024-10-09 00:36:56.093789,2205.4,in,bill_pay,AE,USD
TXN-00009932,SIG-01098,2024-11-02 01:27:44.797925,1236.4,out,withdrawal,US,USD
TXN-00008365,SIG-00923,2024-02-05 21:44:05.433134,7089.41,in,card_purchase,US,USD
TXN-00004626,SIG-00514,2024-04-17 14:32:16.834125,568.18,out,deposit,CN,GBP
TXN-00007232,SIG-00811,2024-12-05 03:13:26.988152,849.27,in,transfer,US,USD
TXN-00007989,SIG-00884,2024-07-04 00:51:43.388027,2216.2,out,deposit,US,USD
TXN-00002730,SIG-00300,2024-03-07 20:23:49.209149,591.48,out,fx_exchange,US,USD
TXN-00010783,SIG-01191,2024-02-29 07:02:48.107573,19693.76,out,refund,US,USD
TXN-00009721,SIG-01076,2024-06-24 00:10:21.645526,2404.66,out,atm_withdrawal,US,USD
TXN-00000434,SIG-00042,2024-05-01 06:21:27.654864,644.65,in,atm_withdrawal,UA,CHF
TXN-00000429,SIG-00042,2024-05-07 06:56:02.384287,205.8,in,card_purchase,US,USD
TXN-00004140,SIG-00460,2024-01-19 23:05:34.572766,11597.7,out,transfer,US,USD
TXN-00004964,SIG-00553,2024-08-25 16:47:38.287197,361.96,in,wire,RU,USD
TXN-00005754,SIG-00645,2024-05-12 18:43:55.102226,2610.03,out,payment,US,USD
TXN-00008284,SIG-00915,2024-12-21 18:12:45.300622,2479.03,in,deposit,NG,EUR
TXN-00010741,SIG-01186,2024-01-18 21:50:02.158138,1052.09,out,payment,US,USD
TXN-00000105,SIG-00010,2024-08-02 22:07:56.671772,574.38,in,withdrawal,BR,GBP
TXN-00006557,SIG-00734,2024-02-14 15:58:46.889935,920.45,out,payment,US,USD
TXN-00001657,SIG-00181,2024-01-27 11:35:00.122127,3366.36,in,fx_exchange,US,USD
TXN-00008135,SIG-00899,2024-07-29 19:21:12.078753,990.64,in,card_purchase,CN,USD
TXN-00001534,SIG-00165,2024-07-24 04:31:55.516277,584.37,in,wire,RU,CHF
TXN-00004003,SIG-00446,2024-01-16 12:23:37.542567,1125.73,in,withdrawal,US,USD
TXN-00002987,SIG-00333,2024-07-10 11:54:18.206521,2407.77,out,card_purchase,US,USD
TXN-00005607,SIG-00625,2024-10-13 06:36:31.853965,3712.57,out,payment,US,USD
TXN-00001333,SIG-00140,2024-09-03 20:38:57.427747,208.35,in,withdrawal,IN,CHF
TXN-00009985,SIG-01103,2024-04-01 04:13:11.280601,736.2,in,atm_withdrawal,US,USD
TXN-00003593,SIG-00400,2024-01-27 21:03:11.793586,1482.8,out,transfer,US,USD
TXN-00004696,SIG-00522,2024-12-05 13:09:27.165485,21168.1,out,withdrawal,US,USD
TXN-00000101,SIG-00010,2024-07-23 21:33:09.436298,4532.81,in,withdrawal,US,USD
TXN-00001444,SIG-00157,2024-03-10 22:02:59.207462,579.7,in,payment,CN,CHF
TXN-00010456,SIG-01155,2024-09-13 07:26:49.611997,465.63,in,withdrawal,US,USD
TXN-00004133,SIG-00459,2024-03-24 04:23:23.547422,9163.96,in,bill_pay,US,USD
TXN-00000215,SIG-00020,2024-11-19 16:41:15.227778,2319.99,in,transfer,US,USD
TXN-00003353,SIG-00372,2024-03-15 01:50:14.551490,1048.21,out,transfer,US,USD
TXN-00006952,SIG-00776,2024-03-10 06:16:03.916727,1731.87,in,withdrawal,US,USD
TXN-00000848,SIG-00088,2024-03-17 22:09:13.227351,413.67,in,wire,US,USD
TXN-00005059,SIG-00564,2024-08-27 07:39:12.431656,523.87,in,bill_pay,US,USD
TXN-00002911,SIG-00322,2024-01-22 06:06:47.902297,3540.36,out,card_purchase,US,USD
TXN-00007253,SIG-00812,2024-03-17 11:36:22.434937,5327.34,out,payment,US,USD
TXN-00008981,SIG-00995,2024-02-03 15:44:41.228968,2037.06,out,card_purchase,US,USD
TXN-00001420,SIG-00153,2024-04-13 11:12:33.920974,1936.38,in,payment,US,USD
TXN-00002570,SIG-00282,2024-04-08 09:23:30.461546,565.64,in,deposit,UA,GBP
TXN-00009239,SIG-01023,2024-11-08 18:23:36.149957,285.08,in,deposit,US,USD
TXN-00000182,SIG-00018,2024-04-29 05:09:29.415721,5443.2,out,withdrawal,US,USD
TXN-00003667,SIG-00407,2024-01-22 15:18:57.420768,253.9,in,refund,US,USD
TXN-00004792,SIG-00536,2024-11-26 09:46:36.709134,2212.66,in,deposit,NG,USD
TXN-00010608,SIG-01171,2024-08-31 13:06:41.835911,62.73,out,payment,US,USD
TXN-00002447,SIG-00269,2024-01-10 06:06:14.133371,12358.68,out,card_purchase,US,USD
TXN-00006392,SIG-00717,2024-02-06 08:25:03.825196,317.23,in,payment,US,USD
TXN-00004123,SIG-00458,2024-03-27 00:33:25.538076,1369.05,out,transfer,US,USD
TXN-00006818,SIG-00762,2024-04-14 19:10:29.247245,435.85,in,card_purchase,US,USD
TXN-00004562,SIG-00508,2024-03-13 12:11:09.886739,1518.26,in,card_purchase,US,USD
TXN-00008714,SIG-00965,2024-08-23 20:06:20.128593,1038.2,out,wire,US,USD
TXN-00008794,SIG-00973,2024-08-15 18:10:32.611935,12184.79,out,wire,RU,GBP
TXN-00008819,SIG-00976,2024-11-07 07:31:07.625631,1793.61,out,withdrawal,US,USD
TXN-00003173,SIG-00353,2024-06-17 16:00:29.786053,1347.83,in,withdrawal,US,USD
TXN-00001224,SIG-00130,2024-06-02 08:15:25.844497,1705.71,out,payment,US,USD
TXN-00005866,SIG-00656,2024-03-17 13:26:36.555482,647.52,out,payment,US,USD
TXN-00004598,SIG-00510,2024-09-05 12:12:43.753623,1573.72,out,wire,US,USD
TXN-00000071,SIG-00008,2024-05-10 04:14:17.579288,585.17,out,card_purchase,US,USD
TXN-00000545,SIG-00055,2024-10-02 23:15:44.401513,517.04,in,payment,US,USD
TXN-00001205,SIG-00127,2024-06-04 16:47:16.934271,89.69,in,payment,US,USD
TXN-00004377,SIG-00484,2024-10-07 02:28:45.565927,368.0,out,withdrawal,AE,CHF
TXN-00005033,SIG-00562,2024-06-09 22:47:03.540244,1469.97,out,wire,KY,JPY
TXN-00009930,SIG-01098,2024-10-21 14:15:40.536307,2168.95,out,deposit,US,USD
TXN-00003147,SIG-00352,2024-11-02 02:56:42.566774,389.47,out,card_purchase,US,USD
TXN-00002638,SIG-00290,2024-01-06 17:23:50.445229,1600.43,out,transfer,US,USD
TXN-00010551,SIG-01165,2024-04-24 16:59:52.050994,1263.72,in,wire,US,USD
TXN-00004375,SIG-00484,2024-10-15 10:17:23.164277,387.84,out,payment,US,USD
TXN-00009084,SIG-01009,2024-09-03 00:36:23.863222,865.91,in,fx_exchange,UA,USD
TXN-00009925,SIG-01097,2024-12-18 07:49:17.197314,2710.55,in,deposit,US,USD
TXN-00010739,SIG-01186,2023-12-10 12:22:48.541828,565.34,in,payment,KY,USD
TXN-00009938,SIG-01098,2024-11-02 15:35:19.563874,153.13,out,wire,US,USD
TXN-00003298,SIG-00366,2024-01-15 09:11:11.852040,162.56,in,atm_withdrawal,US,USD
TXN-00000878,SIG-00091,2024-08-13 05:36:34.166577,619.52,in,transfer,US,USD
TXN-00010164,SIG-01122,2024-11-02 21:54:29.302261,1180.98,out,atm_withdrawal,US,USD
TXN-00000197,SIG-00019,2024-08-03 13:24:07.789729,3787.63,out,wire,US,USD
TXN-00010619,SIG-01172,2024-04-13 21:16:44.828657,737.98,in,fx_exchange,US,USD
TXN-00003384,SIG-00375,2024-03-01 04:27:58.235557,644.02,out,deposit,TR,EUR
TXN-00009233,SIG-01023,2024-11-19 00:15:32.013076,777.7,in,card_purchase,US,USD
TXN-00006949,SIG-00776,2024-03-13 06:18:54.902824,760.24,out,transfer,US,USD
TXN-00010845,SIG-01196,2024-02-16 23:01:48.075114,4983.08,in,deposit,US,USD
TXN-00002998,SIG-00333,2024-07-09 21:19:59.877861,1343.35,in,fx_exchange,RU,USD
TXN-00006009,SIG-00672,2024-05-18 13:54:49.131928,1909.33,out,atm_withdrawal,US,USD
TXN-00002572,SIG-00282,2024-03-20 00:51:24.648069,10061.17,in,card_purchase,US,USD
TXN-00005494,SIG-00613,2024-10-07 21:09:15.758189,210.62,in,atm_withdrawal,US,USD
TXN-00009414,SIG-01039,2024-06-27 02:15:23.117727,3028.6,out,withdrawal,US,USD
TXN-00010215,SIG-01126,2024-04-05 01:32:13.793724,759.33,in,payment,US,USD
TXN-00005712,SIG-00638,2024-11-29 08:44:24.484655,8900.96,out,card_purchase,US,USD
TXN-00009053,SIG-01004,2024-07-28 11:08:10.903911,2015.92,out,withdrawal,CN,CHF
TXN-00002683,SIG-00295,2024-03-04 01:01:14.718928,366.82,out,atm_withdrawal,US,USD
TXN-00002509,SIG-00274,2024-09-05 21:14:06.366311,907.75,in,fx_exchange,KY,GBP
TXN-00007924,SIG-00878,2024-01-18 00:06:29.763128,9690.6,out,transfer,US,USD
TXN-00008388,SIG-00926,2024-07-08 09:29:51.394429,329.62,out,refund,US,USD
TXN-00009910,SIG-01096,2024-04-08 12:38:32.403713,626.03,out,payment,US,USD
TXN-00001245,SIG-00132,2024-09-22 13:40:11.884953,240.88,in,refund,US,USD
TXN-00010752,SIG-01187,2024-11-17 11:44:35.028256,1950.69,out,payment,US,USD
TXN-00009617,SIG-01063,2024-09-01 03:08:31.293576,2608.38,out,payment,US,USD
TXN-00007691,SIG-00856,2024-10-08 21:30:50.390158,8940.06,in,transfer,US,USD
TXN-00004619,SIG-00513,2024-10-19 17:24:26.538004,1128.07,in,wire,US,USD
TXN-00005406,SIG-00603,2024-02-08 01:32:05.099166,337.81,in,fx_exchange,US,USD
TXN-00010052,SIG-01108,2023-12-08 06:20:18.916934,3013.06,out,transfer,US,USD
TXN-00000255,SIG-00025,2024-01-21 01:37:14.850438,1764.39,in,card_purchase,US,USD
TXN-00004336,SIG-00479,2024-02-15 00:52:03.210102,3560.69,out,card_purchase,US,USD
TXN-00007525,SIG-00840,2024-04-08 20:01:46.850371,1488.82,in,deposit,US,USD
TXN-00010307,SIG-01138,2024-08-27 14:14:31.064560,1877.06,in,payment,US,USD
TXN-00000760,SIG-00079,2024-04-29 17:20:20.052859,435.87,in,deposit,US,USD
TXN-00000655,SIG-00067,2024-12-27 10:59:58.140857,1289.21,in,wire,US,USD
TXN-00006642,SIG-00742,2024-12-19 12:52:44.622955,626.72,out,fx_exchange,US,USD
TXN-00003402,SIG-00378,2024-01-30 04:22:04.514807,19511.94,in,refund,US,USD
TXN-00001421,SIG-00153,2024-04-16 21:32:30.612796,714.37,in,payment,US,USD
TXN-00003045,SIG-00338,2024-03-06 02:21:18.129746,1488.17,in,deposit,CN,USD
TXN-00002831,SIG-00313,2024-03-09 06:44:54.532343,1088.66,out,payment,US,USD
TXN-00010090,SIG-01112,2024-07-10 16:56:45.306863,2609.65,out,card_purchase,US,USD
TXN-00000329,SIG-00036,2024-07-27 00:50:37.048030,2912.58,out,fx_exchange,NG,GBP
TXN-00007594,SIG-00848,2024-10-18 23:32:31.341862,1987.9,out,fx_exchange,BR,CHF
TXN-00004843,SIG-00541,2024-06-22 14:22:10.951978,5885.37,in,transfer,US,USD
TXN-00003020,SIG-00336,2024-10-24 04:56:52.425271,519.16,in,refund,CN,JPY
TXN-00003030,SIG-00337,2024-10-03 14:07:41.974788,4605.43,in,transfer,US,USD
TXN-00002637,SIG-00290,2024-01-06 01:29:07.667633,1193.84,out,payment,US,USD
TXN-00005373,SIG-00599,2024-02-02 08:57:17.974721,6495.63,in,atm_withdrawal,US,USD
TXN-00003019,SIG-00336,2024-10-24 14:14:22.218636,2856.98,out,card_purchase,US,USD
TXN-00002946,SIG-00327,2024-01-23 19:55:52.399503,4464.84,out,wire,US,USD
TXN-00003660,SIG-00406,2024-07-14 06:23:23.415525,4148.59,in,deposit,US,USD
TXN-00009037,SIG-01002,2024-11-22 02:41:45.361499,268.99,out,withdrawal,KY,USD
TXN-00005837,SIG-00654,2024-09-19 03:25:46.504750,404.7,in,payment,NG,USD
TXN-00009044,SIG-01002,2024-11-20 05:58:40.805624,2005.75,out,deposit,US,USD
TXN-00002664,SIG-00292,2024-07-10 21:04:29.862446,1888.67,out,transfer,US,USD
TXN-00007650,SIG-00853,2024-08-31 01:17:20.345223,3914.56,in,withdrawal,US,USD
TXN-00001363,SIG-00144,2024-04-26 11:29:34.136327,546.24,out,deposit,US,USD
TXN-00008469,SIG-00938,2024-10-26 14:43:27.669779,249.63,in,withdrawal,US,USD
TXN-00003482,SIG-00388,2024-09-23 21:15:53.576293,770.0,out,card_purchase,US,USD
TXN-00010497,SIG-01158,2024-02-10 16:03:14.188202,7312.41,out,atm_withdrawal,PA,JPY
TXN-00009242,SIG-01023,2024-11-15 05:43:58.373487,12053.35,out,fx_exchange,US,USD
TXN-00004246,SIG-00471,2024-01-13 17:50:05.400685,1335.34,in,card_purchase,US,USD
TXN-00010654,SIG-01176,2024-05-31 21:49:28.693614,97.96,out,card_purchase,US,USD
TXN-00002881,SIG-00319,2024-11-17 17:06:04.476488,358.83,out,fx_exchange,US,USD
TXN-00003382,SIG-00375,2024-02-20 19:34:19.784667,5838.95,out,card_purchase,US,USD
TXN-00001303,SIG-00137,2024-02-11 20:32:28.208910,1872.37,out,withdrawal,US,USD
TXN-00005008,SIG-00560,2024-08-15 09:26:02.428755,6156.27,in,withdrawal,AE,CHF
TXN-00006452,SIG-00724,2024-03-24 22:58:32.113135,2396.01,out,card_purchase,BR,USD
TXN-00006012,SIG-00672,2024-05-19 03:11:16.103554,413.33,in,card_purchase,US,USD
TXN-00009993,SIG-01104,2024-02-02 07:36:56.012793,13238.54,in,refund,US,USD
TXN-00007883,SIG-00875,2024-04-02 21:23:47.033996,1593.0,in,wire,UA,EUR
TXN-00003236,SIG-00359,2024-08-03 21:49:26.119920,844.43,in,transfer,US,USD
TXN-00003258,SIG-00362,2024-07-08 06:32:29.377657,1084.66,in,atm_withdrawal,NG,EUR
TXN-00007507,SIG-00839,2024-11-30 05:54:50.998324,990.11,out,bill_pay,TR,GBP
TXN-00008001,SIG-00885,2024-05-27 00:52:36.608374,1179.42,in,payment,TR,GBP
TXN-00000177,SIG-00018,2024-04-28 02:53:27.795070,141.43,in,payment,KY,CHF
TXN-00000436,SIG-00043,2024-03-01 01:40:55.737644,4306.37,out,wire,US,USD
TXN-00004177,SIG-00464,2024-01-16 21:04:22.597931,1360.03,in,wire,US,USD
TXN-00000309,SIG-00033,2024-01-18 05:58:11.391390,772.05,in,bill_pay,US,USD
TXN-00001566,SIG-00169,2024-01-20 00:17:55.539597,3007.71,in,deposit,US,USD
TXN-00003965,SIG-00441,2024-08-04 02:30:09.560875,3188.55,out,atm_withdrawal,US,USD
TXN-00006721,SIG-00751,2024-11-15 06:25:28.066575,849.46,in,refund,US,USD
TXN-00009448,SIG-01042,2024-01-14 08:06:38.410883,374.81,in,card_purchase,US,USD
TXN-00008944,SIG-00990,2024-01-24 19:35:19.633336,4250.05,in,fx_exchange,US,USD
TXN-00000596,SIG-00060,2024-11-21 19:25:14.369085,722.98,out,transfer,US,USD
TXN-00004383,SIG-00485,2024-08-13 05:45:39.909683,812.56,out,deposit,AE,CHF
TXN-00009399,SIG-01037,2024-04-10 19:33:06.975014,1772.91,in,transfer,US,USD
TXN-00002624,SIG-00288,2024-10-17 18:53:04.209689,8264.58,in,transfer,US,USD
TXN-00008295,SIG-00916,2024-02-09 00:43:05.040150,11966.77,out,deposit,US,USD
TXN-00009980,SIG-01103,2024-03-28 17:25:57.145243,1473.39,out,fx_exchange,US,USD
TXN-00000232,SIG-00021,2024-10-16 03:39:53.563128,1002.91,in,atm_withdrawal,NG,CHF
TXN-00000180,SIG-00018,2024-04-29 20:42:25.726651,1986.38,in,refund,IN,GBP
TXN-00000738,SIG-00078,2024-08-09 11:17:52.079437,2424.6,in,withdrawal,NG,USD
TXN-00007218,SIG-00809,2024-10-23 10:50:42.515780,461.21,in,transfer,US,USD
TXN-00007842,SIG-00872,2024-08-19 05:27:47.276602,16.49,out,withdrawal,US,USD
TXN-00006126,SIG-00687,2024-11-30 06:30:25.816002,808.7,in,wire,BR,CHF
TXN-00007625,SIG-00850,2024-06-15 09:35:06.607813,1276.43,in,payment,US,USD
TXN-00006139,SIG-00688,2024-01-17 01:33:00.574290,717.04,in,payment,US,USD
TXN-00008257,SIG-00912,2024-06-22 17:42:46.234643,5543.44,out,fx_exchange,US,USD
TXN-00001322,SIG-00139,2024-04-08 19:36:11.932146,9462.62,out,transfer,US,USD
TXN-00001996,SIG-00214,2024-07-08 11:13:25.164611,242.93,out,withdrawal,US,USD
TXN-00005091,SIG-00568,2024-05-23 11:52:57.117817,8653.25,in,fx_exchange,US,USD
TXN-00004930,SIG-00550,2024-11-04 16:36:35.521528,882.6,out,card_purchase,US,USD
TXN-00000801,SIG-00084,2024-10-05 12:35:57.049840,5907.33,out,bill_pay,US,USD
TXN-00008281,SIG-00915,2024-12-04 14:53:16.270279,672.32,in,atm_withdrawal,UA,JPY
TXN-00006811,SIG-00761,2024-12-15 21:55:25.705010,2176.78,in,transfer,UA,GBP
TXN-00005910,SIG-00660,2024-09-17 16:42:06.366183,1399.61,out,transfer,US,USD
TXN-00000070,SIG-00007,2024-05-06 16:50:36.969380,604.71,in,payment,US,USD
TXN-00008261,SIG-00912,2024-06-18 21:29:14.559911,306.39,in,bill_pay,US,USD
TXN-00008960,SIG-00992,2024-02-29 06:29:39.288827,5672.41,in,withdrawal,US,USD
TXN-00001681,SIG-00183,2024-09-28 10:26:55.821436,129.37,out,payment,US,USD
TXN-00000378,SIG-00038,2024-08-24 14:28:15.919988,555.32,in,bill_pay,US,USD
TXN-00001470,SIG-00159,2024-04-12 22:35:29.141700,2116.53,in,deposit,IN,GBP
TXN-00002604,SIG-00286,2024-10-24 23:03:30.371489,590.78,in,card_purchase,US,USD
TXN-00004182,SIG-00464,2024-02-01 23:53:42.138376,1072.98,out,card_purchase,US,USD
TXN-00005051,SIG-00563,2024-06-06 23:56:57.179282,138.07,out,card_purchase,US,USD
TXN-00003092,SIG-00345,2024-02-23 05:17:41.232160,893.76,out,payment,US,USD
TXN-00002727,SIG-00299,2024-04-08 03:08:17.020258,1981.16,out,fx_exchange,NG,CHF
TXN-00000478,SIG-00049,2024-05-13 06:36:49.725119,1118.74,in,transfer,US,USD
TXN-00001330,SIG-00140,2024-09-08 21:29:04.101177,106994.32,out,wire,US,USD
TXN-00002284,SIG-00249,2024-11-15 02:29:27.306061,4751.19,in,transfer,KY,JPY
TXN-00007954,SIG-00882,2024-06-09 13:14:55.011264,1717.14,in,card_purchase,IN,EUR
TXN-00010512,SIG-01160,2024-03-11 09:33:40.258062,2210.13,in,card_purchase,KY,CHF
TXN-00000752,SIG-00078,2024-08-14 01:45:36.426958,219.34,in,deposit,US,USD
TXN-00004881,SIG-00544,2024-02-16 21:48:35.771215,941.26,out,withdrawal,US,USD
TXN-00007217,SIG-00809,2024-10-14 01:35:18.349026,913.78,out,withdrawal,US,USD
TXN-00009064,SIG-01006,2024-12-09 19:04:51.619126,1006.02,in,deposit,US,USD
TXN-00006181,SIG-00694,2024-08-02 13:01:18.411101,134.47,in,withdrawal,KY,GBP
TXN-00001546,SIG-00167,2024-06-03 20:22:20.687012,2111.71,in,deposit,US,USD
TXN-00007795,SIG-00866,2024-08-16 15:42:11.552189,869.08,out,deposit,US,USD
TXN-00009341,SIG-01032,2024-07-15 12:38:08.206677,1369.18,out,deposit,TR,USD
TXN-00002684,SIG-00295,2024-03-10 23:23:00.876242,405.92,in,withdrawal,US,USD
TXN-00008389,SIG-00926,2024-07-21 16:41:32.302087,6026.98,out,wire,IN,USD
TXN-00010695,SIG-01181,2024-02-24 13:45:56.803482,507.97,in,wire,US,USD
TXN-00006445,SIG-00723,2024-02-23 00:47:37.286697,147.48,out,card_purchase,US,USD
TXN-00003519,SIG-00392,2024-02-03 01:43:22.858208,888.24,in,refund,US,USD
TXN-00004257,SIG-00472,2024-09-08 23:42:11.326823,137.28,in,card_purchase,US,USD
TXN-00002355,SIG-00257,2024-02-04 09:18:59.558916,962.57,out,wire,UA,USD
TXN-00000774,SIG-00081,2024-10-23 03:32:05.321862,2328.82,in,payment,KY,EUR
TXN-00005859,SIG-00656,2024-03-18 14:57:25.919069,159.86,in,transfer,US,USD
TXN-00009615,SIG-01063,2024-08-12 00:44:28.155320,278.13,out,transfer,US,USD
TXN-00008650,SIG-00958,2024-01-30 02:17:24.268709,1251.64,in,atm_withdrawal,US,USD
TXN-00000642,SIG-00065,2024-12-10 09:00:19.573195,871.28,out,deposit,US,USD
TXN-00005290,SIG-00591,2024-09-04 10:38:44.817495,10941.89,in,fx_exchange,UA,GBP
TXN-00010678,SIG-01179,2024-09-22 20:52:42.847122,940.92,out,payment,AE,JPY
TXN-00004914,SIG-00548,2024-10-08 11:14:19.225265,2613.65,out,withdrawal,US,USD
TXN-00006042,SIG-00678,2024-01-26 15:08:59.240326,1493.83,out,transfer,US,USD
TXN-00000866,SIG-00090,2024-03-31 19:52:01.139596,7328.29,out,payment,UA,CHF
TXN-00005995,SIG-00670,2024-03-17 16:55:28.905753,516.84,out,withdrawal,US,USD
TXN-00005886,SIG-00657,2024-11-09 18:48:01.425649,2416.51,in,fx_exchange,US,USD
TXN-00010771,SIG-01190,2024-04-21 19:31:43.213072,444.76,out,payment,KY,JPY
TXN-00010364,SIG-01145,2024-07-24 19:14:33.003257,387.89,in,payment,US,USD
TXN-00005732,SIG-00642,2024-08-28 21:27:04.244969,233.26,in,payment,US,USD
TXN-00007445,SIG-00830,2024-04-03 05:56:53.730806,161.7,in,payment,BR,GBP
TXN-00000963,SIG-00100,2024-07-27 21:41:37.406163,548.97,out,deposit,US,USD
TXN-00008032,SIG-00889,2024-07-31 06:04:42.030470,331.96,in,card_purchase,US,USD
TXN-00007140,SIG-00798,2024-04-05 12:32:45.510408,883.64,out,transfer,US,USD
TXN-00005307,SIG-00593,2024-09-01 05:05:41.278916,2420.53,in,payment,US,USD
TXN-00003310,SIG-00367,2024-10-31 02:55:44.776543,364.72,out,bill_pay,US,USD
TXN-00002167,SIG-00238,2024-08-08 15:04:15.624184,2097.76,in,atm_withdrawal,US,USD
TXN-00000364,SIG-00037,2024-03-21 09:15:36.679972,1671.02,out,card_purchase,US,USD
TXN-00003724,SIG-00413,2024-03-29 07:50:07.096553,730.37,out,payment,US,USD
TXN-00002826,SIG-00312,2024-02-24 17:05:03.480621,1662.19,in,atm_withdrawal,US,USD
TXN-00003598,SIG-00401,2024-11-01 09:34:29.837470,428.32,out,payment,US,USD
TXN-00000547,SIG-00055,2024-09-07 10:49:13.410293,24058.43,in,bill_pay,US,USD
TXN-00002941,SIG-00326,2024-09-13 13:42:06.099673,2419.09,in,payment,US,USD
TXN-00000472,SIG-00049,2024-05-19 20:12:50.446130,2579.83,in,fx_exchange,US,USD
TXN-00001642,SIG-00178,2024-06-21 09:32:52.268883,226.05,in,card_purchase,US,USD
TXN-00003339,SIG-00371,2024-11-11 15:51:53.075978,153.02,out,payment,US,USD
TXN-00009807,SIG-01083,2024-05-11 07:04:11.375757,219.95,in,payment,US,USD
TXN-00001173,SIG-00123,2024-05-04 21:52:21.816041,298.57,in,bill_pay,US,USD
TXN-00004266,SIG-00474,2024-12-05 01:25:41.411602,12206.5,in,atm_withdrawal,US,USD
TXN-00006828,SIG-00763,2024-10-27 00:17:53.961523,5484.6,in,card_purchase,US,USD
TXN-00009503,SIG-01049,2024-02-14 17:52:29.546954,693.62,out,card_purchase,US,USD
TXN-00008247,SIG-00910,2024-03-14 02:04:31.483484,2108.42,in,payment,US,USD
TXN-00004345,SIG-00480,2024-12-12 00:03:31.343869,1728.49,out,bill_pay,US,USD
TXN-00010238,SIG-01129,2024-10-19 08:21:47.738578,7823.8,out,atm_withdrawal,US,USD
TXN-00001411,SIG-00152,2024-01-31 04:05:39.406196,4932.13,out,deposit,NG,GBP
TXN-00004763,SIG-00532,2024-07-05 23:08:04.994863,1850.79,out,atm_withdrawal,US,USD
TXN-00004437,SIG-00492,2024-09-24 02:57:18.487850,838.52,out,bill_pay,US,USD
TXN-00009400,SIG-01037,2024-04-14 01:21:27.667515,2300.24,in,refund,US,USD
TXN-00007846,SIG-00872,2024-09-09 17:29:02.489956,1481.43,in,bill_pay,US,USD
TXN-00000816,SIG-00084,2024-10-03 10:51:46.272724,4338.9,in,transfer,US,USD
TXN-00002132,SIG-00232,2024-03-13 19:25:21.176217,1658.37,out,payment,US,USD
TXN-00001798,SIG-00195,2024-11-20 02:29:29.379153,125.76,in,deposit,US,USD
TXN-00003123,SIG-00349,2024-06-21 19:53:38.630174,733.66,out,refund,US,USD
TXN-00010402,SIG-01149,2024-05-01 17:10:56.873121,1320.91,in,wire,US,USD
TXN-00004276,SIG-00475,2024-09-03 02:27:22.712899,1502.31,out,card_purchase,AE,JPY
TXN-00010087,SIG-01112,2024-06-22 03:10:14.330133,86513.94,out,card_purchase,US,USD
TXN-00007429,SIG-00830,2024-03-26 20:38:26.293179,1231.32,in,transfer,US,USD
TXN-00009307,SIG-01029,2024-07-03 12:30:42.719146,381.71,in,deposit,US,USD
TXN-00009244,SIG-01023,2024-11-08 20:47:41.476664,3174.3,out,transfer,US,USD
TXN-00009924,SIG-01097,2024-12-15 15:41:50.686946,4003.75,out,payment,PA,JPY
TXN-00000238,SIG-00022,2024-12-10 07:54:09.500391,892.05,out,bill_pay,US,USD
TXN-00001533,SIG-00165,2024-08-02 20:50:49.278355,2453.99,in,withdrawal,US,USD
TXN-00010438,SIG-01154,2024-10-06 08:56:25.785429,506.0,out,refund,US,USD
TXN-00004575,SIG-00508,2024-03-21 09:47:12.371635,152.9,in,refund,RU,USD
TXN-00003411,SIG-00380,2024-11-14 15:28:33.269771,127.02,in,card_purchase,US,USD
TXN-00007539,SIG-00841,2023-12-27 15:54:21.253736,168.09,out,card_purchase,US,USD
TXN-00009934,SIG-01098,2024-10-17 22:42:27.961891,790.48,out,wire,US,USD
TXN-00001536,SIG-00166,2024-02-05 09:58:10.287684,607.47,in,fx_exchange,US,USD
TXN-00003880,SIG-00430,2024-08-12 21:30:56.115298,474.54,in,withdrawal,US,USD
TXN-00001300,SIG-00137,2024-02-12 12:17:01.463575,1576.75,in,wire,US,USD
TXN-00004353,SIG-00481,2024-04-04 12:17:15.224898,110.67,in,wire,US,USD
TXN-00007478,SIG-00835,2024-06-15 17:44:28.445864,354.92,in,payment,NG,EUR
TXN-00001481,SIG-00160,2024-03-31 11:51:10.342501,3164.06,in,bill_pay,US,USD
TXN-00002794,SIG-00307,2024-08-13 20:01:57.514048,1144.52,out,wire,US,USD
TXN-00005808,SIG-00651,2024-01-31 19:34:03.578437,605.35,out,atm_withdrawal,KY,USD
TXN-00010656,SIG-01177,2024-07-19 00:33:20.555010,1314.58,out,transfer,US,USD
TXN-00008333,SIG-00920,2024-12-03 02:32:32.976737,1818.04,in,deposit,US,USD
TXN-00004723,SIG-00526,2024-07-16 16:09:53.995278,45.48,out,withdrawal,CN,EUR
TXN-00005715,SIG-00639,2024-03-14 02:20:52.823561,1676.58,out,bill_pay,US,USD
TXN-00005516,SIG-00615,2024-04-08 06:51:49.736849,239.47,out,transfer,US,USD
TXN-00004897,SIG-00546,2024-06-11 03:03:42.605002,1958.41,in,card_purchase,US,USD
TXN-00003662,SIG-00406,2024-07-23 14:44:27.343910,7900.93,in,payment,IN,CHF
TXN-00000556,SIG-00056,2024-02-12 06:50:33.023331,663.24,out,fx_exchange,US,USD
TXN-00001164,SIG-00122,2024-10-22 09:07:38.571648,122.3,out,card_purchase,US,USD
TXN-00005962,SIG-00666,2024-04-05 21:12:52.564831,3660.19,in,wire,US,USD
TXN-00000398,SIG-00040,2024-07-24 10:33:01.434345,2886.91,in,deposit,US,USD
TXN-00006995,SIG-00783,2024-06-28 16:58:59.474961,214.85,in,payment,US,USD
TXN-00006320,SIG-00708,2024-12-02 17:39:23.221525,2191.01,in,fx_exchange,US,USD
TXN-00009598,SIG-01062,2024-11-08 20:19:38.558333,2146.89,out,card_purchase,US,USD
TXN-00005095,SIG-00569,2024-01-19 02:49:59.089353,703.46,out,wire,US,USD
TXN-00006292,SIG-00706,2024-03-19 09:39:43.252078,4640.15,out,card_purchase,US,USD
TXN-00010762,SIG-01189,2024-12-09 06:38:49.171380,113.63,out,payment,KY,JPY
TXN-00000724,SIG-00077,2024-02-13 08:47:16.805921,350.07,in,withdrawal,BR,GBP
TXN-00000301,SIG-00032,2024-10-20 11:09:04.057389,308.27,out,payment,IN,EUR
TXN-00009167,SIG-01016,2024-08-03 06:22:03.356356,590.91,out,atm_withdrawal,US,USD
TXN-00004295,SIG-00476,2024-12-18 18:47:41.080794,163.35,in,card_purchase,US,USD
TXN-00007496,SIG-00837,2024-09-26 15:32:59.855544,926.68,out,deposit,US,USD
TXN-00004186,SIG-00464,2023-12-16 08:17:20.171141,1737.7,in,transfer,US,USD
TXN-00005191,SIG-00577,2024-05-29 19:38:06.776320,2913.51,out,card_purchase,US,USD
TXN-00010075,SIG-01110,2024-02-17 19:55:27.066084,1703.68,out,payment,BR,EUR
TXN-00010712,SIG-01183,2024-11-30 12:47:04.475157,4817.2,in,card_purchase,US,USD
TXN-00003143,SIG-00352,2024-09-16 16:01:12.304163,7661.14,out,wire,US,USD
TXN-00005899,SIG-00658,2024-03-22 18:48:31.566382,695.12,in,payment,US,USD
TXN-00003206,SIG-00355,2024-02-27 22:25:09.256363,139.16,in,wire,US,USD
TXN-00009884,SIG-01093,2024-08-22 11:55:01.957929,10095.82,out,deposit,US,USD
TXN-00010432,SIG-01153,2023-12-20 14:17:09.642749,568.6,out,bill_pay,US,USD
TXN-00010346,SIG-01143,2024-10-10 07:55:00.450792,3065.97,out,atm_withdrawal,PA,GBP
TXN-00005825,SIG-00652,2024-04-14 00:26:11.289751,620.68,in,card_purchase,US,USD
TXN-00001153,SIG-00121,2024-05-15 06:10:45.509533,115.72,in,bill_pay,US,USD
TXN-00001213,SIG-00128,2024-08-23 02:02:48.681387,68.46,in,payment,US,USD
TXN-00007767,SIG-00864,2024-06-06 19:24:11.360408,1260.07,in,transfer,US,USD
TXN-00010575,SIG-01167,2024-09-09 22:57:31.684639,5869.34,in,card_purchase,PA,EUR
TXN-00007774,SIG-00864,2024-06-04 15:01:32.809568,5724.49,out,transfer,UA,JPY
TXN-00005765,SIG-00646,2024-04-28 01:47:33.500252,19989.23,out,deposit,KY,EUR
TXN-00009408,SIG-01038,2024-10-30 08:55:30.124041,100.93,out,bill_pay,US,USD
TXN-00000666,SIG-00069,2024-11-07 02:32:53.903251,152.22,out,withdrawal,US,USD
TXN-00000643,SIG-00065,2024-12-16 00:30:01.583984,2395.43,out,fx_exchange,US,USD
TXN-00010078,SIG-01111,2024-08-30 10:55:35.773271,9397.06,in,deposit,US,USD
TXN-00003768,SIG-00418,2024-02-10 11:22:46.124045,7110.2,in,withdrawal,US,USD
TXN-00004273,SIG-00475,2024-09-05 00:10:36.610084,67.51,in,deposit,US,USD
TXN-00000787,SIG-00083,2024-12-01 18:14:20.554330,344.11,in,bill_pay,US,USD
TXN-00007641,SIG-00852,2024-12-06 03:27:42.473252,448.96,in,payment,US,USD
TXN-00003203,SIG-00355,2024-02-21 03:55:05.250882,90.74,out,transfer,US,USD
TXN-00005759,SIG-00646,2024-04-28 13:11:08.280914,509.85,out,transfer,RU,USD
TXN-00004188,SIG-00465,2024-10-27 00:44:57.948704,2597.38,in,transfer,US,USD
TXN-00006903,SIG-00771,2024-10-10 12:12:52.178728,698.72,in,deposit,US,USD
TXN-00007757,SIG-00863,2024-09-09 20:00:31.807254,3867.3,in,payment,US,USD
TXN-00002906,SIG-00322,2024-01-15 12:08:56.953642,2769.63,in,atm_withdrawal,US,USD
TXN-00007256,SIG-00813,2024-12-11 18:00:18.274903,670.66,in,card_purchase,US,USD
TXN-00000997,SIG-00103,2024-11-05 03:21:13.976456,3446.92,in,wire,US,USD
TXN-00005054,SIG-00564,2024-08-24 10:11:45.308997,1016.27,in,withdrawal,US,USD
TXN-00009519,SIG-01051,2024-08-25 07:24:56.171092,299.0,in,withdrawal,KY,CHF
TXN-00008965,SIG-00993,2024-06-16 06:06:37.794984,2462.16,out,atm_withdrawal,US,USD
TXN-00000157,SIG-00017,2024-10-23 03:37:00.655844,1334.96,out,wire,US,USD
TXN-00008516,SIG-00943,2024-08-06 22:41:18.250349,600.8,in,payment,US,USD
TXN-00003086,SIG-00344,2024-05-03 00:42:17.267698,11142.02,out,card_purchase,AE,CHF
TXN-00009406,SIG-01037,2024-04-12 08:27:11.875620,358.24,in,payment,US,USD
TXN-00007721,SIG-00859,2024-05-25 02:30:41.116749,6661.58,in,transfer,US,USD
TXN-00004975,SIG-00555,2024-02-20 07:56:12.693553,2400.54,in,payment,US,USD
TXN-00006621,SIG-00741,2024-02-02 18:33:39.097739,210.75,out,bill_pay,US,USD
TXN-00003796,SIG-00420,2024-12-08 20:44:25.353357,164.2,in,payment,US,USD
TXN-00000496,SIG-00051,2024-07-19 16:56:06.473702,6398.07,in,payment,UA,USD
TXN-00002322,SIG-00254,2024-12-17 20:47:49.311851,795.05,out,withdrawal,US,USD
TXN-00008456,SIG-00936,2024-11-25 14:38:14.629930,114.22,in,withdrawal,US,USD
TXN-00004834,SIG-00540,2024-09-10 12:05:43.539219,21508.75,in,card_purchase,US,USD
TXN-00000152,SIG-00016,2024-11-17 15:37:38.870394,207.54,out,card_purchase,US,USD
TXN-00004996,SIG-00558,2024-10-09 09:16:12.187793,1720.33,out,deposit,US,USD
TXN-00005289,SIG-00590,2024-09-08 23:58:51.461791,1176.73,out,card_purchase,US,USD
TXN-00006831,SIG-00763,2024-10-10 06:58:23.985441,1249.25,in,withdrawal,US,USD
TXN-00001739,SIG-00188,2024-01-17 18:38:16.341852,789.32,out,payment,US,USD
TXN-00003002,SIG-00334,2024-03-12 18:28:45.399893,2915.1,out,payment,US,USD
TXN-00009680,SIG-01070,2024-04-03 08:58:00.934051,13922.26,out,transfer,US,USD
TXN-00005957,SIG-00666,2024-04-04 23:36:43.847766,6673.93,in,deposit,US,USD
TXN-00005539,SIG-00617,2024-07-29 11:08:05.877537,1902.87,in,deposit,US,USD
TXN-00010442,SIG-01155,2024-08-23 23:20:25.499569,6304.57,out,card_purchase,US,USD
TXN-00002884,SIG-00319,2024-11-12 02:59:07.031841,268.33,out,payment,US,USD
TXN-00003721,SIG-00413,2024-03-25 21:46:17.343332,1339.27,in,card_purchase,US,USD
TXN-00006924,SIG-00774,2024-01-08 20:56:14.059104,428.44,out,refund,US,USD
TXN-00009305,SIG-01029,2024-07-04 19:53:08.050572,2395.72,in,deposit,US,USD
TXN-00004608,SIG-00511,2024-08-02 15:28:12.543574,457.92,in,bill_pay,US,USD
TXN-00004739,SIG-00528,2024-06-08 20:40:37.962542,1182.58,in,wire,US,USD
TXN-00002277,SIG-00248,2024-07-31 08:11:38.214799,410.49,in,deposit,US,USD
TXN-00000344,SIG-00036,2024-06-30 20:08:21.376151,590.78,in,withdrawal,KY,JPY
TXN-00004137,SIG-00460,2024-02-02 23:35:44.769823,256.53,out,bill_pay,US,USD
TXN-00009025,SIG-01001,2024-12-14 01:10:42.051136,7040.03,out,bill_pay,US,USD
TXN-00007235,SIG-00811,2024-12-07 06:43:15.540507,4533.01,out,wire,US,USD
TXN-00002224,SIG-00245,2024-05-16 20:04:34.939128,891.45,out,transfer,US,USD
TXN-00004197,SIG-00465,2024-10-23 21:55:51.049762,19295.06,out,withdrawal,CN,GBP
TXN-00006293,SIG-00706,2024-03-23 08:09:58.867534,12492.4,in,deposit,US,USD
TXN-00004408,SIG-00489,2024-09-13 09:39:06.929534,518.13,out,refund,US,USD
TXN-00007016,SIG-00786,2024-05-19 09:42:14.038077,8426.35,in,payment,NG,EUR
TXN-00005852,SIG-00656,2024-03-21 04:40:08.566834,1652.33,out,atm_withdrawal,US,USD
TXN-00005339,SIG-00596,2024-07-25 07:57:23.907668,4497.68,in,withdrawal,CN,GBP
TXN-00009968,SIG-01103,2024-03-28 08:28:50.668670,4894.89,out,wire,US,USD
TXN-00005397,SIG-00602,2024-10-01 07:30:45.284244,3624.43,in,wire,US,USD
TXN-00001466,SIG-00159,2024-03-29 13:57:10.886906,595.23,in,atm_withdrawal,US,USD
TXN-00002235,SIG-00246,2024-06-22 03:37:44.208786,770.28,in,fx_exchange,US,USD
TXN-00009096,SIG-01009,2024-09-06 09:25:54.760488,637.83,in,withdrawal,US,USD
TXN-00003904,SIG-00434,2024-02-10 20:52:36.009574,858.97,in,bill_pay,BR,USD
TXN-00006855,SIG-00767,2024-05-10 06:06:07.357048,684.59,out,withdrawal,US,USD
TXN-00007290,SIG-00814,2024-06-22 15:09:28.492232,3157.13,in,payment,US,USD
TXN-00009356,SIG-01033,2024-10-02 06:06:27.951768,1285.67,out,payment,US,USD
TXN-00009038,SIG-01002,2024-11-28 22:18:57.267617,405.27,out,atm_withdrawal,US,USD
TXN-00008041,SIG-00890,2024-08-04 17:08:10.884556,63.4,out,payment,US,USD
TXN-00004152,SIG-00461,2024-10-18 22:14:05.554567,2844.43,in,payment,US,USD
TXN-00007477,SIG-00835,2024-06-23 06:52:56.260531,893.03,in,withdrawal,US,USD
TXN-00002122,SIG-00231,2024-06-12 01:21:50.697794,2451.04,out,card_purchase,US,USD
TXN-00009032,SIG-01002,2024-11-17 05:44:20.643910,5338.16,out,atm_withdrawal,US,USD
TXN-00008424,SIG-00932,2024-07-29 00:29:34.008349,10283.11,out,payment,US,USD
TXN-00007132,SIG-00797,2024-10-09 09:42:54.737904,10695.23,in,refund,US,USD
TXN-00003162,SIG-00353,2024-06-22 11:23:21.087598,528.36,in,card_purchase,US,USD
TXN-00002631,SIG-00289,2024-02-20 20:39:12.453920,142.9,out,wire,US,USD
TXN-00005831,SIG-00653,2024-12-11 03:46:22.898127,4965.52,out,transfer,US,USD
TXN-00009284,SIG-01027,2024-09-25 13:37:35.034584,3469.44,in,bill_pay,NG,EUR
TXN-00006513,SIG-00729,2024-03-02 22:21:10.089149,2185.73,out,transfer,US,USD
TXN-00009793,SIG-01083,2024-06-10 23:32:49.653847,479.02,in,bill_pay,US,USD
TXN-00001204,SIG-00127,2024-06-05 12:07:56.695643,925.62,out,deposit,PA,JPY
TXN-00006724,SIG-00752,2024-09-17 00:33:59.788477,1360.8,in,fx_exchange,US,USD
TXN-00000617,SIG-00063,2024-03-17 03:05:05.537231,297.43,in,withdrawal,US,USD
TXN-00001927,SIG-00207,2024-10-06 02:16:54.985537,5428.9,out,fx_exchange,US,USD
TXN-00003115,SIG-00348,2024-10-27 16:15:06.466638,351.35,out,atm_withdrawal,US,USD
TXN-00002642,SIG-00290,2024-01-12 09:34:29.447264,361.98,in,refund,US,USD
TXN-00009787,SIG-01082,2024-06-06 04:16:45.202991,3483.59,out,refund,US,USD
TXN-00002563,SIG-00281,2024-12-01 22:18:44.059516,153.76,out,atm_withdrawal,US,USD
TXN-00005858,SIG-00656,2024-03-21 20:49:19.752224,115.58,in,bill_pay,US,USD
TXN-00002729,SIG-00300,2024-02-28 18:30:17.600590,511.46,out,withdrawal,US,USD
TXN-00004611,SIG-00512,2024-06-26 11:51:55.268795,379.84,out,deposit,US,USD
TXN-00008677,SIG-00961,2024-01-12 23:52:58.212213,2876.64,out,bill_pay,US,USD
TXN-00002127,SIG-00232,2024-04-20 01:05:09.553226,303.92,in,atm_withdrawal,US,USD
TXN-00005139,SIG-00572,2024-07-27 19:10:44.999050,1331.89,in,wire,US,USD
TXN-00009005,SIG-00998,2024-09-10 10:02:54.482481,684.6,in,fx_exchange,US,USD
TXN-00008283,SIG-00915,2024-12-22 03:05:41.883666,3980.36,in,payment,US,USD
TXN-00005933,SIG-00662,2024-06-19 03:05:18.370970,5498.03,out,card_purchase,US,USD
TXN-00000806,SIG-00084,2024-10-11 04:56:56.277590,440.48,out,wire,US,USD
TXN-00008575,SIG-00949,2024-07-18 06:12:47.445505,3790.6,in,deposit,US,USD
TXN-00008026,SIG-00888,2024-04-28 07:21:08.422155,2828.96,in,payment,CN,USD
TXN-00004281,SIG-00475,2024-09-12 06:05:46.218449,233.26,in,card_purchase,RU,EUR
TXN-00008251,SIG-00911,2024-12-21 05:06:43.835279,1674.83,in,fx_exchange,NG,JPY
TXN-00006677,SIG-00746,2024-09-05 18:45:31.279887,1112.06,out,deposit,US,USD
TXN-00004767,SIG-00532,2024-07-26 12:33:59.450757,2473.08,out,fx_exchange,US,USD
TXN-00000548,SIG-00055,2024-10-03 21:58:10.354218,6192.46,out,fx_exchange,US,USD
TXN-00000027,SIG-00003,2024-02-05 20:32:27.895491,565.61,out,wire,US,USD
TXN-00005936,SIG-00663,2024-06-06 22:41:10.974783,286.16,out,deposit,KY,CHF
TXN-00003919,SIG-00436,2024-04-13 06:47:54.959985,1222.54,out,deposit,US,USD
TXN-00006970,SIG-00779,2024-03-14 03:44:35.150153,1147.32,in,withdrawal,US,USD
TXN-00004814,SIG-00538,2024-10-31 21:06:21.425069,2449.07,out,payment,US,USD
TXN-00001222,SIG-00129,2024-07-30 09:34:18.967917,1486.4,in,transfer,US,USD
TXN-00005984,SIG-00669,2024-05-24 11:10:42.368392,3192.22,in,card_purchase,US,USD
TXN-00002549,SIG-00280,2024-07-30 21:57:19.688003,1984.9,in,deposit,US,USD
TXN-00000438,SIG-00043,2024-03-01 08:50:40.198905,5805.88,in,deposit,US,USD
TXN-00010888,SIG-01200,2024-05-01 08:23:14.953000,1121.47,out,withdrawal,US,USD
TXN-00009232,SIG-01023,2024-11-13 22:43:08.592618,2512.61,in,transfer,US,USD
TXN-00001862,SIG-00201,2024-12-07 04:39:40.020590,567.67,out,refund,US,USD
TXN-00002700,SIG-00297,2023-12-27 18:30:05.127974,157.42,out,card_purchase,US,USD
TXN-00007081,SIG-00792,2024-03-18 06:36:00.301944,497.77,in,transfer,PA,CHF
TXN-00008102,SIG-00896,2024-06-05 12:33:00.398049,182.25,in,fx_exchange,US,USD
TXN-00002482,SIG-00272,2024-07-25 00:37:43.031207,2084.43,in,withdrawal,US,USD
TXN-00006923,SIG-00774,2024-01-04 08:26:29.930472,506.55,in,card_purchase,US,USD
TXN-00009202,SIG-01019,2024-08-05 07:36:35.271820,414.78,out,transfer,US,USD
TXN-00002707,SIG-00297,2023-12-30 06:06:04.285622,1246.06,in,payment,US,USD
TXN-00000327,SIG-00036,2024-07-13 23:40:38.036174,134.04,out,transfer,US,USD
TXN-00002500,SIG-00273,2024-03-17 22:57:12.906234,407.14,out,card_purchase,US,USD
TXN-00001005,SIG-00104,2024-08-25 03:31:42.173660,829.93,in,payment,US,USD
TXN-00009021,SIG-01000,2024-03-24 06:37:46.298598,1487.59,in,withdrawal,US,USD
TXN-00005385,SIG-00601,2024-06-10 09:07:22.912132,2520.97,in,deposit,US,USD
TXN-00004012,SIG-00448,2024-05-07 21:56:36.329681,598.3,out,payment,US,USD
TXN-00007523,SIG-00839,2024-12-03 21:36:05.941024,3421.19,in,card_purchase,US,USD
TXN-00000535,SIG-00055,2024-10-02 19:35:48.663127,2725.55,out,transfer,AE,EUR
TXN-00007342,SIG-00818,2024-02-24 19:31:23.952793,7538.81,out,card_purchase,US,USD
TXN-00003961,SIG-00441,2024-07-20 00:25:47.058931,534.23,in,card_purchase,US,USD
TXN-00000586,SIG-00059,2024-01-18 10:54:51.721064,2673.35,out,withdrawal,IN,USD
TXN-00009000,SIG-00998,2024-09-03 18:30:56.631444,292.37,in,withdrawal,US,USD
TXN-00010128,SIG-01117,2024-10-26 13:17:21.719844,11334.06,in,bill_pay,CN,CHF
TXN-00006245,SIG-00702,2024-09-30 22:47:49.906818,5031.34,out,transfer,TR,USD
TXN-00009603,SIG-01063,2024-08-14 12:39:02.309685,3308.25,out,transfer,US,USD
TXN-00006687,SIG-00747,2024-03-07 16:17:02.805598,414.98,out,refund,US,USD
TXN-00000492,SIG-00051,2024-07-27 20:01:35.220655,12322.25,out,bill_pay,US,USD
TXN-00004581,SIG-00509,2024-09-16 08:41:23.817748,3088.76,in,transfer,US,USD
TXN-00010386,SIG-01148,2024-07-26 18:56:30.900806,2374.01,out,atm_withdrawal,US,USD
TXN-00010119,SIG-01116,2024-11-25 18:33:59.577041,972.21,out,transfer,US,USD
TXN-00005642,SIG-00630,2024-10-16 21:15:10.678697,7036.32,out,atm_withdrawal,AE,EUR
TXN-00008582,SIG-00949,2024-07-11 14:54:45.800287,5157.36,out,card_purchase,US,USD
TXN-00003549,SIG-00396,2024-05-09 08:27:50.338711,11179.39,in,deposit,US,USD
TXN-00001917,SIG-00206,2024-04-26 09:39:07.468659,3631.86,out,refund,US,USD
TXN-00003186,SIG-00354,2024-08-21 04:31:12.512705,619.92,in,fx_exchange,CN,GBP
TXN-00004585,SIG-00509,2024-09-12 19:50:37.802306,215.57,out,card_purchase,IN,EUR
TXN-00001911,SIG-00205,2024-11-29 04:47:08.152613,1563.97,out,payment,US,USD
TXN-00006391,SIG-00717,2024-02-11 06:42:20.850690,333.02,out,atm_withdrawal,US,USD
TXN-00008334,SIG-00920,2024-11-20 15:58:07.027455,1101.3,in,withdrawal,US,USD
TXN-00001134,SIG-00119,2024-02-20 19:42:53.270656,2068.64,in,payment,US,USD
TXN-00007756,SIG-00863,2024-08-30 09:26:19.485329,479.65,in,fx_exchange,US,USD
TXN-00002519,SIG-00276,2024-06-09 22:06:06.664923,1178.27,out,payment,US,USD
TXN-00010785,SIG-01191,2024-03-06 00:56:30.941469,372.14,out,card_purchase,CN,EUR
TXN-00001318,SIG-00139,2024-03-23 12:52:17.503433,1901.9,out,payment,KY,GBP
TXN-00004369,SIG-00483,2024-05-31 02:10:32.615578,2072.86,in,bill_pay,US,USD
TXN-00000122,SIG-00012,2024-11-25 22:16:06.828749,1526.13,out,card_purchase,US,USD
TXN-00008378,SIG-00924,2024-03-23 17:40:16.914738,737.69,in,bill_pay,US,USD
TXN-00002450,SIG-00269,2024-01-12 01:57:33.023994,117.83,in,payment,PA,EUR
TXN-00004829,SIG-00539,2024-03-20 08:26:28.057202,4573.03,out,transfer,US,USD
TXN-00005187,SIG-00576,2024-08-26 20:16:49.834750,1096.89,out,payment,US,USD
TXN-00002602,SIG-00285,2024-03-08 15:38:45.620179,3255.47,in,payment,US,USD
TXN-00007998,SIG-00885,2024-05-12 07:07:14.771357,343.62,out,payment,US,USD
TXN-00006533,SIG-00731,2024-02-26 06:58:16.488185,3695.38,out,fx_exchange,US,USD
TXN-00002174,SIG-00239,2024-05-13 09:50:48.664760,1487.48,in,withdrawal,US,USD
TXN-00003284,SIG-00364,2023-12-06 08:06:18.733260,665.39,out,bill_pay,PA,JPY
TXN-00003606,SIG-00402,2024-01-29 08:35:09.129145,236.82,out,card_purchase,US,USD
TXN-00005144,SIG-00573,2024-04-10 00:32:51.030181,384.61,in,atm_withdrawal,US,USD
TXN-00009896,SIG-01094,2024-03-07 18:21:36.971651,573.15,in,card_purchase,US,USD
TXN-00003769,SIG-00418,2024-02-16 14:08:11.329221,6701.84,out,card_purchase,US,USD
TXN-00006848,SIG-00765,2024-10-02 11:33:20.029602,2415.45,out,atm_withdrawal,US,USD
TXN-00004039,SIG-00450,2024-03-07 17:37:46.254816,129.44,out,bill_pay,US,USD
TXN-00003503,SIG-00390,2024-07-24 17:08:00.718592,1516.38,out,transfer,US,USD
TXN-00001408,SIG-00151,2024-09-12 21:43:11.965569,1009.98,in,transfer,BR,USD
TXN-00004955,SIG-00553,2024-09-10 18:16:43.759052,2272.69,in,payment,US,USD
TXN-00008387,SIG-00926,2024-07-05 05:35:19.526822,374.43,out,wire,US,USD
TXN-00005849,SIG-00655,2023-12-26 23:34:20.164604,407.41,out,bill_pay,US,USD
TXN-00002580,SIG-00283,2024-03-21 04:34:29.636814,3946.05,in,card_purchase,US,USD
TXN-00005538,SIG-00617,2024-08-02 09:19:22.433900,4789.22,out,atm_withdrawal,US,USD
TXN-00003270,SIG-00362,2024-07-09 10:34:47.689117,1773.19,in,deposit,US,USD
TXN-00010414,SIG-01150,2024-12-20 19:18:01.773626,26347.8,in,transfer,US,USD
TXN-00001868,SIG-00201,2024-12-12 20:33:16.008215,1010.24,out,payment,KY,GBP
TXN-00010796,SIG-01191,2024-03-20 15:06:43.190717,855.82,in,wire,US,USD
TXN-00004939,SIG-00552,2024-09-07 14:33:09.985159,3363.22,out,refund,US,USD
TXN-00002522,SIG-00277,2024-03-18 20:34:40.199531,7168.15,out,payment,US,USD
TXN-00010495,SIG-01158,2024-02-11 05:59:30.106628,125.28,in,withdrawal,US,USD
TXN-00001821,SIG-00198,2024-11-04 14:34:07.869219,2907.17,out,withdrawal,IN,CHF
TXN-00010192,SIG-01123,2024-02-21 10:45:55.076195,2193.21,in,payment,US,USD
TXN-00000052,SIG-00006,2024-06-08 14:04:19.424788,1359.16,in,atm_withdrawal,US,USD
TXN-00003889,SIG-00431,2024-10-05 16:53:30.519970,935.61,in,wire,US,USD
TXN-00006561,SIG-00734,2024-02-18 21:47:15.484463,895.37,in,transfer,US,USD
TXN-00003578,SIG-00398,2024-05-05 14:53:56.361101,115.97,out,fx_exchange,US,USD
TXN-00008996,SIG-00998,2024-09-11 02:27:35.745452,165.34,in,payment,US,USD
TXN-00006593,SIG-00738,2023-12-11 00:08:42.405111,411.65,out,payment,US,USD
TXN-00001859,SIG-00201,2024-12-15 09:40:48.565910,3733.8,out,wire,AE,CHF
TXN-00006902,SIG-00771,2024-10-09 17:16:43.044613,1127.3,in,fx_exchange,US,USD
TXN-00010392,SIG-01149,2024-04-17 18:02:55.602689,371.77,in,withdrawal,NG,GBP
TXN-00006002,SIG-00671,2024-07-29 06:40:47.478483,30915.79,in,wire,RU,USD
TXN-00005900,SIG-00658,2024-03-21 15:17:45.691070,350.85,in,card_purchase,US,USD
TXN-00007553,SIG-00843,2024-07-24 02:10:12.549119,1258.64,in,withdrawal,US,USD
TXN-00010060,SIG-01108,2023-12-10 07:04:42.336499,2078.97,in,wire,US,USD
TXN-00000426,SIG-00042,2024-05-06 18:46:07.543553,4268.17,in,payment,NG,EUR
TXN-00004285,SIG-00476,2024-11-26 20:48:38.278216,277.73,out,card_purchase,US,USD
TXN-00006757,SIG-00756,2024-09-08 16:06:47.157139,490.06,out,card_purchase,US,USD
TXN-00005219,SIG-00580,2024-03-12 21:06:12.002865,1563.2,in,payment,US,USD
TXN-00000229,SIG-00021,2024-10-09 19:58:42.410540,588.84,in,transfer,AE,GBP
TXN-00006215,SIG-00698,2024-01-25 13:47:41.440734,2381.55,out,card_purchase,US,USD
TXN-00002742,SIG-00301,2024-07-06 00:26:53.044966,458.77,in,atm_withdrawal,TR,JPY
TXN-00009539,SIG-01053,2024-05-20 13:42:13.062283,1777.85,out,withdrawal,US,USD
TXN-00009231,SIG-01022,2024-05-25 00:33:14.448775,1136.09,out,card_purchase,US,USD
TXN-00002922,SIG-00324,2024-09-29 10:39:08.659196,852.15,out,wire,US,USD
TXN-00009199,SIG-01019,2024-08-11 02:50:11.619477,1698.11,out,transfer,US,USD
TXN-00003654,SIG-00406,2024-07-18 17:28:33.329349,860.75,in,deposit,UA,CHF
TXN-00006712,SIG-00750,2024-11-01 20:52:09.333008,1244.92,out,payment,US,USD
TXN-00004903,SIG-00546,2024-06-26 06:15:40.913807,83.42,in,fx_exchange,US,USD
TXN-00001129,SIG-00119,2024-02-17 17:35:32.870039,239.8,out,withdrawal,US,USD
TXN-00006081,SIG-00682,2024-02-02 19:52:50.807240,1417.34,out,card_purchase,US,USD
TXN-00002332,SIG-00255,2024-05-08 15:36:46.054565,132.28,out,payment,CN,CHF
TXN-00002209,SIG-00242,2024-02-29 14:49:01.214950,5114.45,in,payment,US,USD
TXN-00008709,SIG-00964,2024-01-02 02:06:20.882844,4206.9,out,transfer,US,USD
TXN-00009712,SIG-01074,2024-12-20 17:49:41.458895,404.48,in,wire,US,USD
TXN-00005035,SIG-00562,2024-06-03 07:09:25.504440,1338.16,out,payment,CN,EUR
TXN-00003154,SIG-00353,2024-06-18 10:10:36.021964,5705.35,out,payment,UA,EUR
TXN-00010637,SIG-01174,2024-03-28 11:30:16.263415,589.32,out,wire,US,USD
TXN-00008728,SIG-00967,2024-08-04 00:33:50.943819,20314.58,out,transfer,US,USD
TXN-00007434,SIG-00830,2024-03-29 22:10:57.816773,2644.25,in,card_purchase,UA,USD
TXN-00010466,SIG-01156,2024-06-07 22:49:39.926438,830.68,in,payment,RU,EUR
TXN-00002375,SIG-00260,2024-07-18 20:24:58.426652,1153.4,out,transfer,US,USD
TXN-00001633,SIG-00176,2024-01-01 21:18:18.248038,47952.09,in,atm_withdrawal,US,USD
TXN-00009297,SIG-01029,2024-07-06 02:29:56.871366,609.91,out,deposit,US,USD
TXN-00002299,SIG-00251,2024-03-10 12:16:40.975967,845.68,in,deposit,US,USD
TXN-00008523,SIG-00943,2024-08-17 17:05:08.599372,10392.78,in,fx_exchange,AE,JPY
TXN-00004253,SIG-00472,2024-09-13 18:47:10.460419,508.09,in,bill_pay,US,USD
TXN-00005329,SIG-00595,2023-12-16 16:50:29.137473,1401.14,out,withdrawal,US,USD
TXN-00008021,SIG-00888,2024-04-28 16:58:33.361579,2825.83,in,deposit,RU,CHF
TXN-00008351,SIG-00921,2024-11-29 21:17:34.949193,5031.89,in,fx_exchange,TR,EUR
TXN-00007640,SIG-00852,2024-12-05 09:05:13.046546,384.32,out,deposit,US,USD
TXN-00006201,SIG-00696,2024-05-15 15:17:07.427928,426.71,in,transfer,US,USD
TXN-00006616,SIG-00741,2024-02-02 03:25:33.393539,2226.25,in,wire,US,USD
TXN-00008025,SIG-00888,2024-04-21 19:26:51.946068,2833.7,in,card_purchase,UA,CHF
TXN-00006785,SIG-00758,2024-03-07 15:02:52.988454,2518.12,out,deposit,US,USD
TXN-00004827,SIG-00539,2024-03-05 02:43:26.757142,2624.36,out,atm_withdrawal,US,USD
TXN-00008835,SIG-00977,2024-07-05 20:21:21.593776,877.92,out,card_purchase,US,USD
TXN-00007949,SIG-00881,2024-06-26 05:27:16.922043,421.44,out,transfer,US,USD
TXN-00007592,SIG-00847,2024-04-10 09:58:14.567731,954.6,in,payment,US,USD
TXN-00006637,SIG-00742,2024-12-02 07:50:43.371444,2717.41,in,transfer,IN,GBP
TXN-00008882,SIG-00981,2024-04-09 18:33:10.373853,2811.67,out,deposit,US,USD
TXN-00002551,SIG-00280,2024-08-03 02:39:10.322494,399.37,in,refund,US,USD
TXN-00008584,SIG-00949,2024-07-24 20:46:16.348188,1524.95,out,withdrawal,US,USD
TXN-00000939,SIG-00099,2024-08-09 05:09:18.144369,9414.6,in,refund,US,USD
TXN-00006106,SIG-00685,2024-07-15 00:04:48.015470,719.21,out,card_purchase,US,USD
TXN-00009673,SIG-01069,2024-10-07 16:22:00.588379,682.67,in,wire,US,USD
TXN-00008847,SIG-00979,2024-04-02 17:15:03.724471,2476.38,in,transfer,US,USD
TXN-00010596,SIG-01169,2024-07-11 00:04:15.786219,492.62,out,transfer,US,USD
TXN-00002645,SIG-00291,2024-04-30 17:21:08.053277,913.67,in,deposit,KY,CHF
TXN-00009531,SIG-01052,2024-02-14 10:28:38.458808,13657.36,out,bill_pay,US,USD
TXN-00003166,SIG-00353,2024-06-11 17:56:02.198094,690.03,in,payment,US,USD
TXN-00003640,SIG-00406,2024-07-30 04:37:57.059150,2122.79,out,payment,CN,CHF
TXN-00006368,SIG-00714,2024-02-01 09:03:19.709375,2188.24,in,withdrawal,US,USD
TXN-00002062,SIG-00224,2024-08-05 11:20:56.836399,4310.63,in,transfer,US,USD
TXN-00009923,SIG-01097,2024-12-05 01:25:39.777857,885.18,out,bill_pay,US,USD
TXN-00002813,SIG-00311,2024-11-04 06:36:58.784756,1283.0,out,fx_exchange,US,USD
TXN-00010229,SIG-01127,2024-03-30 06:16:01.923727,258.34,in,withdrawal,US,USD
TXN-00009423,SIG-01039,2024-06-28 02:09:05.599233,2116.39,out,card_purchase,US,USD
TXN-00009812,SIG-01084,2024-03-27 03:25:58.643965,727.62,in,bill_pay,PA,GBP
TXN-00002550,SIG-00280,2024-08-03 19:21:18.717632,465.73,out,card_purchase,PA,USD
TXN-00007263,SIG-00814,2024-06-16 22:11:10.829006,2071.79,in,payment,US,USD
TXN-00005787,SIG-00649,2024-06-20 23:56:42.683217,911.2,out,atm_withdrawal,US,USD
TXN-00005322,SIG-00594,2024-09-07 09:16:33.325317,868.16,out,deposit,US,USD
TXN-00004175,SIG-00463,2024-04-19 19:14:04.982739,1425.05,in,refund,US,USD
TXN-00009547,SIG-01054,2024-08-31 22:10:56.084032,1672.66,in,transfer,US,USD
TXN-00001025,SIG-00106,2023-12-30 00:44:23.639972,207.06,out,bill_pay,UA,EUR
TXN-00006682,SIG-00746,2024-09-25 04:24:32.417005,2926.85,out,payment,US,USD
TXN-00010766,SIG-01189,2024-11-18 23:03:16.748126,70.9,in,card_purchase,US,USD
TXN-00001952,SIG-00208,2024-12-01 08:38:58.594723,132.32,out,withdrawal,US,USD
TXN-00005969,SIG-00667,2024-10-18 17:24:28.739557,347.09,in,deposit,US,USD
TXN-00000352,SIG-00036,2024-06-28 23:55:32.471249,983.98,in,wire,US,USD
TXN-00008832,SIG-00977,2024-07-03 19:11:41.673024,9924.82,in,wire,US,USD
TXN-00008366,SIG-00923,2024-02-02 17:06:07.157799,4945.69,out,payment,US,USD
TXN-00003663,SIG-00406,2024-06-28 18:26:11.020672,3455.48,out,payment,TR,JPY
TXN-00009854,SIG-01089,2024-06-01 01:13:42.860919,2401.86,out,deposit,US,USD
TXN-00007740,SIG-00861,2024-05-20 05:48:36.525902,1621.75,in,transfer,US,USD
TXN-00003151,SIG-00353,2024-06-22 09:05:42.471203,1270.79,out,atm_withdrawal,NG,CHF
TXN-00005147,SIG-00573,2024-03-18 10:15:16.373119,161.19,in,deposit,US,USD
TXN-00004839,SIG-00541,2024-07-14 10:36:31.449993,1557.82,in,withdrawal,RU,JPY
TXN-00010450,SIG-01155,2024-08-28 08:25:31.839438,780.44,out,withdrawal,US,USD
TXN-00002940,SIG-00326,2024-09-18 12:40:49.035700,2239.5,out,fx_exchange,US,USD
TXN-00004511,SIG-00502,2024-03-23 05:50:07.227727,392.22,in,bill_pay,US,USD
TXN-00001341,SIG-00141,2024-08-14 05:01:06.269114,2402.85,out,withdrawal,NG,GBP
TXN-00010218,SIG-01126,2024-04-17 20:32:54.459556,4228.85,in,wire,US,USD
TXN-00007208,SIG-00807,2024-09-06 19:31:11.528057,4740.6,in,atm_withdrawal,US,USD
TXN-00007913,SIG-00877,2024-05-11 05:55:05.358252,152.36,out,deposit,US,USD
TXN-00007255,SIG-00812,2024-02-26 21:15:23.140971,10908.97,in,card_purchase,US,USD
TXN-00008490,SIG-00939,2024-08-31 09:29:47.490946,1238.65,in,wire,US,USD
TXN-00005272,SIG-00589,2024-07-23 02:53:52.180170,1420.04,in,transfer,US,USD
TXN-00001584,SIG-00171,2024-08-23 01:38:28.848461,6284.43,out,deposit,NG,USD
TXN-00001413,SIG-00152,2024-02-26 20:32:09.605450,3074.03,out,transfer,US,USD
TXN-00004922,SIG-00549,2024-06-20 05:07:15.501124,481.16,out,fx_exchange,US,USD
TXN-00009545,SIG-01054,2024-09-10 04:32:11.244289,719.01,out,atm_withdrawal,UA,JPY
TXN-00002257,SIG-00247,2024-05-23 03:17:47.927160,861.38,out,bill_pay,US,USD
TXN-00010202,SIG-01125,2024-02-25 04:36:02.673574,241.3,in,deposit,US,USD
TXN-00002213,SIG-00243,2024-11-19 06:21:46.858158,1168.13,in,deposit,BR,CHF
TXN-00002623,SIG-00288,2024-10-19 02:47:33.942599,368.88,out,bill_pay,US,USD
TXN-00006356,SIG-00713,2024-05-01 08:10:03.925907,1449.26,out,atm_withdrawal,AE,EUR
TXN-00003625,SIG-00405,2024-12-05 12:23:15.428422,667.27,out,withdrawal,US,USD
TXN-00005122,SIG-00571,2024-10-22 09:31:28.575962,631.04,in,wire,US,USD
TXN-00004268,SIG-00474,2024-12-14 06:23:25.339882,443.71,in,transfer,US,USD
TXN-00009803,SIG-01083,2024-05-18 17:02:57.314598,1362.44,out,deposit,US,USD
TXN-00000464,SIG-00047,2024-01-31 22:05:40.917680,1959.1,in,bill_pay,US,USD
TXN-00001755,SIG-00190,2024-01-17 11:57:31.480175,4223.05,out,deposit,US,USD
TXN-00005495,SIG-00614,2024-11-04 16:37:53.883063,61.26,in,transfer,IN,GBP
TXN-00005271,SIG-00588,2024-10-22 03:55:17.478226,466.54,in,atm_withdrawal,US,USD
TXN-00004826,SIG-00539,2024-03-02 15:47:26.200147,3590.53,out,payment,US,USD
TXN-00009390,SIG-01036,2024-03-17 12:44:07.337960,1949.58,in,wire,US,USD
TXN-00000379,SIG-00038,2024-08-25 04:27:41.385369,243.39,in,withdrawal,US,USD
TXN-00003107,SIG-00346,2024-01-26 03:10:40.355170,1733.25,out,deposit,US,USD
TXN-00001336,SIG-00141,2024-08-14 13:21:30.212949,231.2,in,atm_withdrawal,US,USD
TXN-00010564,SIG-01166,2024-10-02 14:27:19.891685,6232.16,in,bill_pay,TR,USD
TXN-00002717,SIG-00298,2024-03-17 10:45:28.445062,2800.91,out,card_purchase,US,USD
TXN-00009716,SIG-01075,2024-02-11 21:23:25.181705,194.22,out,payment,PA,USD
TXN-00007936,SIG-00880,2024-05-18 17:24:27.159416,1417.14,in,card_purchase,US,USD
TXN-00005800,SIG-00650,2024-05-17 12:11:57.547246,147.7,in,card_purchase,US,USD
TXN-00007361,SIG-00821,2024-09-18 05:43:21.868327,2862.74,in,payment,US,USD
TXN-00001812,SIG-00197,2024-03-05 07:17:35.676881,444.47,out,refund,AE,EUR
TXN-00001895,SIG-00203,2024-11-16 07:15:34.542229,2986.8,out,deposit,US,USD
TXN-00007947,SIG-00881,2024-06-26 05:29:04.884884,2680.06,out,wire,US,USD
TXN-00007803,SIG-00866,2024-08-08 13:34:38.274760,15.41,out,card_purchase,US,USD
TXN-00006087,SIG-00683,2024-10-14 07:13:25.211007,170.07,in,transfer,US,USD
TXN-00001190,SIG-00126,2024-06-24 02:28:11.811317,1545.4,out,payment,US,USD
TXN-00005633,SIG-00629,2024-04-01 02:16:23.352970,206.31,in,transfer,AE,USD
TXN-00004795,SIG-00536,2024-12-04 03:16:22.272441,714.73,in,card_purchase,RU,USD
TXN-00003455,SIG-00385,2024-01-11 21:13:40.947900,119.46,out,card_purchase,US,USD
TXN-00007370,SIG-00822,2024-08-05 21:00:20.481314,1292.73,in,atm_withdrawal,US,USD
TXN-00004784,SIG-00534,2024-09-23 06:23:12.554121,2242.55,in,payment,US,USD
TXN-00007024,SIG-00786,2024-05-11 10:41:38.879480,372.64,out,withdrawal,US,USD
TXN-00005029,SIG-00561,2024-10-27 07:56:01.150169,1003.54,out,refund,US,USD
TXN-00008105,SIG-00897,2024-07-28 21:46:22.717301,6544.52,in,payment,US,USD
TXN-00004614,SIG-00512,2024-06-20 22:39:09.853076,1342.0,in,wire,US,USD
TXN-00003993,SIG-00445,2024-09-26 06:24:33.216756,9594.01,out,deposit,US,USD
TXN-00010085,SIG-01112,2024-06-02 09:13:12.286287,275.27,out,wire,CN,CHF
TXN-00001031,SIG-00107,2024-09-23 20:30:10.630470,654.93,out,refund,US,USD
TXN-00005738,SIG-00642,2024-09-24 01:55:47.772693,1372.98,in,fx_exchange,US,USD
TXN-00002221,SIG-00244,2024-09-29 19:08:39.503568,928.62,out,transfer,US,USD
TXN-00003775,SIG-00418,2024-02-17 13:55:46.679112,1281.59,out,payment,PA,JPY
TXN-00007347,SIG-00819,2024-02-24 10:25:02.658336,225.09,in,atm_withdrawal,KY,JPY
TXN-00008471,SIG-00938,2024-10-27 04:57:26.514997,5094.37,out,wire,US,USD
TXN-00001756,SIG-00190,2024-01-26 03:32:22.984555,2246.05,out,card_purchase,US,USD
TXN-00005119,SIG-00571,2024-10-15 09:40:09.596599,661.34,in,atm_withdrawal,US,USD
TXN-00007813,SIG-00867,2024-06-10 13:18:24.683619,5567.61,in,payment,TR,JPY
TXN-00004328,SIG-00479,2024-02-15 20:43:53.357886,1014.3,in,deposit,IN,USD
TXN-00000111,SIG-00010,2024-08-31 10:30:01.061805,2702.64,in,refund,UA,GBP
TXN-00009306,SIG-01029,2024-07-05 04:22:27.712723,1202.15,out,atm_withdrawal,US,USD
TXN-00008023,SIG-00888,2024-04-30 12:27:08.332181,6764.16,out,payment,US,USD
TXN-00002918,SIG-00324,2024-08-24 21:54:41.114338,820.16,in,atm_withdrawal,US,USD
TXN-00001516,SIG-00163,2024-03-05 18:39:47.328571,2108.48,in,deposit,US,USD
TXN-00010300,SIG-01137,2024-08-26 12:06:19.839967,190.86,in,card_purchase,US,USD
TXN-00010306,SIG-01138,2024-09-07 21:35:55.039611,837.32,out,withdrawal,US,USD
TXN-00009882,SIG-01092,2024-05-08 09:46:54.974113,660.21,in,payment,US,USD
TXN-00009175,SIG-01017,2024-10-25 09:44:01.543112,1584.24,out,refund,UA,CHF
TXN-00002264,SIG-00248,2024-07-14 23:28:58.623579,223.61,in,fx_exchange,US,USD
TXN-00009648,SIG-01066,2024-09-29 21:08:06.900061,315.31,in,deposit,KY,GBP
TXN-00008979,SIG-00995,2024-02-03 15:33:47.160847,2401.93,in,payment,US,USD
TXN-00009263,SIG-01026,2024-12-14 22:18:58.496857,17867.12,out,fx_exchange,US,USD
TXN-00007192,SIG-00805,2024-11-15 16:14:43.980064,230.95,in,deposit,RU,EUR
TXN-00000894,SIG-00093,2024-02-11 03:12:30.163949,767.0,in,withdrawal,TR,GBP
TXN-00001491,SIG-00160,2024-04-01 22:25:23.874566,4680.12,in,deposit,US,USD
TXN-00001851,SIG-00199,2024-08-08 22:54:10.728135,2268.72,in,refund,US,USD
TXN-00000325,SIG-00035,2024-10-15 01:41:22.504027,755.04,in,transfer,US,USD
TXN-00001216,SIG-00129,2024-08-27 12:18:27.069732,995.33,in,card_purchase,US,USD
TXN-00002934,SIG-00326,2024-09-03 03:45:08.763332,2966.3,out,wire,US,USD
TXN-00004690,SIG-00521,2024-10-20 21:10:14.539891,501.92,in,card_purchase,US,USD
TXN-00009613,SIG-01063,2024-08-19 08:16:01.448926,512.73,in,payment,AE,JPY
TXN-00007534,SIG-00841,2024-01-13 18:06:14.475356,1083.85,out,bill_pay,US,USD
TXN-00009366,SIG-01034,2023-12-23 12:51:51.706807,651.61,in,transfer,US,USD
TXN-00008639,SIG-00956,2024-03-04 11:41:03.330463,1756.43,out,withdrawal,US,USD
TXN-00010597,SIG-01169,2024-06-25 08:27:47.523271,194.88,out,card_purchase,US,USD
TXN-00001130,SIG-00119,2024-02-06 05:27:19.963857,1521.42,out,atm_withdrawal,US,USD
TXN-00005737,SIG-00642,2024-09-17 16:17:32.227867,831.1,in,refund,US,USD
TXN-00002919,SIG-00324,2024-09-06 10:39:06.679932,6573.02,out,wire,US,USD
TXN-00003085,SIG-00344,2024-05-15 02:14:43.592700,516.88,out,deposit,US,USD
TXN-00004589,SIG-00510,2024-09-02 03:47:45.092623,7002.88,in,deposit,US,USD
TXN-00004305,SIG-00477,2024-10-14 20:14:11.049108,1542.59,out,deposit,US,USD
TXN-00002796,SIG-00308,2024-10-13 10:21:33.474904,618.01,in,transfer,NG,CHF
TXN-00007519,SIG-00839,2024-11-30 12:01:59.229052,1527.24,out,transfer,US,USD
TXN-00000799,SIG-00083,2024-11-06 14:03:38.183742,3281.51,out,atm_withdrawal,US,USD
TXN-00000735,SIG-00078,2024-08-10 21:11:04.357576,8379.79,out,transfer,US,USD
TXN-00004865,SIG-00543,2024-09-17 20:03:51.621576,58.02,in,transfer,US,USD
TXN-00002245,SIG-00247,2024-05-23 18:04:44.746298,4079.88,out,wire,US,USD
TXN-00000179,SIG-00018,2024-05-01 21:09:43.843426,1348.81,out,transfer,US,USD
TXN-00006988,SIG-00783,2024-06-24 10:49:56.762680,4265.22,out,card_purchase,US,USD
TXN-00008875,SIG-00981,2024-04-06 03:41:13.368323,3772.58,in,deposit,US,USD
TXN-00001175,SIG-00124,2024-05-14 00:59:49.714160,946.28,out,transfer,US,USD
TXN-00009226,SIG-01022,2024-05-29 10:18:34.313797,1386.54,out,payment,US,USD
TXN-00001832,SIG-00198,2024-10-31 20:44:07.398830,1331.97,in,payment,US,USD
TXN-00008831,SIG-00977,2024-07-03 07:05:33.260341,18472.73,out,card_purchase,US,USD
TXN-00007593,SIG-00848,2024-10-20 03:53:08.877807,22977.88,in,withdrawal,US,USD
TXN-00008773,SIG-00972,2024-12-02 14:27:33.688023,6737.22,in,refund,IN,CHF
TXN-00001782,SIG-00194,2024-10-18 15:05:05.370591,39466.17,out,transfer,US,USD
TXN-00003202,SIG-00355,2024-02-27 23:04:17.139463,1490.93,out,transfer,RU,CHF
TXN-00000199,SIG-00019,2024-08-03 10:41:43.285037,21609.67,out,atm_withdrawal,TR,GBP
TXN-00008480,SIG-00939,2024-08-18 21:01:09.702947,6773.26,in,payment,US,USD
TXN-00004088,SIG-00455,2024-11-02 09:44:29.725695,3219.58,out,card_purchase,US,USD
TXN-00000549,SIG-00055,2024-09-04 12:31:42.932549,3806.2,out,payment,US,USD
TXN-00003340,SIG-00371,2024-10-09 01:13:54.341404,2796.63,in,transfer,US,USD
TXN-00005481,SIG-00611,2024-10-20 22:13:17.452723,356.12,out,withdrawal,US,USD
TXN-00008091,SIG-00896,2024-05-28 08:27:09.046462,709.27,out,transfer,IN,EUR
TXN-00006170,SIG-00693,2024-05-07 00:15:31.726445,360.27,out,payment,US,USD
TXN-00002533,SIG-00279,2024-10-09 06:32:26.557596,1024.47,in,payment,UA,GBP
TXN-00002315,SIG-00253,2024-02-23 00:44:07.572786,3088.05,out,payment,US,USD
TXN-00008789,SIG-00973,2024-08-18 22:55:59.495303,1798.51,in,deposit,AE,GBP
TXN-00009011,SIG-00999,2024-04-09 00:47:29.225851,2067.97,in,payment,US,USD
TXN-00004769,SIG-00532,2024-08-01 14:28:39.875928,677.56,out,wire,US,USD
TXN-00000067,SIG-00007,2024-05-09 18:44:05.930791,957.01,in,wire,UA,USD
TXN-00004713,SIG-00524,2024-11-11 11:49:24.245977,744.55,out,atm_withdrawal,BR,JPY
TXN-00003261,SIG-00362,2024-06-28 20:54:26.824888,3274.55,out,card_purchase,US,USD
TXN-00002573,SIG-00282,2024-03-20 23:19:28.742155,1762.87,in,card_purchase,US,USD
TXN-00006826,SIG-00763,2024-10-17 08:00:26.661936,722.21,out,card_purchase,US,USD
TXN-00007564,SIG-00844,2024-02-05 12:22:05.840909,373.77,in,wire,US,USD
TXN-00000623,SIG-00063,2024-03-03 02:15:34.518665,1064.29,in,withdrawal,US,USD
TXN-00001682,SIG-00183,2024-09-28 17:34:44.854705,8952.32,out,card_purchase,IN,USD
TXN-00000788,SIG-00083,2024-11-25 04:19:05.042414,1040.24,in,card_purchase,US,USD
TXN-00003333,SIG-00370,2024-12-01 23:28:23.036781,2064.13,in,withdrawal,RU,CHF
TXN-00005949,SIG-00664,2024-01-20 04:09:20.718230,360.94,out,payment,US,USD
TXN-00007114,SIG-00795,2023-12-20 21:17:43.406852,2630.74,out,transfer,US,USD
TXN-00003281,SIG-00364,2023-12-30 06:20:58.485386,334.34,out,payment,US,USD
TXN-00008830,SIG-00977,2024-07-13 15:55:44.462830,2196.55,out,fx_exchange,NG,EUR
TXN-00006703,SIG-00749,2024-07-20 02:34:07.103410,24223.19,in,bill_pay,UA,USD
TXN-00004878,SIG-00544,2024-02-22 05:20:32.562274,2256.07,in,deposit,US,USD
TXN-00010283,SIG-01134,2024-03-09 22:20:41.517629,305.2,in,payment,US,USD
TXN-00009137,SIG-01014,2024-08-29 00:03:19.720131,1663.24,in,deposit,RU,USD
TXN-00000479,SIG-00049,2024-06-12 09:31:58.457079,171.33,in,card_purchase,US,USD
TXN-00008676,SIG-00961,2024-01-14 08:08:51.531131,6494.06,out,withdrawal,AE,GBP
TXN-00006832,SIG-00763,2024-10-05 15:34:58.606368,134.13,out,atm_withdrawal,US,USD
TXN-00002648,SIG-00291,2024-05-05 01:09:47.783452,1497.49,in,deposit,US,USD
TXN-00009997,SIG-01105,2024-05-03 00:03:53.414909,4494.92,in,withdrawal,US,USD
TXN-00006148,SIG-00690,2024-05-16 00:02:28.986387,166.44,out,withdrawal,US,USD
TXN-00001034,SIG-00108,2024-03-04 01:46:37.826028,1130.8,out,refund,US,USD
TXN-00005614,SIG-00626,2024-02-02 02:12:43.362237,449.26,in,card_purchase,US,USD
TXN-00002599,SIG-00285,2024-03-27 15:42:39.393704,1397.94,in,refund,US,USD
TXN-00007172,SIG-00803,2024-12-13 09:17:16.428847,755.89,out,atm_withdrawal,NG,CHF
TXN-00006706,SIG-00749,2024-07-14 23:27:54.849382,1163.04,in,payment,IN,JPY
TXN-00009397,SIG-01037,2024-04-11 05:07:52.789307,1444.51,in,payment,US,USD
TXN-00000345,SIG-00036,2024-08-01 01:30:38.602901,227.99,out,transfer,BR,EUR
TXN-00008812,SIG-00975,2024-11-26 04:57:22.210527,1735.14,in,deposit,US,USD
TXN-00001872,SIG-00201,2024-12-09 05:35:16.886074,1242.45,out,transfer,US,USD
TXN-00006585,SIG-00737,2024-05-12 09:19:07.065721,858.85,in,transfer,US,USD
TXN-00005988,SIG-00670,2024-03-22 12:03:18.825862,527.3,in,bill_pay,CN,EUR
TXN-00003987,SIG-00444,2024-06-06 04:46:27.461970,880.01,in,transfer,US,USD
TXN-00010468,SIG-01157,2024-01-25 03:47:10.009980,1342.99,out,bill_pay,US,USD
TXN-00002889,SIG-00320,2024-08-10 01:31:38.893978,476.65,out,payment,US,USD
TXN-00004624,SIG-00514,2024-04-03 20:10:06.827453,491.45,in,transfer,US,USD
TXN-00000221,SIG-00020,2024-12-04 08:46:57.725196,210.58,out,transfer,US,USD
TXN-00010021,SIG-01106,2024-01-03 15:10:46.832449,5811.66,out,bill_pay,PA,CHF
TXN-00005767,SIG-00646,2024-05-03 09:21:40.634196,481.72,out,deposit,US,USD
TXN-00010424,SIG-01151,2024-06-23 02:15:34.157557,973.64,in,wire,AE,CHF
TXN-00005502,SIG-00614,2024-11-04 12:34:27.206029,11246.29,in,deposit,US,USD
TXN-00004880,SIG-00544,2024-02-24 23:45:55.032865,3116.6,out,atm_withdrawal,US,USD
TXN-00006388,SIG-00716,2024-10-24 07:34:25.519322,724.2,in,fx_exchange,US,USD
TXN-00004017,SIG-00448,2024-06-19 17:20:18.291880,1008.36,out,withdrawal,RU,EUR
TXN-00004920,SIG-00549,2024-07-02 12:48:19.049038,1667.02,in,payment,US,USD
TXN-00004249,SIG-00471,2024-02-12 17:35:00.517569,1606.01,out,card_purchase,US,USD
TXN-00009984,SIG-01103,2024-03-28 13:02:02.397733,4936.62,out,card_purchase,US,USD
TXN-00007133,SIG-00797,2024-10-05 14:50:25.971088,683.5,in,withdrawal,US,USD
TXN-00009149,SIG-01014,2024-08-09 10:28:08.559205,1612.62,out,card_purchase,PA,USD
TXN-00005181,SIG-00575,2024-05-08 22:35:48.909540,3317.38,in,wire,US,USD
TXN-00007713,SIG-00859,2024-06-03 18:29:15.912230,541.79,in,payment,UA,JPY
TXN-00004242,SIG-00471,2024-02-11 17:08:17.787304,1923.92,in,deposit,US,USD
TXN-00005063,SIG-00565,2024-02-22 18:30:51.097975,1373.57,out,withdrawal,US,USD
TXN-00009917,SIG-01096,2024-04-11 02:21:43.053938,12488.62,out,fx_exchange,NG,CHF
TXN-00005860,SIG-00656,2024-03-23 16:46:47.614792,262.91,out,transfer,RU,GBP
TXN-00002882,SIG-00319,2024-11-26 13:08:32.728942,5447.01,out,payment,US,USD
TXN-00001678,SIG-00183,2024-09-28 05:31:04.351673,2138.66,in,transfer,US,USD
TXN-00005153,SIG-00574,2024-05-12 13:26:35.055228,569.37,in,payment,US,USD
TXN-00000902,SIG-00094,2024-06-09 19:30:02.347828,863.3,in,deposit,US,USD
TXN-00010612,SIG-01171,2024-08-09 12:15:39.731941,888.14,in,refund,US,USD
TXN-00002297,SIG-00251,2024-03-15 08:40:03.860079,499.61,in,deposit,US,USD
TXN-00007464,SIG-00832,2024-03-29 14:03:13.562964,948.9,out,card_purchase,US,USD
TXN-00005023,SIG-00560,2024-07-21 08:27:21.126414,159.74,out,payment,US,USD
TXN-00000297,SIG-00032,2024-10-18 08:59:11.006314,4736.64,out,deposit,US,USD
TXN-00009582,SIG-01060,2024-08-31 07:52:42.830163,371.17,out,fx_exchange,RU,JPY
TXN-00004154,SIG-00461,2024-09-24 06:07:49.440077,635.09,out,card_purchase,UA,CHF
TXN-00005251,SIG-00586,2024-01-11 17:03:15.051314,945.05,out,payment,US,USD
TXN-00000028,SIG-00003,2024-01-30 08:21:57.346589,398.49,out,card_purchase,NG,CHF
TXN-00005278,SIG-00589,2024-07-23 00:54:07.722867,2358.85,in,atm_withdrawal,US,USD
TXN-00007996,SIG-00885,2024-05-06 23:03:49.257923,331.27,out,transfer,NG,EUR
TXN-00007953,SIG-00882,2024-06-08 09:15:27.489112,1553.45,out,withdrawal,US,USD
TXN-00006999,SIG-00784,2024-02-27 19:10:15.788496,675.46,out,payment,US,USD
TXN-00003249,SIG-00361,2024-01-13 04:20:28.195702,5019.93,in,atm_withdrawal,BR,EUR
TXN-00008656,SIG-00959,2024-09-03 23:18:50.280442,3382.52,out,card_purchase,US,USD
TXN-00006202,SIG-00696,2024-05-16 02:06:04.508641,2530.85,in,transfer,IN,EUR
TXN-00002581,SIG-00283,2024-03-22 23:22:09.174386,146.64,in,transfer,UA,GBP
TXN-00005274,SIG-00589,2024-07-24 20:46:22.451732,1710.63,out,deposit,US,USD
TXN-00006578,SIG-00735,2024-03-23 09:17:36.017202,273.3,out,card_purchase,US,USD
TXN-00006750,SIG-00754,2024-04-07 10:24:59.135888,6410.33,in,payment,US,USD
TXN-00001371,SIG-00146,2024-08-29 10:00:43.175869,1265.78,out,wire,AE,JPY
TXN-00010737,SIG-01186,2024-01-20 08:20:16.305314,524.01,in,payment,US,USD
TXN-00008279,SIG-00914,2024-05-31 11:09:54.954037,218.8,in,transfer,US,USD
TXN-00007517,SIG-00839,2024-11-06 19:11:44.250997,324.56,in,atm_withdrawal,US,USD
TXN-00005650,SIG-00632,2024-04-23 18:46:15.753130,614.42,out,withdrawal,US,USD
TXN-00000682,SIG-00072,2024-03-21 01:38:44.839379,1106.25,in,card_purchase,CN,EUR
TXN-00010833,SIG-01195,2024-05-07 00:32:43.957281,2868.74,in,payment,US,USD
TXN-00004776,SIG-00533,2024-09-02 19:40:39.734365,53.97,out,withdrawal,US,USD
TXN-00003160,SIG-00353,2024-06-15 12:47:06.399579,5804.49,out,fx_exchange,AE,GBP
TXN-00002988,SIG-00333,2024-07-12 08:50:42.410503,6204.2,out,payment,US,USD
TXN-00001883,SIG-00202,2024-02-10 18:37:12.587446,4407.95,in,payment,US,USD
TXN-00006992,SIG-00783,2024-06-23 17:34:32.763406,529.74,in,transfer,US,USD
TXN-00001941,SIG-00207,2024-10-04 02:37:28.237017,729.97,out,wire,US,USD
TXN-00003297,SIG-00365,2024-08-10 00:26:08.149015,318.37,in,wire,US,USD
TXN-00003535,SIG-00394,2024-09-04 07:18:19.294257,199.95,in,card_purchase,US,USD
TXN-00003730,SIG-00414,2024-01-24 05:56:57.987078,291.23,out,transfer,US,USD
TXN-00009393,SIG-01037,2024-04-14 03:27:23.413820,631.17,out,card_purchase,US,USD
TXN-00001182,SIG-00125,2024-11-06 03:21:02.342722,7328.31,in,refund,US,USD
TXN-00001376,SIG-00146,2024-09-01 04:14:35.964883,2916.41,out,deposit,US,USD
TXN-00006250,SIG-00702,2024-09-27 23:19:55.813294,249.22,out,bill_pay,RU,EUR
TXN-00006408,SIG-00719,2024-04-13 11:38:36.201228,9191.13,in,payment,US,USD
TXN-00000627,SIG-00064,2024-09-16 22:09:29.803909,799.85,in,payment,RU,CHF
TXN-00004759,SIG-00532,2024-07-16 05:20:21.571690,1479.54,in,transfer,US,USD
TXN-00002113,SIG-00230,2024-02-22 00:53:17.871009,548.86,out,deposit,US,USD
TXN-00006960,SIG-00777,2024-07-04 15:32:11.910361,336.46,out,card_purchase,US,USD
TXN-00004863,SIG-00543,2024-09-13 17:42:46.109770,1693.65,in,atm_withdrawal,NG,JPY
TXN-00008119,SIG-00898,2024-02-14 06:56:32.967861,638.96,in,payment,US,USD
TXN-00007426,SIG-00829,2024-09-29 00:53:51.838870,1252.67,in,payment,US,USD
TXN-00004181,SIG-00464,2024-01-19 05:19:35.246899,255.35,in,atm_withdrawal,US,USD
TXN-00008276,SIG-00914,2024-06-03 08:40:43.839022,1198.78,out,card_purchase,US,USD
TXN-00004982,SIG-00556,2024-07-29 14:47:28.025975,1860.58,out,refund,US,USD
TXN-00001463,SIG-00158,2024-03-27 02:14:07.766168,1343.84,out,payment,US,USD
TXN-00002888,SIG-00320,2024-08-09 16:59:10.850805,2087.41,in,refund,US,USD
TXN-00005279,SIG-00589,2024-08-03 10:58:19.954784,439.83,out,refund,US,USD
TXN-00000685,SIG-00072,2024-03-22 10:49:03.640950,4838.43,out,wire,US,USD
TXN-00004540,SIG-00505,2024-08-18 06:33:32.721222,2215.99,out,fx_exchange,US,USD
TXN-00004515,SIG-00502,2024-03-21 17:49:48.475938,1536.82,in,payment,US,USD
TXN-00008403,SIG-00928,2024-04-06 17:37:49.276804,3061.93,in,withdrawal,NG,GBP
TXN-00008899,SIG-00984,2024-05-31 10:31:46.706725,18397.61,in,withdrawal,US,USD
TXN-00001367,SIG-00145,2024-05-26 20:46:59.351283,833.47,out,transfer,US,USD
TXN-00003917,SIG-00436,2024-03-12 04:45:39.223107,766.54,out,payment,AE,CHF
TXN-00010682,SIG-01179,2024-09-24 15:31:07.784902,967.04,out,wire,US,USD
TXN-00002640,SIG-00290,2024-01-02 01:54:54.386645,300.76,in,transfer,US,USD
TXN-00010315,SIG-01139,2023-12-22 21:54:58.833493,13348.7,out,refund,US,USD
TXN-00009857,SIG-01089,2024-05-29 19:29:06.039590,7119.71,in,atm_withdrawal,US,USD
TXN-00006976,SIG-00781,2024-04-07 14:14:21.081464,180.78,out,atm_withdrawal,US,USD
TXN-00002301,SIG-00251,2024-03-26 22:20:27.302189,2833.9,out,fx_exchange,US,USD
TXN-00004788,SIG-00535,2024-05-16 02:43:22.846630,968.8,out,card_purchase,US,USD
TXN-00002939,SIG-00326,2024-09-09 16:32:48.167938,1852.28,in,card_purchase,US,USD
TXN-00006823,SIG-00762,2024-04-18 03:00:40.855020,2616.85,in,bill_pay,US,USD
TXN-00009446,SIG-01042,2024-01-16 08:24:59.622160,139.45,in,withdrawal,US,USD
TXN-00006015,SIG-00673,2024-06-07 15:30:10.612298,614.28,out,bill_pay,US,USD
TXN-00001980,SIG-00212,2024-12-20 05:31:00.997009,183.29,in,payment,US,USD
TXN-00003804,SIG-00422,2024-07-11 17:55:57.048224,4048.6,in,payment,US,USD
TXN-00004535,SIG-00505,2024-08-10 12:28:25.443828,2318.83,out,wire,US,USD
TXN-00005426,SIG-00605,2024-06-26 17:19:02.055844,1117.59,in,atm_withdrawal,US,USD
TXN-00005649,SIG-00631,2024-09-20 00:25:27.825372,1798.8,in,payment,US,USD
TXN-00009555,SIG-01055,2024-07-14 04:37:24.796540,274.6,in,fx_exchange,US,USD
TXN-00005666,SIG-00635,2024-03-31 07:39:32.432876,15338.62,in,atm_withdrawal,US,USD
TXN-00008197,SIG-00906,2024-03-19 10:40:08.462353,520.46,in,payment,US,USD
TXN-00004801,SIG-00537,2023-12-29 22:41:28.610267,385.15,in,bill_pay,US,USD
TXN-00002281,SIG-00249,2024-11-14 03:10:54.893749,1544.33,in,transfer,NG,EUR
TXN-00010878,SIG-01199,2024-09-22 02:37:59.573986,5511.8,out,card_purchase,US,USD
TXN-00004961,SIG-00553,2024-09-06 05:36:22.660755,2772.78,in,deposit,US,USD
TXN-00004470,SIG-00495,2024-12-15 11:30:21.565366,2765.12,out,payment,US,USD
TXN-00009823,SIG-01085,2024-07-25 15:09:13.641961,263.78,in,transfer,UA,JPY
TXN-00004131,SIG-00459,2024-03-18 02:39:47.800606,387.8,in,deposit,US,USD
TXN-00007251,SIG-00812,2024-03-01 03:23:18.376350,1894.36,in,withdrawal,US,USD
TXN-00010686,SIG-01180,2024-07-31 05:50:53.353738,255.8,in,atm_withdrawal,US,USD
TXN-00001785,SIG-00194,2024-10-20 05:26:39.793451,560.14,out,payment,RU,CHF
TXN-00003183,SIG-00353,2024-06-24 21:28:46.088238,2779.03,in,deposit,US,USD
TXN-00000495,SIG-00051,2024-07-21 10:08:59.225205,861.76,in,payment,US,USD
TXN-00005338,SIG-00596,2024-07-25 23:37:01.973287,3009.36,in,transfer,US,USD
TXN-00008488,SIG-00939,2024-09-21 10:03:24.346703,85633.85,out,card_purchase,US,USD
TXN-00004979,SIG-00555,2024-02-25 10:56:37.682355,1249.38,out,card_purchase,US,USD
TXN-00002861,SIG-00316,2024-06-20 02:03:31.889079,1217.97,in,deposit,US,USD
TXN-00007225,SIG-00810,2024-09-28 11:04:02.808313,153.99,in,atm_withdrawal,US,USD
TXN-00004042,SIG-00450,2024-03-09 08:27:06.290391,84.96,in,atm_withdrawal,NG,GBP
TXN-00008386,SIG-00926,2024-06-20 21:56:35.951212,5486.84,out,atm_withdrawal,US,USD
TXN-00002898,SIG-00321,2024-09-08 21:04:51.506513,67.73,out,card_purchase,US,USD
TXN-00000367,SIG-00037,2024-03-11 18:27:50.508632,166.0,out,fx_exchange,US,USD
TXN-00000850,SIG-00088,2024-03-14 14:06:34.537569,629.22,in,payment,US,USD
TXN-00006222,SIG-00698,2024-01-26 20:10:39.284049,3636.37,out,bill_pay,US,USD
TXN-00009461,SIG-01044,2023-12-16 02:53:43.761594,6955.2,in,wire,US,USD
TXN-00006424,SIG-00720,2024-05-19 20:31:59.820771,636.1,in,refund,US,USD
TXN-00006484,SIG-00728,2024-11-09 23:16:57.702729,962.25,out,transfer,US,USD
TXN-00002654,SIG-00291,2024-05-07 07:04:06.114305,1393.02,in,transfer,US,USD
TXN-00003504,SIG-00390,2024-08-21 13:01:06.521852,1453.09,out,transfer,US,USD
TXN-00001542,SIG-00166,2024-02-04 15:11:46.681903,228.15,in,withdrawal,US,USD
TXN-00004983,SIG-00556,2024-08-04 20:08:49.250152,247.54,in,bill_pay,US,USD
TXN-00009676,SIG-01069,2024-10-11 19:00:13.568626,224.63,out,deposit,US,USD
TXN-00000323,SIG-00035,2024-10-19 23:53:46.907161,963.97,out,refund,US,USD
TXN-00002032,SIG-00220,2024-01-16 00:37:34.278236,2762.26,in,bill_pay,US,USD
TXN-00000814,SIG-00084,2024-10-29 23:00:15.704219,2673.49,out,transfer,US,USD
TXN-00002529,SIG-00278,2024-01-07 14:07:27.407388,3927.29,in,payment,US,USD
TXN-00010222,SIG-01126,2024-04-08 00:23:21.602981,2356.07,out,wire,US,USD
TXN-00009136,SIG-01013,2024-03-29 04:19:53.174010,1621.75,in,refund,US,USD
TXN-00010029,SIG-01106,2024-01-28 12:01:08.107716,14533.33,in,payment,IN,JPY
TXN-00001080,SIG-00113,2024-07-22 11:28:27.135104,1132.59,in,withdrawal,AE,JPY
TXN-00002227,SIG-00245,2024-05-20 11:46:11.382626,2704.57,out,card_purchase,US,USD
TXN-00009964,SIG-01102,2024-03-09 00:41:50.513191,309.57,in,atm_withdrawal,US,USD
TXN-00006694,SIG-00748,2023-12-27 15:59:50.774030,198.34,out,wire,US,USD
TXN-00002706,SIG-00297,2024-01-01 18:42:29.405425,2055.12,out,card_purchase,PA,CHF
TXN-00008159,SIG-00901,2024-09-08 01:48:24.502415,114.84,out,withdrawal,US,USD
TXN-00009174,SIG-01017,2024-11-06 04:10:43.454156,994.5,out,atm_withdrawal,BR,USD
TXN-00001165,SIG-00122,2024-10-23 04:17:01.636855,110.28,out,deposit,US,USD
TXN-00003262,SIG-00362,2024-07-03 11:36:06.113188,1897.09,out,wire,US,USD
TXN-00005021,SIG-00560,2024-08-07 23:00:25.795937,2932.61,in,card_purchase,US,USD
TXN-00001451,SIG-00157,2024-03-27 00:58:27.486267,23248.45,in,transfer,TR,USD
TXN-00004230,SIG-00469,2024-06-19 02:43:00.742492,3535.64,in,card_purchase,KY,EUR
TXN-00003863,SIG-00429,2024-09-19 20:59:16.701157,31485.79,in,card_purchase,TR,GBP
TXN-00007299,SIG-00815,2024-05-20 11:45:23.029976,22132.68,out,card_purchase,US,USD
TXN-00008825,SIG-00976,2024-11-12 22:45:08.020745,6142.07,out,transfer,US,USD
TXN-00003918,SIG-00436,2024-04-19 04:37:40.534752,1574.64,in,deposit,US,USD
TXN-00005862,SIG-00656,2024-03-20 11:28:19.693040,1551.92,in,payment,US,USD
TXN-00008904,SIG-00985,2024-09-11 12:18:11.825695,743.47,in,transfer,US,USD
TXN-00007433,SIG-00830,2024-04-02 07:03:44.610908,34.94,in,payment,US,USD
TXN-00007915,SIG-00877,2024-05-12 08:12:39.164426,363.24,in,deposit,US,USD
TXN-00005383,SIG-00601,2024-06-17 18:32:35.166937,819.31,out,withdrawal,US,USD
TXN-00004057,SIG-00452,2024-07-05 20:56:55.295138,295.0,in,card_purchase,US,USD
TXN-00010369,SIG-01146,2024-02-15 15:57:27.070407,57.91,in,atm_withdrawal,US,USD
TXN-00003000,SIG-00334,2024-02-21 20:36:37.862624,257.87,in,wire,US,USD
TXN-00009844,SIG-01087,2024-06-19 10:15:55.382906,240.06,out,wire,US,USD
TXN-00001232,SIG-00131,2024-06-14 14:32:45.351538,7538.65,in,withdrawal,US,USD
TXN-00001515,SIG-00163,2024-02-29 16:34:31.618894,1902.95,in,payment,US,USD
TXN-00002314,SIG-00253,2024-02-11 11:00:33.219717,1211.31,in,payment,US,USD
TXN-00001452,SIG-00157,2024-03-12 14:06:35.773264,3758.77,in,fx_exchange,US,USD
TXN-00005327,SIG-00595,2023-12-31 17:02:11.596860,187.07,in,bill_pay,IN,EUR
TXN-00006861,SIG-00768,2024-10-12 19:59:55.817820,6958.75,in,card_purchase,US,USD
TXN-00009303,SIG-01029,2024-07-03 02:33:09.528391,767.78,out,payment,US,USD
TXN-00004322,SIG-00478,2023-12-28 17:21:52.597289,6383.44,out,atm_withdrawal,US,USD
TXN-00006713,SIG-00751,2024-11-17 15:41:57.209490,1639.62,out,transfer,US,USD
TXN-00000839,SIG-00087,2024-03-10 12:38:45.544937,777.08,in,payment,US,USD
TXN-00010799,SIG-01192,2024-06-12 16:40:05.959979,628.42,in,card_purchase,US,USD
TXN-00005533,SIG-00617,2024-08-09 05:47:15.213616,1271.62,in,card_purchase,US,USD
TXN-00009906,SIG-01095,2024-06-19 07:38:57.836658,4074.55,out,deposit,US,USD
TXN-00009270,SIG-01026,2024-12-12 00:05:42.421898,6900.58,out,deposit,US,USD
TXN-00003568,SIG-00397,2024-07-27 09:19:16.057860,4185.38,in,withdrawal,US,USD
TXN-00010101,SIG-01113,2024-01-19 10:40:25.795855,1072.3,in,payment,US,USD
TXN-00003088,SIG-00344,2024-05-20 10:31:06.897243,660.05,out,payment,US,USD
TXN-00009431,SIG-01039,2024-06-05 17:35:06.231192,668.84,in,payment,US,USD
TXN-00008497,SIG-00941,2024-01-21 19:37:57.063501,467.18,out,payment,US,USD
TXN-00004693,SIG-00522,2024-12-17 13:10:54.014976,236.0,out,transfer,US,USD
TXN-00001715,SIG-00187,2024-10-12 08:09:18.536744,860.07,out,transfer,US,USD
TXN-00004271,SIG-00475,2024-09-03 10:52:33.923865,644.79,in,payment,US,USD
TXN-00000340,SIG-00036,2024-07-23 22:14:49.352790,1483.29,in,card_purchase,US,USD
TXN-00008052,SIG-00892,2024-11-17 06:39:41.360515,19494.24,in,wire,US,USD
TXN-00007112,SIG-00794,2024-07-16 16:30:37.538851,6115.13,in,wire,US,USD
TXN-00010486,SIG-01158,2024-02-07 10:33:28.245467,195.67,out,withdrawal,US,USD
TXN-00008888,SIG-00982,2024-06-21 14:01:24.686481,344.71,out,card_purchase,US,USD
TXN-00007979,SIG-00883,2024-01-04 22:28:30.515153,3697.25,in,withdrawal,CN,GBP
TXN-00000589,SIG-00059,2024-01-08 23:23:37.537292,4049.25,in,wire,US,USD
TXN-00003366,SIG-00374,2024-12-05 17:31:37.061873,353.86,in,payment,PA,JPY
TXN-00002671,SIG-00293,2024-09-15 12:11:55.146919,769.5,out,card_purchase,US,USD
TXN-00003590,SIG-00400,2024-01-26 02:21:24.260676,2086.37,in,card_purchase,NG,EUR
TXN-00000035,SIG-00004,2024-02-09 05:42:07.165434,2444.89,in,card_purchase,US,USD
TXN-00000029,SIG-00003,2024-02-06 08:21:26.975298,1870.59,out,card_purchase,US,USD
TXN-00002396,SIG-00261,2024-04-23 16:47:57.409001,1658.66,out,payment,US,USD
TXN-00008864,SIG-00980,2024-04-10 12:37:43.376669,371.68,in,deposit,US,USD
TXN-00005493,SIG-00613,2024-11-04 09:13:28.410025,119.65,in,refund,US,USD
TXN-00002171,SIG-00239,2024-04-23 19:37:13.141827,1265.17,in,payment,US,USD
TXN-00006166,SIG-00693,2024-05-21 06:08:34.763713,2443.15,in,payment,TR,GBP
TXN-00005799,SIG-00650,2024-06-21 23:26:16.450968,112.63,out,atm_withdrawal,US,USD
TXN-00000890,SIG-00092,2024-08-30 18:19:53.969340,987.24,in,withdrawal,US,USD
TXN-00007770,SIG-00864,2024-06-19 08:29:28.373919,10833.54,in,withdrawal,TR,CHF
TXN-00003323,SIG-00369,2024-06-07 01:57:11.261555,2789.94,in,deposit,NG,JPY
TXN-00010243,SIG-01130,2024-02-14 04:29:48.743608,469.07,in,payment,NG,USD
TXN-00003515,SIG-00392,2024-01-13 06:51:30.385875,658.56,in,payment,US,USD
TXN-00005293,SIG-00591,2024-09-28 13:22:05.550390,2348.87,out,wire,US,USD
TXN-00009731,SIG-01077,2024-10-15 08:32:34.248275,1159.46,out,payment,US,USD
TXN-00006438,SIG-00722,2024-07-17 11:08:19.730748,1081.58,in,transfer,US,USD
TXN-00003734,SIG-00415,2024-05-08 17:00:25.613133,1843.35,in,payment,US,USD
TXN-00005749,SIG-00644,2024-09-12 13:01:26.530665,528.43,out,withdrawal,US,USD
TXN-00010320,SIG-01139,2024-01-06 20:07:12.292915,1220.51,in,fx_exchange,US,USD
TXN-00008324,SIG-00918,2024-10-12 06:55:09.512749,186.86,out,atm_withdrawal,US,USD
TXN-00004529,SIG-00504,2024-07-27 14:53:15.902135,4474.32,in,fx_exchange,US,USD
TXN-00001655,SIG-00180,2024-08-09 08:21:13.908328,1327.44,in,transfer,US,USD
TXN-00006182,SIG-00694,2024-07-31 23:03:51.920285,491.47,out,withdrawal,US,USD
TXN-00006344,SIG-00712,2024-04-20 10:34:24.838066,2612.52,out,withdrawal,PA,JPY
TXN-00000224,SIG-00021,2024-09-24 02:50:24.984192,218.24,out,transfer,UA,CHF
TXN-00009411,SIG-01038,2024-10-14 09:58:55.201952,2184.36,out,bill_pay,US,USD
TXN-00007895,SIG-00876,2024-01-11 18:46:30.539974,2093.32,in,transfer,KY,CHF
TXN-00004240,SIG-00470,2024-02-08 21:06:35.610643,221.18,out,card_purchase,US,USD
TXN-00001591,SIG-00172,2024-06-23 11:33:24.886933,1383.33,out,deposit,US,USD
TXN-00008586,SIG-00950,2023-11-16 16:42:41.998485,2033.49,out,withdrawal,US,USD
TXN-00003257,SIG-00362,2024-07-08 03:03:57.957326,802.49,in,payment,US,USD
TXN-00010410,SIG-01150,2024-11-15 05:24:34.101079,247.79,in,deposit,AE,JPY
TXN-00006323,SIG-00709,2024-06-18 01:50:11.272361,776.97,out,bill_pay,IN,JPY
TXN-00002182,SIG-00240,2024-10-08 14:21:36.133491,157.21,in,transfer,US,USD
TXN-00005999,SIG-00671,2024-07-08 14:28:02.141772,1260.82,in,bill_pay,US,USD
TXN-00008138,SIG-00899,2024-07-29 17:50:24.199938,4818.12,in,withdrawal,IN,EUR
TXN-00008204,SIG-00907,2024-12-04 06:50:25.208181,257.08,in,wire,US,USD
TXN-00010812,SIG-01193,2024-06-11 14:58:25.172625,500.86,out,payment,US,USD
TXN-00008116,SIG-00898,2024-02-06 13:55:22.814935,1126.55,out,atm_withdrawal,US,USD
TXN-00004818,SIG-00538,2024-10-22 08:50:13.839305,1508.84,out,transfer,US,USD
TXN-00005741,SIG-00643,2023-12-24 12:28:30.811074,212.04,out,card_purchase,US,USD
TXN-00008492,SIG-00940,2024-02-06 19:17:57.737502,326.99,in,deposit,US,USD
TXN-00001210,SIG-00128,2024-08-20 21:54:57.595256,1094.32,out,transfer,US,USD
TXN-00000422,SIG-00042,2024-05-05 15:36:54.581432,1224.74,in,card_purchase,US,USD
TXN-00009538,SIG-01053,2024-05-24 10:07:43.141014,1741.34,out,wire,US,USD
TXN-00001707,SIG-00186,2024-11-09 22:44:52.020469,8826.47,out,wire,US,USD
TXN-00001159,SIG-00122,2024-10-20 02:36:41.431197,182.37,in,deposit,KY,GBP
TXN-00002307,SIG-00252,2024-09-16 19:59:56.160133,333.01,out,card_purchase,US,USD
TXN-00000274,SIG-00028,2024-04-21 15:31:09.536623,16657.53,out,wire,PA,USD
TXN-00000172,SIG-00018,2024-04-26 22:29:37.664364,6212.41,out,deposit,US,USD
TXN-00003957,SIG-00441,2024-07-28 13:05:08.874963,688.92,in,atm_withdrawal,AE,CHF
TXN-00004866,SIG-00543,2024-09-15 06:28:18.177914,3046.2,out,deposit,US,USD
TXN-00008238,SIG-00910,2024-03-08 16:52:29.483583,1398.01,in,wire,US,USD
TXN-00003189,SIG-00355,2024-02-06 19:27:11.021794,182.66,out,transfer,US,USD
TXN-00001726,SIG-00187,2024-10-22 23:54:47.672864,1181.91,out,withdrawal,US,USD
TXN-00005146,SIG-00573,2024-03-16 05:50:39.062744,461.5,out,transfer,US,USD
TXN-00006787,SIG-00759,2024-05-17 21:25:58.631990,725.18,out,atm_withdrawal,IN,USD
TXN-00001565,SIG-00169,2023-12-30 03:26:53.498739,8899.08,in,card_purchase,US,USD
TXN-00001783,SIG-00194,2024-10-18 14:52:37.757420,924.27,in,payment,US,USD
TXN-00000844,SIG-00087,2024-02-26 23:06:16.050553,2178.89,in,bill_pay,US,USD
TXN-00010190,SIG-01123,2024-02-18 01:21:04.528839,1150.36,out,transfer,TR,JPY
TXN-00009933,SIG-01098,2024-10-09 16:01:16.543450,491.93,in,card_purchase,US,USD
TXN-00000905,SIG-00094,2024-06-06 21:24:31.293150,3685.91,in,payment,US,USD
TXN-00007075,SIG-00791,2024-01-09 01:00:05.839893,145.37,in,wire,US,USD
TXN-00010541,SIG-01163,2024-11-19 07:25:20.282544,2924.01,out,transfer,US,USD
TXN-00006135,SIG-00688,2024-01-09 11:51:21.446874,166.73,in,card_purchase,US,USD
TXN-00001548,SIG-00167,2024-06-12 10:02:14.580736,1121.26,out,bill_pay,US,USD
TXN-00002081,SIG-00225,2024-11-08 05:26:42.051190,2543.75,in,transfer,US,USD
TXN-00005381,SIG-00600,2024-10-24 21:33:33.846905,11327.89,in,deposit,US,USD
TXN-00003986,SIG-00444,2024-06-11 04:03:03.602214,7594.35,out,withdrawal,US,USD
TXN-00008807,SIG-00975,2024-11-11 10:23:40.512291,751.52,out,refund,US,USD
TXN-00010644,SIG-01174,2024-03-31 22:07:37.480435,3785.38,in,refund,US,USD
TXN-00010461,SIG-01156,2024-05-07 12:54:17.567228,231.88,out,transfer,US,USD
TXN-00010335,SIG-01141,2024-08-04 07:17:13.755944,858.3,in,payment,US,USD
TXN-00008953,SIG-00991,2024-08-01 16:56:27.493501,33.46,in,payment,US,USD
TXN-00009236,SIG-01023,2024-12-12 21:25:43.123512,482.08,in,transfer,US,USD
TXN-00003821,SIG-00424,2024-01-06 11:09:04.819656,1778.34,out,payment,PA,JPY
TXN-00002647,SIG-00291,2024-05-10 07:54:29.549052,5336.72,in,transfer,US,USD
TXN-00007705,SIG-00858,2024-10-16 11:02:39.334667,4618.0,in,atm_withdrawal,US,USD
TXN-00008376,SIG-00924,2024-04-23 10:37:31.987670,898.73,out,transfer,US,USD
TXN-00006119,SIG-00686,2024-10-27 16:03:03.289627,4575.1,out,transfer,US,USD
TXN-00007830,SIG-00870,2024-05-18 06:28:43.613226,2599.91,out,bill_pay,US,USD
TXN-00008285,SIG-00915,2024-12-22 14:40:08.596550,155.13,in,refund,US,USD
TXN-00004351,SIG-00481,2024-04-03 18:03:57.502458,1490.39,out,wire,US,USD
TXN-00008472,SIG-00938,2024-10-24 17:39:19.254040,2709.46,out,wire,US,USD
TXN-00002156,SIG-00236,2024-08-29 02:30:36.372167,423.66,out,atm_withdrawal,US,USD
TXN-00008028,SIG-00888,2024-04-29 00:26:50.740902,1810.6,out,transfer,US,USD
TXN-00003716,SIG-00412,2024-08-30 13:51:18.986568,1729.52,in,deposit,US,USD
TXN-00004058,SIG-00452,2024-05-27 11:16:22.745002,1161.32,out,payment,US,USD
TXN-00007821,SIG-00868,2024-04-10 06:09:18.681053,123.61,out,deposit,PA,CHF
TXN-00009057,SIG-01005,2024-07-31 18:09:54.600956,1240.55,in,withdrawal,US,USD
TXN-00007645,SIG-00853,2024-08-09 23:02:23.917351,1197.13,out,payment,US,USD
TXN-00009387,SIG-01036,2024-04-09 14:52:11.679000,3234.84,in,atm_withdrawal,US,USD
TXN-00003103,SIG-00346,2023-12-30 19:37:05.141636,580.03,out,payment,US,USD
TXN-00000559,SIG-00056,2024-03-01 14:20:03.330628,3153.61,in,refund,TR,USD
TXN-00005525,SIG-00616,2024-09-11 08:40:51.002255,5682.35,in,transfer,US,USD
TXN-00005240,SIG-00584,2024-09-14 18:08:16.605204,5787.15,out,atm_withdrawal,US,USD
TXN-00001437,SIG-00156,2024-10-28 12:17:41.782797,2496.42,out,bill_pay,US,USD
TXN-00000508,SIG-00051,2024-07-18 09:01:22.405262,2099.4,in,fx_exchange,US,USD
TXN-00004473,SIG-00496,2024-01-21 04:05:36.762840,351.28,out,transfer,US,USD
TXN-00001870,SIG-00201,2024-12-06 01:23:29.002366,10773.9,out,transfer,US,USD
TXN-00000756,SIG-00078,2024-08-09 08:57:47.241964,710.57,out,bill_pay,UA,CHF
TXN-00006508,SIG-00729,2024-03-01 22:31:12.292248,3002.16,out,wire,US,USD
TXN-00004051,SIG-00451,2024-04-09 06:57:38.989728,2902.87,out,transfer,US,USD
TXN-00006307,SIG-00708,2024-11-23 16:03:24.367647,136.26,out,transfer,RU,EUR
TXN-00003837,SIG-00426,2024-06-06 19:55:46.066081,388.99,out,card_purchase,US,USD
TXN-00004387,SIG-00485,2024-07-02 03:18:52.271521,1781.36,out,card_purchase,BR,EUR
TXN-00009658,SIG-01067,2024-06-25 22:39:41.085974,10168.53,in,transfer,US,USD
TXN-00002119,SIG-00231,2024-06-10 11:06:20.392183,2382.58,in,transfer,RU,EUR
TXN-00009902,SIG-01094,2024-03-06 22:19:37.880409,111.14,in,card_purchase,US,USD
TXN-00000730,SIG-00077,2024-02-12 01:57:24.240046,163.69,out,wire,US,USD
TXN-00000502,SIG-00051,2024-07-28 07:16:54.459624,856.76,out,payment,US,USD
TXN-00007800,SIG-00866,2024-08-28 17:56:31.331455,579.55,in,atm_withdrawal,CN,GBP
TXN-00007488,SIG-00837,2024-09-26 09:03:13.726667,916.55,out,payment,US,USD
TXN-00009047,SIG-01003,2024-09-21 07:43:31.129750,283.51,in,payment,US,USD
TXN-00001540,SIG-00166,2024-02-06 19:59:42.775848,3710.13,in,fx_exchange,US,USD
TXN-00010753,SIG-01187,2024-11-24 03:21:42.458951,581.92,in,payment,US,USD
TXN-00001212,SIG-00128,2024-08-26 11:15:47.301078,234.98,in,withdrawal,US,USD
TXN-00009948,SIG-01099,2024-04-10 03:24:34.312638,5997.5,out,card_purchase,NG,CHF
TXN-00000673,SIG-00070,2024-04-23 22:19:17.164865,640.81,in,card_purchase,UA,USD
TXN-00004916,SIG-00548,2024-10-18 06:27:57.675002,663.61,out,fx_exchange,US,USD
TXN-00008849,SIG-00979,2024-04-03 03:36:17.422380,1810.1,out,card_purchase,US,USD
TXN-00003378,SIG-00374,2024-12-10 18:03:33.459437,1921.14,out,wire,US,USD
TXN-00004477,SIG-00497,2024-06-16 08:28:04.209340,523.9,in,deposit,UA,GBP
TXN-00009588,SIG-01061,2024-10-20 18:59:32.964645,780.46,out,payment,US,USD
TXN-00001465,SIG-00159,2024-03-17 11:34:39.749522,276.23,out,withdrawal,US,USD
TXN-00004746,SIG-00529,2024-05-24 17:22:58.308671,212.93,out,payment,CN,EUR
TXN-00009737,SIG-01078,2024-06-25 06:45:08.795592,3656.93,in,withdrawal,US,USD
TXN-00001193,SIG-00126,2024-06-25 10:00:33.883193,1080.53,out,atm_withdrawal,US,USD
TXN-00003794,SIG-00420,2024-12-04 17:57:39.079611,806.98,out,fx_exchange,US,USD
TXN-00001873,SIG-00201,2024-12-10 13:09:37.211992,1641.41,in,fx_exchange,RU,EUR
TXN-00003591,SIG-00400,2024-01-25 20:51:53.813981,4171.55,out,bill_pay,US,USD
TXN-00009596,SIG-01062,2024-11-22 16:33:28.535104,384.28,out,refund,US,USD
TXN-00008824,SIG-00976,2024-11-11 15:30:33.908825,3754.41,in,wire,IN,USD
TXN-00000506,SIG-00051,2024-07-23 15:49:35.348463,18879.01,in,refund,US,USD
TXN-00000244,SIG-00024,2024-02-06 13:05:19.394209,2215.71,in,transfer,US,USD
TXN-00000507,SIG-00051,2024-07-26 12:29:25.489137,3523.54,out,payment,AE,EUR
TXN-00008939,SIG-00990,2024-01-28 07:31:15.948711,1918.71,out,wire,US,USD
TXN-00008016,SIG-00887,2024-12-06 21:19:33.179167,665.84,out,bill_pay,KY,CHF
TXN-00006674,SIG-00745,2024-09-05 06:33:27.221530,647.72,out,wire,US,USD
TXN-00006082,SIG-00682,2024-02-08 21:19:10.200784,908.39,in,card_purchase,US,USD
TXN-00005594,SIG-00624,2024-07-15 16:41:59.411030,11703.39,in,deposit,US,USD
TXN-00005993,SIG-00670,2024-03-01 21:53:25.580512,1544.24,out,withdrawal,CN,GBP
TXN-00001774,SIG-00193,2024-06-19 15:08:53.014219,3088.22,in,card_purchase,US,USD
TXN-00008640,SIG-00956,2024-03-04 09:45:38.694102,253.43,in,payment,PA,EUR
TXN-00008044,SIG-00891,2024-05-02 10:52:05.113823,249.11,out,payment,US,USD
TXN-00005883,SIG-00657,2024-11-13 01:18:40.512748,8481.66,out,payment,US,USD
TXN-00008929,SIG-00988,2024-08-14 18:23:33.280584,592.83,out,card_purchase,US,USD
TXN-00000798,SIG-00083,2024-11-06 18:53:18.181340,8501.16,out,payment,US,USD
TXN-00003619,SIG-00403,2024-02-01 02:36:08.836818,1039.21,out,card_purchase,US,USD
TXN-00002382,SIG-00260,2024-07-04 16:47:06.870323,1139.56,in,transfer,IN,USD
TXN-00002830,SIG-00313,2024-02-25 05:33:03.964818,120.38,in,payment,US,USD
TXN-00010161,SIG-01122,2024-11-10 02:34:13.359543,5114.56,in,withdrawal,US,USD
TXN-00009534,SIG-01052,2024-03-01 10:02:46.390334,2945.46,in,transfer,US,USD
TXN-00004634,SIG-00515,2024-11-22 19:35:08.797301,819.35,out,wire,US,USD
TXN-00000313,SIG-00034,2024-07-27 03:49:21.976180,6050.65,out,atm_withdrawal,US,USD
TXN-00000747,SIG-00078,2024-08-10 13:24:51.513273,590.2,in,card_purchase,US,USD
TXN-00003570,SIG-00397,2024-07-31 14:03:44.576651,946.6,out,payment,US,USD
TXN-00000791,SIG-00083,2024-10-30 03:33:41.665716,137.58,in,card_purchase,US,USD
TXN-00002477,SIG-00271,2024-08-12 18:00:22.059155,6348.03,in,payment,US,USD
TXN-00010168,SIG-01122,2024-11-02 02:46:42.096979,597.7,in,withdrawal,PA,EUR
TXN-00002571,SIG-00282,2024-03-23 23:15:07.346350,95.43,out,atm_withdrawal,US,USD
TXN-00006351,SIG-00712,2024-05-02 05:11:57.516378,2375.77,in,payment,US,USD
TXN-00006254,SIG-00702,2024-09-19 01:22:40.891932,2293.35,out,atm_withdrawal,US,USD
TXN-00004356,SIG-00482,2024-06-23 15:24:57.386502,522.74,in,withdrawal,IN,EUR
TXN-00002164,SIG-00237,2024-10-22 23:19:32.237129,6033.62,in,card_purchase,US,USD
TXN-00009586,SIG-01060,2024-09-20 05:12:56.067721,924.16,out,atm_withdrawal,US,USD
TXN-00010240,SIG-01130,2024-02-14 04:49:38.679016,258.66,in,withdrawal,US,USD
TXN-00000381,SIG-00039,2024-02-12 17:55:46.780689,1890.9,out,payment,US,USD
TXN-00007285,SIG-00814,2024-07-01 13:29:24.705455,3722.97,in,bill_pay,US,USD
TXN-00001293,SIG-00135,2024-10-16 04:32:17.173887,1805.21,out,deposit,US,USD
TXN-00001913,SIG-00205,2024-11-28 10:14:48.356334,5617.48,in,card_purchase,US,USD
TXN-00009691,SIG-01070,2024-04-03 21:08:08.295719,14517.52,in,fx_exchange,PA,JPY
TXN-00000600,SIG-00061,2024-03-20 10:27:24.646061,968.03,in,transfer,US,USD
TXN-00003893,SIG-00432,2024-03-06 00:17:06.212222,773.31,in,atm_withdrawal,US,USD
TXN-00004142,SIG-00460,2024-01-16 07:14:34.112899,763.01,in,withdrawal,US,USD
TXN-00001653,SIG-00180,2024-08-25 10:13:28.890273,631.38,in,withdrawal,NG,GBP
TXN-00006272,SIG-00705,2024-11-23 16:10:56.529804,5791.31,in,payment,US,USD
TXN-00001894,SIG-00203,2024-11-18 01:25:34.658718,560.22,in,payment,AE,CHF
TXN-00001945,SIG-00207,2024-09-30 18:49:25.498616,2073.5,in,payment,US,USD
TXN-00003396,SIG-00377,2024-08-07 10:39:24.185362,4518.28,out,deposit,US,USD
TXN-00006576,SIG-00735,2024-03-20 13:16:03.104050,3430.21,in,card_purchase,US,USD
TXN-00004363,SIG-00482,2024-06-25 05:04:52.937880,132.1,in,card_purchase,US,USD
TXN-00010645,SIG-01175,2024-12-15 05:41:14.032915,2672.54,out,withdrawal,UA,JPY
TXN-00000376,SIG-00038,2024-09-03 04:26:57.055717,600.75,in,transfer,US,USD
TXN-00001967,SIG-00210,2024-11-08 14:41:01.081170,356.22,in,card_purchase,US,USD
TXN-00003958,SIG-00441,2024-07-27 06:31:07.447668,181.41,out,withdrawal,US,USD
TXN-00009572,SIG-01058,2024-01-12 20:29:10.367626,275.03,out,wire,KY,JPY
TXN-00004424,SIG-00490,2024-11-08 13:48:34.054609,761.5,in,withdrawal,US,USD
TXN-00001244,SIG-00132,2024-09-25 10:11:17.485175,358.53,in,transfer,US,USD
TXN-00008810,SIG-00975,2024-11-20 11:25:01.387354,2510.42,in,withdrawal,US,USD
TXN-00005399,SIG-00603,2024-02-07 21:30:18.263965,10597.37,in,transfer,US,USD
TXN-00007461,SIG-00832,2024-03-13 11:08:45.319116,1377.73,out,card_purchase,US,USD
TXN-00007403,SIG-00826,2024-07-13 22:24:52.322832,447.2,in,card_purchase,US,USD
TXN-00001472,SIG-00159,2024-03-21 13:12:42.178737,1496.06,in,refund,US,USD
TXN-00003347,SIG-00372,2024-03-12 11:29:38.016637,1141.57,out,atm_withdrawal,UA,EUR
TXN-00004523,SIG-00503,2024-12-17 09:31:57.187850,1755.37,out,transfer,US,USD
TXN-00007482,SIG-00836,2024-03-10 19:10:57.244852,4255.5,in,payment,US,USD
TXN-00002854,SIG-00316,2024-06-12 18:34:47.013544,7158.05,out,withdrawal,KY,EUR
TXN-00004507,SIG-00502,2024-03-25 14:32:10.929651,283.84,in,refund,US,USD
TXN-00010334,SIG-01141,2024-08-09 13:31:41.999495,224.51,in,deposit,US,USD
TXN-00009805,SIG-01083,2024-05-27 00:57:52.295757,897.41,out,card_purchase,US,USD
TXN-00010651,SIG-01175,2024-12-04 10:38:52.127888,2072.27,in,transfer,US,USD
TXN-00010760,SIG-01188,2024-11-29 04:57:30.216605,1545.92,out,atm_withdrawal,US,USD
TXN-00004063,SIG-00453,2024-10-29 01:47:38.875316,349.36,in,card_purchase,US,USD
TXN-00006224,SIG-00699,2024-01-22 01:58:22.796449,442.43,in,deposit,US,USD
TXN-00005750,SIG-00644,2024-09-14 09:35:17.142092,11598.4,in,payment,US,USD
TXN-00004307,SIG-00477,2024-09-18 14:54:44.935872,2721.49,in,withdrawal,US,USD
TXN-00007946,SIG-00881,2024-06-14 01:59:40.587757,15014.79,in,deposit,US,USD
TXN-00007874,SIG-00875,2024-03-30 02:10:36.885400,344.39,out,bill_pay,US,USD
TXN-00008420,SIG-00931,2024-08-22 02:52:05.314838,2679.85,out,payment,US,USD
TXN-00006334,SIG-00711,2024-06-17 20:34:07.327096,145.55,in,deposit,TR,EUR
TXN-00003991,SIG-00444,2024-06-06 01:31:16.687326,4473.24,in,deposit,US,USD
TXN-00001050,SIG-00110,2024-11-23 08:31:30.222253,576.22,out,fx_exchange,US,USD
TXN-00007387,SIG-00824,2024-05-11 05:35:05.800094,643.42,out,card_purchase,US,USD
TXN-00008182,SIG-00904,2024-09-17 23:18:56.337314,9106.74,out,card_purchase,US,USD
TXN-00008752,SIG-00970,2024-03-03 02:50:05.792507,3409.02,in,transfer,US,USD
TXN-00002036,SIG-00220,2024-01-14 03:20:02.227204,1760.37,out,deposit,US,USD
TXN-00004040,SIG-00450,2024-03-21 07:50:48.645564,1528.36,out,wire,US,USD
TXN-00009129,SIG-01013,2024-03-25 00:23:23.329272,8961.67,in,bill_pay,US,USD
TXN-00006226,SIG-00699,2024-01-21 18:04:26.307881,476.83,in,withdrawal,US,USD
TXN-00010199,SIG-01124,2024-04-07 16:21:37.778915,7719.78,out,wire,CN,USD
TXN-00001973,SIG-00211,2024-10-26 11:41:48.473829,1150.13,in,fx_exchange,US,USD
TXN-00007364,SIG-00822,2024-08-21 10:30:13.177254,276.29,in,payment,US,USD
TXN-00002100,SIG-00228,2024-04-01 19:33:47.124117,3347.55,out,payment,US,USD
TXN-00001500,SIG-00162,2024-10-17 22:59:35.492990,447.01,in,transfer,US,USD
TXN-00005206,SIG-00578,2024-06-04 23:43:47.608707,822.97,out,withdrawal,CN,GBP
TXN-00007453,SIG-00832,2024-03-27 06:15:22.478114,78.16,out,card_purchase,IN,JPY
TXN-00000653,SIG-00067,2024-12-27 22:41:26.225395,13876.39,out,transfer,US,USD
TXN-00000171,SIG-00017,2024-10-25 04:53:41.819699,1033.78,out,transfer,US,USD
TXN-00004086,SIG-00455,2024-10-29 11:11:12.150948,2185.46,in,wire,US,USD
TXN-00000243,SIG-00023,2024-01-31 12:23:41.452604,1304.4,in,atm_withdrawal,RU,EUR
TXN-00006845,SIG-00764,2024-03-20 15:45:13.918442,921.98,in,atm_withdrawal,US,USD
TXN-00004372,SIG-00483,2024-05-18 10:23:27.289066,1082.05,out,withdrawal,US,USD
TXN-00001645,SIG-00179,2024-08-22 12:45:21.768442,1778.83,out,fx_exchange,US,USD
TXN-00002757,SIG-00302,2023-12-27 17:05:17.657285,89.59,out,transfer,US,USD
TXN-00008212,SIG-00908,2024-09-21 23:52:48.496383,1282.67,in,payment,RU,GBP
TXN-00006537,SIG-00732,2024-08-22 09:21:52.142470,984.27,out,payment,IN,CHF
TXN-00002077,SIG-00225,2024-11-14 19:47:26.330003,3207.23,out,fx_exchange,CN,USD
TXN-00004104,SIG-00458,2024-04-09 00:14:31.687611,1469.3,out,payment,US,USD
TXN-00010422,SIG-01151,2024-06-07 23:24:11.015058,579.69,out,atm_withdrawal,US,USD
TXN-00007485,SIG-00836,2024-02-13 06:02:34.571844,1383.31,in,card_purchase,US,USD
TXN-00004802,SIG-00537,2024-01-01 19:28:29.786171,397.74,in,transfer,US,USD
TXN-00007151,SIG-00800,2024-03-01 02:18:46.684567,2335.34,out,deposit,US,USD
TXN-00006177,SIG-00693,2024-05-28 03:37:21.046978,7162.5,in,transfer,AE,EUR
TXN-00009163,SIG-01015,2024-02-27 19:19:53.665305,2271.08,out,wire,US,USD
TXN-00007013,SIG-00786,2024-05-26 18:24:59.295921,661.53,out,fx_exchange,US,USD
TXN-00005770,SIG-00646,2024-04-30 11:25:18.248109,1631.53,in,fx_exchange,US,USD
TXN-00010220,SIG-01126,2024-04-17 07:50:26.627550,160.03,out,deposit,US,USD
TXN-00007204,SIG-00807,2024-09-04 13:47:41.672344,15708.36,in,card_purchase,US,USD
TXN-00010754,SIG-01187,2024-12-02 12:56:22.063524,2016.84,out,withdrawal,BR,JPY
TXN-00009773,SIG-01081,2024-08-25 08:09:07.215418,1626.25,in,wire,US,USD
TXN-00009081,SIG-01008,2024-11-15 06:19:26.938189,471.86,out,deposit,US,USD
TXN-00004662,SIG-00518,2024-08-27 21:21:16.778451,7235.39,in,atm_withdrawal,IN,EUR
TXN-00004079,SIG-00454,2024-07-09 05:26:00.895509,2627.77,out,atm_withdrawal,US,USD
TXN-00009216,SIG-01021,2024-12-16 19:33:15.127207,20677.64,out,card_purchase,UA,JPY
TXN-00000641,SIG-00065,2024-12-26 11:28:04.263939,1587.06,out,card_purchase,RU,USD
TXN-00001271,SIG-00134,2024-03-07 22:16:33.735594,783.03,out,deposit,US,USD
TXN-00002779,SIG-00306,2024-05-04 19:30:45.744175,1317.87,in,bill_pay,US,USD
TXN-00006313,SIG-00708,2024-11-25 23:29:40.132309,6267.61,in,fx_exchange,IN,CHF
TXN-00004933,SIG-00551,2023-12-21 13:44:22.453191,538.12,out,fx_exchange,US,USD
TXN-00001986,SIG-00212,2024-12-20 07:18:44.784884,952.99,out,card_purchase,US,USD
TXN-00003862,SIG-00428,2024-05-20 12:14:28.302436,306.79,out,transfer,US,USD
TXN-00003481,SIG-00388,2024-09-24 22:57:20.819489,6245.98,out,card_purchase,US,USD
TXN-00001535,SIG-00165,2024-08-02 06:16:59.012819,4405.99,in,transfer,US,USD
TXN-00000326,SIG-00036,2024-07-16 11:59:44.675768,473.79,in,bill_pay,US,USD
TXN-00002339,SIG-00256,2024-07-12 07:38:41.601226,8998.55,in,payment,AE,JPY
TXN-00003981,SIG-00444,2024-06-11 12:35:32.201798,4286.51,out,refund,US,USD
TXN-00010579,SIG-01167,2024-08-14 17:35:03.263201,72.16,out,payment,KY,USD
TXN-00005647,SIG-00631,2024-10-14 10:56:57.074239,89.09,out,atm_withdrawal,US,USD
TXN-00004055,SIG-00452,2024-07-05 17:54:01.464350,99.22,out,transfer,US,USD
TXN-00002238,SIG-00246,2024-05-21 00:34:31.363109,2057.37,in,wire,US,USD
TXN-00005230,SIG-00581,2024-04-07 05:54:33.685257,2739.1,in,bill_pay,US,USD
TXN-00010662,SIG-01178,2024-03-17 21:13:29.369834,5486.77,in,withdrawal,TR,GBP
TXN-00004572,SIG-00508,2024-03-08 07:53:21.791661,181.7,in,card_purchase,US,USD
TXN-00010539,SIG-01163,2024-11-03 22:26:24.664678,2097.11,in,transfer,US,USD
TXN-00006486,SIG-00728,2024-10-10 04:41:01.986149,942.09,out,wire,US,USD
TXN-00000865,SIG-00090,2024-04-05 23:09:23.354534,3889.99,in,wire,US,USD
TXN-00006819,SIG-00762,2024-04-30 01:19:46.997046,3171.3,out,card_purchase,US,USD
TXN-00004943,SIG-00552,2024-09-25 17:44:28.717569,24764.35,out,atm_withdrawal,KY,CHF
TXN-00009742,SIG-01079,2024-08-12 11:17:58.856370,3341.28,in,transfer,PA,USD
TXN-00010109,SIG-01115,2024-01-29 07:31:28.902761,32.13,in,payment,AE,JPY
TXN-00000372,SIG-00038,2024-09-16 08:01:47.033140,145.04,out,deposit,US,USD
TXN-00008563,SIG-00948,2024-05-06 08:40:34.970808,1740.27,out,payment,US,USD
TXN-00006664,SIG-00744,2024-11-19 00:21:46.669548,866.31,out,atm_withdrawal,US,USD
TXN-00006859,SIG-00767,2024-04-27 04:05:21.420234,3772.07,in,deposit,US,USD
TXN-00005667,SIG-00635,2024-04-01 09:41:13.795644,6353.84,out,fx_exchange,KY,CHF
TXN-00007062,SIG-00790,2024-06-11 23:46:02.439975,8856.63,in,payment,NG,GBP
TXN-00010125,SIG-01116,2024-11-29 06:52:57.368705,320.95,in,refund,NG,EUR
TXN-00009319,SIG-01031,2024-06-09 02:41:35.192917,363.4,in,transfer,US,USD
TXN-00002365,SIG-00258,2024-08-20 00:40:47.554078,2431.31,in,deposit,BR,USD
TXN-00003214,SIG-00356,2024-04-20 21:53:44.281127,615.66,out,atm_withdrawal,US,USD
TXN-00000912,SIG-00095,2024-09-14 21:35:55.871554,3099.68,in,payment,AE,USD
TXN-00009868,SIG-01091,2024-05-16 00:37:10.900116,688.59,in,deposit,US,USD
TXN-00009928,SIG-01098,2024-10-07 10:40:56.950336,1167.91,in,refund,US,USD
TXN-00003790,SIG-00420,2024-12-07 06:20:20.499502,434.94,in,payment,US,USD
TXN-00007817,SIG-00867,2024-06-09 20:39:33.731326,395.82,in,atm_withdrawal,US,USD
TXN-00009191,SIG-01017,2024-11-02 05:46:08.157234,278.1,out,card_purchase,US,USD
TXN-00007825,SIG-00869,2024-10-15 06:37:04.299569,1116.27,in,card_purchase,US,USD
TXN-00007117,SIG-00795,2023-12-25 02:28:27.721841,2968.33,in,card_purchase,AE,CHF
TXN-00005061,SIG-00565,2024-02-24 11:57:47.636396,975.45,out,atm_withdrawal,US,USD
TXN-00001424,SIG-00154,2024-02-23 05:36:58.601141,574.37,in,refund,US,USD
TXN-00010684,SIG-01179,2024-09-24 06:17:54.983434,480.49,in,deposit,US,USD
TXN-00000480,SIG-00049,2024-06-10 01:35:01.820439,1109.87,out,fx_exchange,US,USD
TXN-00000663,SIG-00068,2024-02-13 03:57:57.628441,3825.22,out,payment,US,USD
TXN-00005366,SIG-00599,2024-01-08 03:38:35.158534,4076.53,in,wire,US,USD
TXN-00009799,SIG-01083,2024-06-22 07:50:25.983160,627.41,out,bill_pay,US,USD
TXN-00008876,SIG-00981,2024-04-03 15:28:28.869892,2325.92,out,bill_pay,TR,USD
TXN-00002989,SIG-00333,2024-07-12 01:24:36.121506,15572.62,out,withdrawal,US,USD
TXN-00001120,SIG-00118,2024-03-29 15:22:17.815221,453.38,in,wire,US,USD
TXN-00002777,SIG-00305,2024-03-06 08:42:02.208899,2510.12,out,payment,NG,GBP
TXN-00004536,SIG-00505,2024-08-12 19:26:16.004479,1735.26,in,card_purchase,US,USD
TXN-00010742,SIG-01186,2024-01-31 03:43:16.157325,1142.99,in,payment,US,USD
TXN-00009820,SIG-01084,2024-03-28 21:03:56.664997,4903.07,out,transfer,US,USD
TXN-00007958,SIG-00882,2024-06-10 21:07:24.836307,534.49,out,payment,US,USD
TXN-00006128,SIG-00687,2024-10-30 17:23:35.725159,396.66,out,deposit,US,USD
TXN-00005270,SIG-00588,2024-10-20 02:09:59.554059,586.69,in,card_purchase,TR,EUR
TXN-00004428,SIG-00491,2024-07-06 12:44:18.271000,3994.84,out,withdrawal,US,USD
TXN-00008524,SIG-00943,2024-08-01 01:09:41.553987,6753.71,in,deposit,US,USD
TXN-00005248,SIG-00585,2024-09-18 15:30:25.333753,1039.21,out,withdrawal,US,USD
TXN-00005730,SIG-00641,2024-09-25 00:52:40.229056,2318.8,out,bill_pay,US,USD
TXN-00003982,SIG-00444,2024-06-08 16:07:00.894170,2993.86,out,wire,US,USD
TXN-00007599,SIG-00848,2024-10-18 04:40:06.392789,1680.28,in,fx_exchange,KY,JPY
TXN-00002894,SIG-00320,2024-08-10 21:20:22.977951,1851.14,out,payment,US,USD
TXN-00002670,SIG-00293,2024-10-08 14:12:46.807426,10929.19,out,transfer,UA,USD
TXN-00003978,SIG-00443,2024-01-13 00:13:19.273372,1549.88,in,fx_exchange,US,USD
TXN-00008292,SIG-00916,2024-01-29 16:42:01.484816,2272.64,in,transfer,US,USD
TXN-00000280,SIG-00029,2024-12-01 09:02:30.935212,1271.22,out,wire,US,USD
TXN-00008626,SIG-00955,2024-08-13 09:11:37.915580,95.68,out,bill_pay,US,USD
TXN-00010598,SIG-01169,2024-07-30 22:27:13.388286,434.63,out,transfer,US,USD
TXN-00007300,SIG-00815,2024-06-01 05:41:54.093733,1827.17,out,refund,US,USD
TXN-00008291,SIG-00916,2024-02-03 07:10:25.984987,1375.29,out,transfer,RU,CHF
TXN-00005198,SIG-00577,2024-05-13 08:19:22.603143,1285.86,in,transfer,US,USD
TXN-00006935,SIG-00775,2024-09-10 21:19:55.218590,5082.1,in,payment,US,USD
TXN-00001695,SIG-00185,2024-08-19 03:40:49.312022,834.47,out,transfer,US,USD
TXN-00009723,SIG-01076,2024-06-12 11:57:42.628115,54.55,out,fx_exchange,US,USD
TXN-00005019,SIG-00560,2024-07-23 18:01:33.428477,7874.3,out,transfer,US,USD
TXN-00003480,SIG-00387,2024-05-02 23:23:48.601130,1061.65,in,payment,US,USD
TXN-00004417,SIG-00490,2024-11-07 11:29:35.272925,275.61,out,bill_pay,KY,CHF
TXN-00010149,SIG-01119,2024-03-30 07:01:39.437964,430.92,in,refund,US,USD
TXN-00004156,SIG-00462,2024-02-24 08:35:32.745493,555.4,in,transfer,US,USD
TXN-00004884,SIG-00544,2024-02-22 08:38:30.158185,4218.75,out,transfer,US,USD
TXN-00007414,SIG-00827,2024-03-29 13:21:47.348206,6193.23,in,bill_pay,KY,GBP
TXN-00006395,SIG-00717,2024-02-15 04:00:30.403269,685.46,out,payment,US,USD
TXN-00009405,SIG-01037,2024-04-11 14:02:12.246715,2003.91,out,card_purchase,US,USD
TXN-00008716,SIG-00965,2024-08-22 02:49:06.505009,2394.63,out,deposit,US,USD
TXN-00004297,SIG-00476,2024-12-25 18:38:51.112280,364.8,in,transfer,US,USD
TXN-00005505,SIG-00614,2024-11-03 00:45:28.510085,1043.1,out,withdrawal,NG,CHF
TXN-00004684,SIG-00521,2024-10-21 16:51:32.384713,2718.01,out,transfer,US,USD
TXN-00006916,SIG-00773,2024-05-20 12:06:17.270678,1534.02,out,payment,US,USD
TXN-00002210,SIG-00242,2024-03-02 11:14:01.420898,162.17,in,payment,NG,EUR
TXN-00008619,SIG-00954,2024-11-02 15:59:12.231325,2272.18,out,transfer,US,USD
TXN-00006604,SIG-00740,2024-05-09 14:14:44.636091,537.69,in,card_purchase,US,USD
TXN-00004564,SIG-00508,2024-03-11 10:14:30.089036,1045.05,in,deposit,US,USD
TXN-00000185,SIG-00018,2024-05-01 05:55:34.673504,2187.57,in,atm_withdrawal,US,USD
TXN-00006907,SIG-00772,2024-05-10 15:36:30.147101,270.37,in,card_purchase,TR,CHF
TXN-00005810,SIG-00651,2024-02-21 03:17:44.901109,8484.36,in,atm_withdrawal,KY,GBP
TXN-00004517,SIG-00502,2024-03-28 01:41:47.123007,1379.55,out,refund,US,USD
TXN-00002351,SIG-00257,2024-02-16 06:53:50.367551,4872.03,in,withdrawal,US,USD
TXN-00000554,SIG-00056,2024-02-17 07:02:41.186262,1281.71,out,payment,US,USD
TXN-00001398,SIG-00149,2024-04-10 19:18:13.604906,1652.3,in,atm_withdrawal,US,USD
TXN-00001385,SIG-00147,2024-10-10 05:14:30.390571,620.56,out,atm_withdrawal,KY,GBP
TXN-00008359,SIG-00922,2024-07-27 05:23:36.809860,619.57,in,card_purchase,IN,GBP
TXN-00006071,SIG-00681,2024-10-20 18:33:26.749787,1640.38,in,atm_withdrawal,US,USD
TXN-00004904,SIG-00547,2024-09-19 23:57:52.167918,618.21,in,transfer,US,USD
TXN-00000298,SIG-00032,2024-10-21 02:04:51.029106,3011.89,in,payment,KY,GBP
TXN-00000444,SIG-00044,2024-07-17 06:30:27.798291,1626.11,out,bill_pay,US,USD
TXN-00006912,SIG-00773,2024-05-24 21:45:30.467759,733.8,out,card_purchase,US,USD
TXN-00005216,SIG-00579,2024-08-15 08:57:49.061958,2061.79,out,bill_pay,US,USD
TXN-00009783,SIG-01082,2024-05-31 18:55:14.032125,1270.76,out,atm_withdrawal,US,USD
TXN-00002078,SIG-00225,2024-11-09 01:56:15.696600,9019.96,out,withdrawal,US,USD
TXN-00004752,SIG-00530,2024-01-04 23:26:22.704753,792.58,out,atm_withdrawal,KY,USD
TXN-00008731,SIG-00967,2024-08-22 22:49:42.854549,12331.03,in,deposit,US,USD
TXN-00002230,SIG-00246,2024-06-09 14:17:57.101668,2024.39,out,withdrawal,US,USD
TXN-00002843,SIG-00314,2024-08-04 13:16:09.378333,46.79,in,bill_pay,NG,CHF
TXN-00002538,SIG-00279,2024-10-08 18:23:37.069640,3430.93,in,transfer,US,USD
TXN-00007486,SIG-00836,2024-03-01 18:54:24.454214,101.12,out,fx_exchange,US,USD
TXN-00009059,SIG-01005,2024-08-05 16:32:17.277659,1302.02,out,atm_withdrawal,KY,GBP
TXN-00006210,SIG-00697,2024-03-21 22:23:00.101179,424.23,out,payment,US,USD
TXN-00007702,SIG-00858,2024-10-01 20:29:13.470274,215.35,out,withdrawal,US,USD
TXN-00003368,SIG-00374,2024-12-04 07:29:12.983698,392.65,out,transfer,BR,GBP
TXN-00005379,SIG-00600,2024-10-25 07:20:23.805278,1455.09,in,refund,US,USD
TXN-00002579,SIG-00282,2024-04-19 01:13:16.492716,366.42,in,withdrawal,US,USD
TXN-00001132,SIG-00119,2024-02-13 16:19:30.561026,891.84,out,card_purchase,NG,JPY
TXN-00010022,SIG-01106,2023-12-24 21:14:04.399215,869.27,in,transfer,US,USD
TXN-00005776,SIG-00648,2024-10-10 17:46:56.353481,190.26,in,transfer,TR,CHF
TXN-00008901,SIG-00984,2024-06-05 01:24:36.535135,355.81,out,withdrawal,US,USD
TXN-00000321,SIG-00035,2024-10-19 08:15:04.468566,237.98,in,bill_pay,US,USD
TXN-00001372,SIG-00146,2024-08-28 16:21:59.826873,65517.76,in,fx_exchange,RU,USD
TXN-00004043,SIG-00450,2024-03-06 10:17:46.469545,3589.86,out,deposit,US,USD
TXN-00005517,SIG-00615,2024-04-20 23:56:47.884834,338.13,out,payment,US,USD
TXN-00006174,SIG-00693,2024-05-25 12:46:34.642551,2493.74,in,wire,US,USD
TXN-00000908,SIG-00094,2024-06-04 11:47:31.855094,481.56,in,transfer,US,USD
TXN-00007135,SIG-00797,2024-10-13 02:27:09.518633,170.16,in,payment,US,USD
TXN-00003951,SIG-00441,2024-08-09 22:39:35.972644,1871.93,in,withdrawal,BR,USD
TXN-00005651,SIG-00632,2024-04-30 06:07:05.883631,663.88,out,payment,US,USD
TXN-00009697,SIG-01071,2024-02-13 23:13:55.804969,646.22,out,transfer,US,USD
TXN-00010797,SIG-01191,2024-03-10 16:41:51.710009,27714.91,out,deposit,UA,JPY
TXN-00009998,SIG-01105,2024-05-23 11:09:54.323940,604.14,in,atm_withdrawal,RU,EUR
TXN-00008236,SIG-00910,2024-03-04 11:14:20.931427,1064.85,out,bill_pay,US,USD
TXN-00007287,SIG-00814,2024-06-03 22:59:07.797393,6270.81,in,payment,US,USD
TXN-00009166,SIG-01016,2024-08-03 03:45:53.785367,224.17,in,payment,US,USD
TXN-00000927,SIG-00096,2024-09-14 05:58:33.186958,802.62,out,card_purchase,US,USD
TXN-00010536,SIG-01162,2024-05-24 15:57:32.681548,2024.45,in,transfer,US,USD
TXN-00000016,SIG-00002,2024-10-05 20:32:09.413749,1619.25,out,deposit,BR,JPY
TXN-00000144,SIG-00015,2024-10-01 00:05:01.914995,1257.89,out,refund,US,USD
TXN-00002364,SIG-00258,2024-09-04 06:18:26.704668,997.73,in,payment,NG,CHF
TXN-00000130,SIG-00013,2024-11-09 22:55:04.562899,4106.36,out,fx_exchange,US,USD
TXN-00001162,SIG-00122,2024-10-16 10:02:17.782727,430.08,in,deposit,US,USD
TXN-00008704,SIG-00963,2024-06-03 10:20:53.556052,1501.88,in,deposit,US,USD
TXN-00009888,SIG-01093,2024-08-22 16:21:02.394663,8889.86,in,wire,RU,JPY
TXN-00005815,SIG-00651,2024-02-04 15:41:52.207959,1104.32,in,wire,US,USD
TXN-00009629,SIG-01064,2024-04-06 05:43:05.845189,301.14,in,deposit,US,USD
TXN-00010489,SIG-01158,2024-01-30 13:02:21.014193,6332.72,out,atm_withdrawal,US,USD
TXN-00005688,SIG-00636,2024-11-28 20:05:00.204023,8292.0,in,transfer,US,USD
TXN-00005309,SIG-00593,2024-09-06 18:27:22.375493,452.0,out,card_purchase,US,USD
TXN-00001877,SIG-00201,2024-12-20 10:09:54.419617,1509.76,in,atm_withdrawal,US,USD
TXN-00002489,SIG-00272,2024-08-06 09:53:28.221621,14975.09,in,fx_exchange,US,USD
TXN-00005696,SIG-00637,2024-06-08 17:03:04.874913,275.13,in,wire,TR,USD
TXN-00004480,SIG-00497,2024-05-09 02:19:29.019540,1386.17,out,wire,US,USD
TXN-00001183,SIG-00125,2024-10-02 12:53:32.994521,4711.42,in,withdrawal,US,USD
TXN-00007335,SIG-00818,2024-03-04 03:34:20.670577,138.22,in,bill_pay,RU,CHF
TXN-00006432,SIG-00722,2024-07-25 16:23:58.399502,526.07,out,bill_pay,US,USD
TXN-00001171,SIG-00123,2024-04-30 18:03:03.368042,226.35,out,deposit,US,USD
TXN-00007376,SIG-00822,2024-08-01 13:43:19.767126,225.83,out,card_purchase,US,USD
TXN-00002183,SIG-00240,2024-09-15 18:05:53.307780,3813.49,out,card_purchase,US,USD
TXN-00006673,SIG-00745,2024-10-12 16:16:43.268331,1012.28,in,atm_withdrawal,US,USD
TXN-00003372,SIG-00374,2024-12-10 14:07:54.967901,2442.18,out,fx_exchange,US,USD
TXN-00008855,SIG-00979,2024-04-04 10:49:20.721809,41.73,out,payment,US,USD
TXN-00001860,SIG-00201,2024-12-10 02:59:42.593845,566.14,in,payment,US,USD
TXN-00005827,SIG-00652,2024-04-15 20:40:58.173807,675.22,out,payment,US,USD
TXN-00005724,SIG-00640,2024-04-11 18:05:23.036324,3546.08,out,bill_pay,US,USD
TXN-00006366,SIG-00714,2024-01-27 19:11:31.980006,565.51,in,fx_exchange,US,USD
TXN-00007604,SIG-00849,2024-10-09 09:50:51.478487,522.78,in,atm_withdrawal,US,USD
TXN-00009467,SIG-01045,2024-07-16 17:03:54.463265,594.74,out,bill_pay,US,USD
TXN-00003589,SIG-00400,2024-01-26 05:49:53.361879,5706.95,out,wire,US,USD
TXN-00008290,SIG-00916,2024-01-28 07:58:28.476747,2361.68,in,atm_withdrawal,KY,JPY
TXN-00003122,SIG-00349,2024-06-23 02:05:24.780399,2966.59,in,atm_withdrawal,BR,CHF
TXN-00000388,SIG-00039,2024-02-03 23:12:02.898440,245.36,in,withdrawal,NG,GBP
TXN-00001312,SIG-00138,2024-08-03 21:04:31.006652,7374.11,out,payment,US,USD
TXN-00001033,SIG-00108,2024-02-21 02:22:45.760488,675.04,in,transfer,US,USD
TXN-00008745,SIG-00969,2024-01-16 21:31:54.227976,1681.3,in,withdrawal,US,USD
TXN-00009425,SIG-01039,2024-07-03 06:04:50.110090,4068.62,in,payment,US,USD
TXN-00004937,SIG-00552,2024-09-19 17:44:33.689845,376.53,in,transfer,US,USD
TXN-00000932,SIG-00097,2024-09-08 16:18:33.072657,103.41,in,withdrawal,KY,CHF
TXN-00004020,SIG-00449,2024-11-28 05:46:15.801197,2826.64,out,refund,US,USD
TXN-00000692,SIG-00073,2024-04-05 04:08:19.645027,3614.3,out,transfer,US,USD
TXN-00006365,SIG-00714,2024-02-02 13:30:03.591728,470.01,out,wire,IN,USD
TXN-00007967,SIG-00883,2024-01-03 15:42:58.592961,13255.23,in,card_purchase,US,USD
TXN-00000830,SIG-00086,2024-10-26 16:09:43.334242,1684.32,out,atm_withdrawal,US,USD
TXN-00003499,SIG-00389,2024-02-03 01:06:37.398853,414.96,in,wire,US,USD
TXN-00002082,SIG-00225,2024-12-03 11:03:48.186288,3870.7,out,transfer,NG,USD
TXN-00010731,SIG-01185,2024-08-27 18:02:08.467223,964.81,out,atm_withdrawal,US,USD
TXN-00010293,SIG-01135,2024-06-27 18:25:06.151551,4337.32,in,refund,NG,USD
TXN-00000045,SIG-00005,2024-03-05 14:33:39.576066,491.71,in,card_purchase,US,USD
TXN-00003940,SIG-00439,2024-10-24 10:05:13.039794,663.05,in,card_purchase,US,USD
TXN-00006316,SIG-00708,2024-12-08 16:11:19.232624,6911.58,in,payment,US,USD
TXN-00008740,SIG-00968,2024-05-29 22:53:58.034011,332.5,out,payment,US,USD
TXN-00004320,SIG-00478,2024-01-01 21:52:04.308145,2172.64,out,transfer,US,USD
TXN-00002966,SIG-00330,2024-08-25 00:12:00.229560,2808.23,in,payment,CN,USD
TXN-00003970,SIG-00442,2024-10-27 05:28:22.918655,2120.9,in,withdrawal,US,USD
TXN-00001188,SIG-00126,2024-06-27 15:37:01.158927,625.8,in,payment,AE,CHF
TXN-00009772,SIG-01081,2024-08-14 15:34:08.112758,844.35,in,fx_exchange,US,USD
TXN-00010105,SIG-01114,2024-04-22 19:15:13.514775,573.45,out,withdrawal,US,USD
TXN-00000285,SIG-00030,2024-07-10 14:56:46.886535,673.84,out,card_purchase,US,USD
TXN-00009683,SIG-01070,2024-03-31 07:26:16.863122,1791.08,out,atm_withdrawal,US,USD
TXN-00004160,SIG-00462,2024-02-13 08:22:37.259578,639.33,in,card_purchase,US,USD
TXN-00003093,SIG-00345,2024-03-08 04:54:26.514080,133.2,in,transfer,US,USD
TXN-00006843,SIG-00764,2024-03-22 05:33:25.699640,318.18,in,withdrawal,US,USD
TXN-00004557,SIG-00507,2024-03-21 06:33:02.420962,1243.92,in,withdrawal,US,USD
TXN-00005492,SIG-00613,2024-10-26 20:42:56.758623,1362.68,out,card_purchase,US,USD
TXN-00004324,SIG-00478,2024-01-03 12:36:05.965903,601.97,in,wire,US,USD
TXN-00006608,SIG-00740,2024-05-13 17:16:19.430620,1412.11,in,bill_pay,US,USD
TXN-00006393,SIG-00717,2024-02-10 13:22:48.543064,591.35,in,card_purchase,US,USD
TXN-00003365,SIG-00374,2024-12-09 05:37:17.094186,7427.48,out,atm_withdrawal,PA,CHF
TXN-00001405,SIG-00151,2024-09-09 07:53:21.891146,4058.54,out,deposit,US,USD
TXN-00003196,SIG-00355,2024-02-10 17:48:59.341512,2550.74,out,fx_exchange,US,USD
TXN-00009054,SIG-01004,2024-07-10 04:08:34.288708,108.27,out,withdrawal,RU,CHF
TXN-00000970,SIG-00101,2024-09-27 00:28:13.200341,3739.46,out,card_purchase,KY,JPY
TXN-00003735,SIG-00415,2024-04-24 12:13:52.171051,4928.76,in,transfer,US,USD
TXN-00000926,SIG-00096,2024-09-09 10:05:27.377454,586.41,out,card_purchase,UA,USD
TXN-00010354,SIG-01144,2024-09-22 00:57:04.881944,1259.5,in,transfer,US,USD
TXN-00008560,SIG-00947,2024-02-01 15:33:01.358134,695.98,in,withdrawal,US,USD
TXN-00004726,SIG-00526,2024-07-15 21:24:08.885355,2920.94,in,deposit,RU,EUR
TXN-00006754,SIG-00755,2024-08-16 18:51:51.120458,1723.97,out,withdrawal,US,USD
TXN-00002852,SIG-00316,2024-06-01 09:23:03.533488,2264.89,out,bill_pay,US,USD
TXN-00009007,SIG-00998,2024-09-03 23:40:31.532477,161074.79,in,atm_withdrawal,US,USD
TXN-00009016,SIG-01000,2024-02-24 07:52:04.508781,2595.79,out,bill_pay,US,USD
TXN-00007339,SIG-00818,2024-02-26 15:29:13.663359,1341.18,out,payment,US,USD
TXN-00009675,SIG-01069,2024-10-04 00:02:37.835067,5039.47,in,refund,US,USD
TXN-00008730,SIG-00967,2024-08-08 10:01:36.699785,4226.17,in,payment,CN,USD
TXN-00004472,SIG-00496,2024-01-16 17:02:07.351231,1697.48,in,withdrawal,US,USD
TXN-00006178,SIG-00693,2024-05-28 08:57:28.355676,1141.38,in,card_purchase,US,USD
TXN-00004349,SIG-00480,2024-12-13 15:26:01.481690,7040.04,out,transfer,US,USD
TXN-00010035,SIG-01106,2024-01-07 07:01:53.632702,456.68,out,deposit,US,USD
TXN-00008778,SIG-00973,2024-08-17 02:21:26.597646,1617.62,out,transfer,PA,USD
TXN-00003627,SIG-00405,2024-12-11 16:34:36.880654,1542.98,in,atm_withdrawal,US,USD
TXN-00001790,SIG-00194,2024-10-26 09:30:55.115532,2549.07,out,transfer,US,USD
TXN-00009045,SIG-01003,2024-09-23 15:04:38.725968,344.53,out,deposit,US,USD
TXN-00002060,SIG-00223,2024-05-13 10:08:19.599234,925.42,out,atm_withdrawal,IN,EUR
TXN-00008256,SIG-00912,2024-06-18 08:18:51.443087,9678.08,out,deposit,BR,USD
TXN-00005664,SIG-00634,2024-06-28 16:23:31.319496,314.16,in,withdrawal,US,USD
TXN-00004014,SIG-00448,2024-06-01 03:16:49.883385,4823.84,out,card_purchase,US,USD
TXN-00001903,SIG-00204,2024-05-23 21:43:37.308743,1717.35,out,transfer,US,USD
TXN-00004687,SIG-00521,2024-10-18 04:03:34.505590,1124.99,in,transfer,RU,GBP
TXN-00006693,SIG-00748,2023-12-29 20:44:05.393423,182.07,out,atm_withdrawal,US,USD
TXN-00004923,SIG-00549,2024-06-28 16:01:01.213134,2342.28,in,card_purchase,US,USD
TXN-00009056,SIG-01005,2024-08-15 08:43:10.831389,5170.76,in,card_purchase,US,USD
TXN-00000076,SIG-00008,2024-05-10 02:17:18.568819,3747.61,out,card_purchase,US,USD
TXN-00002346,SIG-00256,2024-07-25 03:28:36.982727,1221.88,in,card_purchase,CN,JPY
TXN-00008293,SIG-00916,2024-02-03 06:05:26.994987,2489.96,in,card_purchase,US,USD
TXN-00000431,SIG-00042,2024-04-29 16:52:53.191153,669.69,in,transfer,US,USD
TXN-00004587,SIG-00509,2024-09-12 16:12:50.151594,2371.1,out,withdrawal,US,USD
TXN-00005484,SIG-00611,2024-10-20 19:11:29.723155,78.89,in,withdrawal,AE,GBP
TXN-00008374,SIG-00924,2024-03-17 22:59:16.844423,2092.97,out,deposit,US,USD
TXN-00006046,SIG-00679,2024-09-17 17:14:33.007053,867.67,out,bill_pay,KY,EUR
TXN-00009339,SIG-01032,2024-08-15 19:15:01.297613,732.86,out,card_purchase,KY,CHF
TXN-00008917,SIG-00986,2024-09-05 05:35:28.904890,1549.54,in,withdrawal,US,USD
TXN-00008385,SIG-00926,2024-06-29 21:59:22.055455,370.78,in,payment,US,USD
TXN-00001554,SIG-00168,2024-10-28 04:43:41.760784,2627.19,in,deposit,US,USD
TXN-00000241,SIG-00023,2024-02-22 01:24:58.902314,4629.71,out,payment,PA,JPY
TXN-00000784,SIG-00083,2024-11-16 14:58:04.306593,920.53,out,deposit,KY,CHF
TXN-00009083,SIG-01008,2024-12-02 08:36:07.851036,1156.08,out,payment,US,USD
TXN-00003067,SIG-00342,2024-06-05 00:23:11.557362,593.96,in,wire,US,USD
TXN-00000978,SIG-00101,2024-10-09 06:43:57.151675,1980.48,out,bill_pay,US,USD
TXN-00004906,SIG-00547,2024-09-17 17:26:43.965513,90.38,out,refund,US,USD
TXN-00002942,SIG-00326,2024-09-13 16:40:59.571488,596.11,in,payment,US,USD
TXN-00006454,SIG-00724,2024-03-04 13:01:43.694668,2109.78,out,wire,US,USD
TXN-00005668,SIG-00635,2024-03-24 19:32:59.491235,3452.99,in,deposit,US,USD
TXN-00006502,SIG-00729,2024-03-05 03:44:26.812205,14345.26,in,transfer,US,USD
TXN-00001621,SIG-00175,2024-01-16 09:05:11.916214,6055.36,in,transfer,US,USD
TXN-00002147,SIG-00234,2024-09-12 14:34:55.124676,513.08,in,card_purchase,US,USD
TXN-00001802,SIG-00196,2024-05-11 08:03:27.565013,6512.53,in,withdrawal,US,USD
TXN-00002096,SIG-00228,2024-04-07 17:41:50.915419,299.06,out,withdrawal,US,USD
TXN-00007268,SIG-00814,2024-06-30 09:55:23.493281,1707.0,in,deposit,BR,EUR
TXN-00008401,SIG-00928,2024-04-08 22:56:00.196127,850.14,in,payment,KY,EUR
TXN-00001358,SIG-00143,2024-07-27 17:30:02.516463,1366.16,in,withdrawal,US,USD
TXN-00010383,SIG-01147,2024-11-02 19:06:20.911615,386.43,out,atm_withdrawal,US,USD
TXN-00010083,SIG-01111,2024-08-29 22:22:48.379458,372.35,in,fx_exchange,US,USD
TXN-00009124,SIG-01013,2024-03-18 22:33:07.940991,6866.68,out,withdrawal,US,USD
TXN-00007158,SIG-00801,2024-09-23 20:13:46.806601,2996.27,out,deposit,US,USD
TXN-00008115,SIG-00898,2024-02-12 07:04:25.151008,116.92,in,payment,US,USD
TXN-00007202,SIG-00807,2024-09-05 12:58:42.742376,1157.67,out,bill_pay,PA,CHF
TXN-00010815,SIG-01193,2024-06-14 10:01:43.057511,1228.61,out,withdrawal,US,USD
TXN-00009571,SIG-01058,2024-01-19 03:54:30.576827,2064.06,in,withdrawal,NG,EUR
TXN-00006534,SIG-00731,2024-03-02 07:48:36.159542,1324.0,in,atm_withdrawal,US,USD
TXN-00001610,SIG-00174,2024-02-03 04:17:20.417771,383.17,in,wire,BR,JPY
TXN-00003097,SIG-00345,2024-03-09 18:09:57.889624,1334.27,out,deposit,US,USD
TXN-00008775,SIG-00972,2024-11-22 22:00:25.850954,477.44,in,withdrawal,US,USD
TXN-00002416,SIG-00265,2024-04-01 17:14:02.080095,73.47,out,card_purchase,US,USD
TXN-00002018,SIG-00218,2024-11-13 09:57:32.539687,1027.4,out,payment,AE,USD
TXN-00008046,SIG-00891,2024-04-19 20:48:05.110384,328.28,in,withdrawal,US,USD
TXN-00004126,SIG-00458,2024-04-12 17:33:35.306412,2466.1,in,transfer,UA,CHF
TXN-00005376,SIG-00600,2024-10-30 09:25:58.708097,2297.02,in,payment,US,USD
TXN-00010679,SIG-01179,2024-09-24 18:42:30.621732,802.52,in,deposit,AE,USD
TXN-00010447,SIG-01155,2024-09-19 18:13:48.936861,4417.09,out,fx_exchange,US,USD
TXN-00003247,SIG-00361,2024-02-02 12:03:51.763345,5191.12,out,withdrawal,US,USD
TXN-00000125,SIG-00012,2024-11-27 23:54:37.050544,355.6,in,fx_exchange,US,USD
TXN-00009660,SIG-01068,2024-03-09 14:11:43.058293,851.48,in,payment,US,USD
TXN-00010181,SIG-01123,2024-02-06 08:16:11.898644,2615.62,out,withdrawal,US,USD
TXN-00006376,SIG-00714,2024-02-14 17:18:27.256276,4135.08,in,atm_withdrawal,US,USD
TXN-00000841,SIG-00087,2024-03-03 20:36:15.576271,805.42,in,deposit,US,USD
TXN-00010669,SIG-01179,2024-09-21 19:16:08.721299,3957.36,out,transfer,US,USD
TXN-00003342,SIG-00372,2024-03-11 23:03:34.974689,4336.01,in,transfer,CN,EUR
TXN-00000599,SIG-00061,2024-03-18 15:32:38.990856,1687.89,in,transfer,US,USD
TXN-00002124,SIG-00231,2024-07-03 19:23:43.643274,907.13,in,bill_pay,US,USD
TXN-00005513,SIG-00614,2024-11-06 01:48:03.488223,4942.05,in,payment,TR,GBP
TXN-00008599,SIG-00952,2024-04-24 10:02:08.243358,2136.59,in,bill_pay,US,USD
TXN-00008736,SIG-00968,2024-06-01 17:27:54.879155,1239.54,in,transfer,US,USD
TXN-00010396,SIG-01149,2024-04-24 03:18:32.780404,11300.95,out,bill_pay,US,USD
TXN-00010532,SIG-01162,2024-05-23 23:51:43.083941,131.84,in,refund,US,USD
TXN-00002198,SIG-00241,2024-12-01 03:48:30.283508,3831.77,out,fx_exchange,US,USD
TXN-00004052,SIG-00451,2024-04-21 14:37:25.630815,6814.65,in,deposit,US,USD
TXN-00010179,SIG-01122,2024-11-04 19:26:55.456478,826.05,in,deposit,US,USD
TXN-00003363,SIG-00374,2024-12-01 10:10:19.353273,871.49,out,fx_exchange,US,USD
TXN-00008192,SIG-00905,2023-12-29 10:56:21.507724,2170.25,in,withdrawal,US,USD
TXN-00000726,SIG-00077,2024-02-12 14:24:01.347590,309.52,out,card_purchase,US,USD
TXN-00009591,SIG-01061,2024-10-17 11:22:56.136270,374.56,out,deposit,US,USD
TXN-00000979,SIG-00102,2024-06-18 05:00:23.541879,271.07,out,card_purchase,US,USD
TXN-00000809,SIG-00084,2024-09-29 23:23:21.110740,2820.23,in,deposit,RU,JPY
TXN-00006077,SIG-00682,2024-02-04 04:26:03.538694,9429.56,in,card_purchase,US,USD
TXN-00001476,SIG-00159,2024-03-26 05:16:09.860248,460.98,in,bill_pay,US,USD
TXN-00009508,SIG-01050,2024-08-19 07:29:00.150592,1267.28,in,transfer,US,USD
TXN-00007153,SIG-00800,2024-03-06 19:52:30.297396,8830.79,out,payment,US,USD
TXN-00006640,SIG-00742,2024-12-10 12:39:34.005908,2021.38,in,transfer,US,USD
TXN-00004907,SIG-00547,2024-09-20 08:15:52.737527,282.01,in,withdrawal,US,USD
TXN-00007101,SIG-00793,2024-11-18 06:35:09.665848,284.38,in,payment,US,USD
TXN-00009856,SIG-01089,2024-05-22 05:20:59.141387,14732.09,out,transfer,US,USD
TXN-00004931,SIG-00551,2024-01-09 16:13:09.227102,1824.95,out,atm_withdrawal,US,USD
TXN-00004543,SIG-00506,2024-01-16 16:57:40.793169,735.29,in,payment,US,USD
TXN-00003963,SIG-00441,2024-08-03 12:45:29.562744,904.75,in,atm_withdrawal,US,USD
TXN-00007677,SIG-00856,2024-10-07 09:22:50.023976,660.58,out,transfer,US,USD
TXN-00010437,SIG-01154,2024-10-04 13:40:35.139082,168.97,in,card_purchase,US,USD
TXN-00001236,SIG-00131,2024-06-23 14:57:39.849653,64.94,in,deposit,US,USD
TXN-00001226,SIG-00130,2024-06-22 06:27:24.416368,7284.96,in,withdrawal,US,USD
TXN-00001765,SIG-00192,2024-03-08 12:34:57.167993,455.79,in,bill_pay,CN,CHF
TXN-00007500,SIG-00838,2024-08-10 17:16:55.625231,1184.75,in,card_purchase,US,USD
TXN-00006933,SIG-00775,2024-09-18 20:25:20.052249,4812.32,out,deposit,US,USD
TXN-00006107,SIG-00685,2024-07-16 01:25:47.283273,13751.63,out,deposit,UA,CHF
TXN-00008161,SIG-00901,2024-09-07 06:55:49.769114,590.74,out,refund,US,USD
TXN-00003218,SIG-00357,2024-08-29 23:43:12.667375,591.36,in,payment,US,USD
TXN-00000288,SIG-00031,2024-03-05 09:16:48.056037,1347.76,out,payment,US,USD
TXN-00006022,SIG-00674,2024-10-16 10:33:19.384498,824.8,in,fx_exchange,US,USD
TXN-00002967,SIG-00330,2024-08-14 10:06:46.010085,4129.16,in,deposit,RU,EUR
TXN-00003165,SIG-00353,2024-06-18 00:14:31.523704,256.4,in,deposit,RU,JPY
TXN-00007741,SIG-00861,2024-05-06 04:21:13.776176,623.36,out,withdrawal,UA,USD
TXN-00009698,SIG-01071,2024-02-14 20:38:48.201706,53.84,in,card_purchase,US,USD
TXN-00001658,SIG-00181,2024-02-05 11:24:07.019915,1680.25,in,refund,US,USD
TXN-00001976,SIG-00211,2024-10-25 13:22:15.846161,286.83,in,wire,US,USD
TXN-00002398,SIG-00262,2024-03-16 22:58:46.863192,577.79,in,card_purchase,US,USD
TXN-00000453,SIG-00045,2024-03-04 21:32:37.397668,1133.32,out,refund,US,USD
TXN-00002711,SIG-00297,2024-01-07 20:54:28.974917,402.71,out,payment,US,USD
TXN-00005624,SIG-00628,2024-03-24 02:04:58.089246,102.77,out,payment,US,USD
TXN-00003682,SIG-00409,2024-11-14 20:18:37.812535,3253.59,out,card_purchase,US,USD
TXN-00000423,SIG-00042,2024-05-05 15:47:36.092899,42812.67,in,wire,NG,GBP
TXN-00008457,SIG-00937,2024-09-01 00:04:39.555207,497.94,out,card_purchase,BR,GBP
TXN-00005317,SIG-00594,2024-09-07 15:13:33.462298,44.73,out,bill_pay,US,USD
TXN-00000658,SIG-00068,2024-01-31 23:42:14.793645,374.47,out,atm_withdrawal,US,USD
TXN-00003302,SIG-00366,2024-01-15 23:25:22.093310,728.23,in,card_purchase,US,USD
TXN-00008345,SIG-00921,2024-11-28 22:24:17.759105,895.62,in,payment,US,USD
TXN-00002846,SIG-00315,2024-05-04 14:03:11.646131,437.12,out,deposit,US,USD
TXN-00007196,SIG-00806,2024-10-02 01:22:28.406245,2055.27,in,transfer,US,USD
TXN-00009040,SIG-01002,2024-11-14 08:20:22.540833,8093.63,out,atm_withdrawal,US,USD
TXN-00005245,SIG-00585,2024-09-05 20:29:04.783873,18033.87,in,transfer,BR,CHF
TXN-00001002,SIG-00103,2024-10-31 21:46:44.502128,178.57,in,transfer,US,USD
TXN-00004199,SIG-00465,2024-11-25 12:34:53.155940,12572.82,out,transfer,US,USD
TXN-00002419,SIG-00265,2024-03-28 06:06:38.564465,213.24,in,bill_pay,US,USD
TXN-00000876,SIG-00090,2024-04-28 01:29:50.192721,75.08,out,payment,US,USD
TXN-00006349,SIG-00712,2024-04-10 04:31:10.535883,778.7,out,card_purchase,US,USD
TXN-00003848,SIG-00427,2024-05-19 20:03:26.470721,327.36,out,payment,TR,JPY
TXN-00000962,SIG-00100,2024-07-27 17:37:18.998742,672.03,out,withdrawal,US,USD
TXN-00001581,SIG-00171,2024-08-09 12:25:01.258878,24923.91,in,card_purchase,US,USD
TXN-00006000,SIG-00671,2024-08-04 04:55:26.745736,5940.99,out,wire,US,USD
TXN-00002207,SIG-00242,2024-02-29 10:28:46.501524,1187.31,out,withdrawal,RU,EUR
TXN-00007550,SIG-00843,2024-07-23 10:16:58.609393,1125.61,in,payment,US,USD
TXN-00007041,SIG-00788,2024-01-12 16:48:41.762499,4261.19,in,wire,US,USD
TXN-00010827,SIG-01194,2024-06-25 21:55:46.442085,5989.55,in,wire,US,USD
TXN-00004232,SIG-00469,2024-06-20 20:48:59.147166,2827.43,out,fx_exchange,US,USD
TXN-00000758,SIG-00079,2024-05-19 04:44:29.953636,868.69,in,deposit,US,USD
TXN-00004867,SIG-00543,2024-09-12 20:13:29.645010,519.45,out,transfer,US,USD
TXN-00005407,SIG-00603,2024-02-11 21:40:42.989083,2879.03,out,transfer,US,USD
TXN-00005314,SIG-00593,2024-09-01 21:13:01.146480,606.38,out,wire,BR,EUR
TXN-00002285,SIG-00249,2024-11-15 00:44:27.977528,4235.99,in,transfer,US,USD
TXN-00007972,SIG-00883,2023-12-28 22:59:23.240510,301.23,in,transfer,PA,EUR
TXN-00005698,SIG-00637,2024-06-08 00:45:41.697777,1343.59,out,wire,US,USD
TXN-00005508,SIG-00614,2024-11-03 21:46:49.611407,1867.56,in,card_purchase,US,USD
TXN-00005310,SIG-00593,2024-09-05 17:57:37.792882,2388.42,in,payment,US,USD
TXN-00004828,SIG-00539,2024-03-04 16:11:55.135197,199.64,out,payment,US,USD
TXN-00006058,SIG-00679,2024-10-15 18:20:35.694351,583.91,out,payment,US,USD
TXN-00000808,SIG-00084,2024-10-14 17:17:50.452281,2734.24,in,bill_pay,UA,JPY
TXN-00007664,SIG-00854,2024-04-18 10:12:20.605129,601.78,in,wire,US,USD
TXN-00008689,SIG-00962,2024-07-13 01:40:27.139863,428.25,in,deposit,BR,EUR
TXN-00001957,SIG-00208,2024-12-01 19:15:42.040160,3688.79,in,card_purchase,US,USD
TXN-00002446,SIG-00269,2024-01-12 18:38:32.533546,15886.65,out,refund,US,USD
TXN-00007037,SIG-00788,2024-01-02 04:16:07.489691,1477.6,out,card_purchase,CN,EUR
TXN-00008922,SIG-00987,2024-04-20 17:15:44.304485,628.11,out,wire,US,USD
TXN-00007338,SIG-00818,2024-02-26 19:22:10.923808,907.17,in,card_purchase,US,USD
TXN-00008919,SIG-00986,2024-09-20 06:42:24.665858,604.13,out,payment,IN,CHF
TXN-00002403,SIG-00262,2024-03-13 11:08:36.579793,4188.32,out,transfer,US,USD
TXN-00007585,SIG-00847,2024-04-20 11:31:50.105893,138.31,out,transfer,UA,JPY
TXN-00001074,SIG-00112,2024-11-23 18:11:35.361736,9208.37,in,payment,US,USD
TXN-00007848,SIG-00872,2024-08-25 01:28:13.200292,1042.64,out,transfer,US,USD
TXN-00004241,SIG-00470,2024-02-15 15:08:28.181794,2375.67,in,atm_withdrawal,US,USD
TXN-00005437,SIG-00607,2024-03-08 16:05:02.132422,3631.96,out,transfer,NG,CHF
TXN-00009276,SIG-01026,2024-12-12 13:48:23.843701,2231.81,in,card_purchase,US,USD
TXN-00002092,SIG-00227,2024-04-01 18:51:09.231032,946.94,in,bill_pay,US,USD
TXN-00004528,SIG-00504,2024-08-04 09:30:36.370981,2037.62,out,card_purchase,US,USD
TXN-00001699,SIG-00185,2024-08-06 15:00:31.890978,1588.45,out,card_purchase,US,USD
TXN-00009460,SIG-01044,2023-12-18 17:16:51.296855,83996.2,out,wire,KY,GBP
TXN-00009154,SIG-01015,2024-02-27 10:27:10.866709,1424.68,in,bill_pay,US,USD
TXN-00008519,SIG-00943,2024-07-28 06:21:19.552547,5010.23,out,atm_withdrawal,AE,CHF
TXN-00008349,SIG-00921,2024-11-22 17:39:15.000727,22638.35,in,wire,US,USD
TXN-00008177,SIG-00904,2024-09-27 00:30:02.937171,4033.81,out,payment,US,USD
TXN-00001004,SIG-00103,2024-10-23 02:42:12.413081,1230.37,out,payment,US,USD
TXN-00009922,SIG-01097,2024-12-17 05:37:01.591977,8792.56,out,atm_withdrawal,IN,JPY
TXN-00007854,SIG-00873,2024-01-20 22:37:22.078450,1081.19,out,card_purchase,BR,GBP
TXN-00010748,SIG-01186,2023-12-09 03:06:01.289262,1039.79,out,card_purchase,US,USD
TXN-00004652,SIG-00517,2024-07-22 03:29:10.198593,1123.86,in,atm_withdrawal,US,USD
TXN-00008694,SIG-00962,2024-07-06 09:34:06.749442,529.99,in,wire,US,USD
TXN-00001486,SIG-00160,2024-04-18 05:06:49.509529,3153.36,out,wire,US,USD
TXN-00010064,SIG-01109,2024-06-12 22:52:22.656289,1842.94,out,payment,US,USD
TXN-00005369,SIG-00599,2024-01-27 02:21:21.108231,1387.5,out,deposit,US,USD
TXN-00001412,SIG-00152,2024-02-11 05:03:13.849873,298.6,in,payment,US,USD
TXN-00010284,SIG-01134,2024-03-01 21:46:48.419975,2035.1,out,fx_exchange,US,USD
TXN-00009907,SIG-01095,2024-06-19 09:40:27.251358,6714.08,in,bill_pay,US,USD
TXN-00006449,SIG-00724,2024-03-06 16:31:01.878098,2872.15,out,deposit,US,USD
TXN-00000710,SIG-00074,2023-12-15 17:34:49.927968,2078.51,in,payment,US,USD
TXN-00005906,SIG-00659,2024-03-29 23:17:05.936467,8745.25,in,withdrawal,US,USD
TXN-00003604,SIG-00401,2024-11-24 05:21:05.818467,2801.11,in,payment,US,USD
TXN-00000986,SIG-00102,2024-06-16 16:23:32.798048,3803.72,in,card_purchase,US,USD
TXN-00003077,SIG-00342,2024-06-13 06:12:39.502776,134.25,out,transfer,US,USD
TXN-00007071,SIG-00790,2024-06-01 23:57:43.754426,2953.83,in,transfer,BR,GBP
TXN-00005078,SIG-00566,2024-02-09 13:07:21.871576,1569.34,in,card_purchase,BR,EUR
TXN-00004102,SIG-00457,2024-03-21 11:09:32.980282,2104.68,out,transfer,US,USD
TXN-00008066,SIG-00893,2024-07-15 05:48:14.813900,4013.56,in,transfer,US,USD
TXN-00002723,SIG-00299,2024-04-21 08:33:38.830752,694.61,out,fx_exchange,UA,CHF
TXN-00010205,SIG-01125,2024-02-21 18:33:08.979318,229.99,out,withdrawal,US,USD
TXN-00001269,SIG-00134,2024-03-02 00:00:18.237741,451.45,in,payment,US,USD
TXN-00002463,SIG-00270,2024-02-08 08:58:42.278039,841.05,out,deposit,US,USD
TXN-00006625,SIG-00741,2024-01-30 12:34:13.280116,1067.25,out,withdrawal,US,USD
TXN-00000269,SIG-00027,2024-11-29 21:41:41.937207,209.93,in,withdrawal,US,USD
TXN-00003581,SIG-00398,2024-06-03 03:23:20.779901,306.13,in,wire,US,USD
TXN-00004751,SIG-00530,2024-01-06 11:02:11.533555,1906.21,in,atm_withdrawal,CN,JPY
TXN-00006425,SIG-00720,2024-06-01 19:33:47.097598,95.42,out,withdrawal,US,USD
TXN-00009130,SIG-01013,2024-03-05 13:12:15.120734,5201.39,in,withdrawal,US,USD
TXN-00006190,SIG-00695,2024-12-02 14:49:26.546484,487.62,out,transfer,US,USD
TXN-00007901,SIG-00876,2024-01-10 17:21:21.409384,1584.66,out,withdrawal,US,USD
TXN-00002822,SIG-00312,2024-02-22 20:59:54.146973,723.93,in,deposit,US,USD
TXN-00009293,SIG-01028,2023-12-25 19:48:39.563786,3046.85,in,transfer,US,USD
TXN-00000590,SIG-00059,2024-01-07 03:19:14.293566,802.24,in,deposit,AE,EUR
TXN-00009559,SIG-01056,2024-03-17 01:30:00.222944,825.0,in,withdrawal,US,USD
TXN-00009802,SIG-01083,2024-06-23 13:13:58.936875,301.99,in,transfer,US,USD
TXN-00006905,SIG-00772,2024-05-07 14:20:27.832445,1900.28,out,atm_withdrawal,KY,CHF
TXN-00007970,SIG-00883,2024-01-04 21:03:46.790305,6296.83,out,transfer,BR,GBP
TXN-00008652,SIG-00958,2024-01-29 10:20:23.312215,256.98,in,deposit,US,USD
TXN-00002038,SIG-00221,2024-05-23 01:55:45.585838,1025.2,in,refund,US,USD
TXN-00006654,SIG-00743,2024-08-09 06:45:33.475331,72.72,out,atm_withdrawal,US,USD
TXN-00007853,SIG-00873,2024-02-20 14:44:29.362212,2428.74,out,bill_pay,US,USD
TXN-00007223,SIG-00810,2024-09-21 21:17:19.141045,265.86,out,bill_pay,US,USD
TXN-00002029,SIG-00219,2024-09-11 00:17:20.702871,1382.12,in,deposit,US,USD
TXN-00010048,SIG-01107,2024-04-07 18:26:04.155378,727.51,in,card_purchase,KY,JPY
TXN-00000678,SIG-00071,2024-01-21 07:39:07.944972,4281.63,out,payment,US,USD
TXN-00006904,SIG-00772,2024-05-04 23:55:33.792062,122.04,in,card_purchase,US,USD
TXN-00001233,SIG-00131,2024-06-20 19:56:28.825181,30181.23,in,deposit,US,USD
TXN-00005455,SIG-00609,2024-01-23 18:31:08.242732,319.34,out,wire,US,USD
TXN-00009309,SIG-01030,2024-12-17 16:47:42.342381,1434.62,out,card_purchase,US,USD
TXN-00010809,SIG-01193,2024-06-12 08:56:05.811413,913.1,out,wire,UA,EUR
TXN-00009726,SIG-01076,2024-07-09 13:31:44.875316,235.48,out,withdrawal,US,USD
TXN-00004857,SIG-00542,2024-04-14 17:02:44.799530,2423.27,in,payment,CN,CHF
TXN-00006544,SIG-00733,2024-05-30 15:28:23.081004,2232.64,in,payment,UA,JPY
TXN-00002433,SIG-00268,2024-01-16 14:00:35.997899,1263.69,out,card_purchase,US,USD
TXN-00007557,SIG-00843,2024-07-23 11:56:58.053142,1533.2,out,payment,US,USD
TXN-00009444,SIG-01041,2024-09-22 21:20:43.812842,944.54,out,atm_withdrawal,US,USD
TXN-00009758,SIG-01081,2024-08-17 16:08:15.370166,23870.87,in,payment,UA,USD
TXN-00007460,SIG-00832,2024-03-21 02:13:31.632541,1292.24,out,payment,US,USD
TXN-00006061,SIG-00680,2024-10-05 15:06:02.763289,4190.03,in,payment,US,USD
TXN-00000897,SIG-00094,2024-06-07 22:07:18.058090,2614.27,out,deposit,UA,EUR
TXN-00001612,SIG-00174,2024-02-08 06:52:06.249501,1948.26,in,card_purchase,US,USD
TXN-00007745,SIG-00861,2024-05-02 17:14:31.698249,648.97,in,card_purchase,US,USD
TXN-00005864,SIG-00656,2024-03-22 19:14:26.858747,443.18,out,payment,US,USD
TXN-00010648,SIG-01175,2024-12-06 21:56:15.446403,1449.23,in,deposit,AE,EUR
TXN-00001720,SIG-00187,2024-10-22 22:25:59.412506,1936.53,out,bill_pay,US,USD
TXN-00003807,SIG-00423,2024-07-14 23:05:45.771044,1398.23,out,fx_exchange,PA,USD
TXN-00007205,SIG-00807,2024-09-06 15:52:00.205237,2099.62,out,card_purchase,US,USD
TXN-00007449,SIG-00831,2024-02-20 07:53:57.593317,1304.07,in,card_purchase,US,USD
TXN-00004702,SIG-00522,2024-12-17 07:34:53.044319,458.63,in,bill_pay,US,USD
TXN-00003962,SIG-00441,2024-07-17 21:42:33.198864,12368.11,out,transfer,US,USD
TXN-00006506,SIG-00729,2024-02-27 06:52:23.236400,5184.1,in,fx_exchange,US,USD
TXN-00008157,SIG-00901,2024-09-02 23:22:07.685641,82.78,in,withdrawal,US,USD
TXN-00005565,SIG-00621,2024-05-27 11:08:38.702977,442.19,out,deposit,US,USD
TXN-00008487,SIG-00939,2024-09-11 01:38:24.756946,13764.9,in,card_purchase,US,USD
TXN-00000891,SIG-00092,2024-09-05 09:28:29.737167,2412.28,in,payment,US,USD
TXN-00006509,SIG-00729,2024-03-05 11:52:51.676375,21201.58,in,transfer,US,USD
TXN-00010431,SIG-01152,2024-10-20 12:07:38.599598,8151.9,in,deposit,US,USD
TXN-00004007,SIG-00447,2024-08-26 21:51:29.554934,740.93,out,bill_pay,US,USD
TXN-00007146,SIG-00799,2024-04-11 11:01:31.507508,641.65,out,transfer,US,USD
TXN-00006113,SIG-00686,2024-10-28 11:32:33.714585,229.93,in,card_purchase,US,USD
TXN-00008243,SIG-00910,2024-03-05 11:29:50.252336,11369.1,out,payment,CN,USD
TXN-00008133,SIG-00899,2024-08-02 06:04:21.925720,332.04,in,transfer,KY,EUR
TXN-00008833,SIG-00977,2024-07-19 03:01:42.986092,1289.79,in,wire,US,USD
TXN-00002800,SIG-00308,2024-10-15 16:11:59.816455,167.94,out,card_purchase,US,USD
TXN-00007457,SIG-00832,2024-03-29 16:53:44.426300,1940.65,in,refund,UA,JPY
TXN-00000585,SIG-00059,2024-01-04 21:57:31.922139,3542.6,in,deposit,US,USD
TXN-00003269,SIG-00362,2024-07-12 17:20:53.184086,1049.55,in,bill_pay,US,USD
TXN-00003933,SIG-00438,2024-04-22 19:18:40.150166,52.79,out,bill_pay,US,USD
TXN-00004966,SIG-00553,2024-09-21 23:11:35.357390,7982.86,in,wire,US,USD
TXN-00001261,SIG-00133,2024-01-08 03:47:43.789170,1572.02,out,wire,PA,JPY
TXN-00007107,SIG-00794,2024-07-28 02:51:23.276008,1316.5,in,withdrawal,US,USD
TXN-00000311,SIG-00033,2024-01-28 17:13:05.653136,3337.68,in,bill_pay,US,USD
TXN-00001717,SIG-00187,2024-10-11 03:23:34.873352,18285.58,out,card_purchase,UA,JPY
TXN-00007397,SIG-00825,2024-07-12 09:18:16.905255,3526.72,in,wire,CN,GBP
TXN-00007424,SIG-00829,2024-09-17 14:49:38.009957,6603.35,in,payment,US,USD
TXN-00007045,SIG-00788,2024-01-06 12:51:57.901714,124.62,in,payment,NG,USD
TXN-00004669,SIG-00519,2024-09-16 23:41:37.066827,247.12,in,transfer,BR,CHF
TXN-00004299,SIG-00477,2024-09-16 11:55:36.303582,552.75,out,refund,US,USD
TXN-00003784,SIG-00419,2024-04-12 09:51:59.961599,657.45,out,card_purchase,US,USD
TXN-00001009,SIG-00104,2024-07-23 21:33:38.130462,253.04,out,wire,US,USD
TXN-00009401,SIG-01037,2024-04-16 09:04:08.217368,634.73,in,wire,CN,JPY
TXN-00002186,SIG-00240,2024-09-14 16:56:13.475875,3773.69,in,deposit,NG,GBP
TXN-00003624,SIG-00404,2024-12-22 16:02:32.917521,5299.84,out,bill_pay,PA,EUR
TXN-00010663,SIG-01178,2024-03-20 23:00:09.645618,1016.01,in,card_purchase,BR,GBP
TXN-00005901,SIG-00658,2024-03-26 12:18:46.378695,1327.07,in,payment,KY,CHF
TXN-00010544,SIG-01164,2024-07-23 14:45:05.179705,36.91,out,payment,IN,EUR
TXN-00007307,SIG-00816,2024-08-15 14:02:18.334449,3608.67,in,deposit,US,USD
TXN-00006652,SIG-00743,2024-08-07 18:54:04.614626,684.43,out,atm_withdrawal,US,USD
TXN-00004835,SIG-00540,2024-08-20 20:43:04.970492,593.18,out,payment,KY,USD
TXN-00007147,SIG-00799,2024-04-08 10:48:48.884781,1027.93,out,deposit,US,USD
TXN-00004757,SIG-00531,2024-05-13 20:58:53.353163,14575.99,in,payment,US,USD
TXN-00006086,SIG-00682,2024-02-05 08:06:26.379200,1299.97,out,refund,BR,GBP
TXN-00000091,SIG-00009,2024-06-27 16:20:51.479402,5137.08,out,card_purchase,US,USD
TXN-00010187,SIG-01123,2024-02-19 11:03:47.973403,594.11,in,card_purchase,US,USD
TXN-00007672,SIG-00855,2024-02-22 05:08:20.313303,1969.68,out,card_purchase,US,USD
TXN-00001327,SIG-00140,2024-08-27 19:14:45.370800,3944.21,in,payment,US,USD
TXN-00009755,SIG-01081,2024-08-13 16:15:03.359581,429.26,in,card_purchase,US,USD
TXN-00008780,SIG-00973,2024-08-15 16:54:50.041683,2706.13,in,wire,US,USD
TXN-00002118,SIG-00231,2024-06-25 13:47:43.027204,483.11,out,wire,KY,CHF
TXN-00002938,SIG-00326,2024-09-18 23:38:41.295660,14547.94,in,payment,US,USD
TXN-00007696,SIG-00857,2024-09-21 15:36:47.407385,947.46,out,card_purchase,US,USD
TXN-00000984,SIG-00102,2024-06-16 17:29:23.395948,765.85,in,payment,US,USD
TXN-00008319,SIG-00918,2024-10-16 05:36:18.073401,608.71,out,card_purchase,US,USD
TXN-00006626,SIG-00741,2024-02-03 09:51:27.987166,917.58,out,deposit,US,USD
TXN-00009386,SIG-01036,2024-04-05 04:15:46.491294,676.07,out,withdrawal,US,USD
TXN-00002926,SIG-00324,2024-09-10 04:07:53.339974,428.74,in,card_purchase,US,USD
TXN-00006463,SIG-00725,2024-08-30 21:45:45.418696,111.71,in,transfer,US,USD
TXN-00003215,SIG-00356,2024-04-21 13:12:42.513414,132.33,out,wire,US,USD
TXN-00009114,SIG-01011,2024-05-06 03:54:23.049645,929.5,in,card_purchase,KY,EUR
TXN-00007820,SIG-00868,2024-04-17 05:04:45.145111,5905.7,in,deposit,US,USD
TXN-00007373,SIG-00822,2024-08-07 15:43:46.791092,1483.88,out,card_purchase,US,USD
TXN-00008301,SIG-00916,2024-02-06 21:49:17.997888,5306.84,in,atm_withdrawal,US,USD
TXN-00008628,SIG-00955,2024-07-31 08:06:28.027572,206.05,out,payment,US,USD
TXN-00006715,SIG-00751,2024-10-29 00:17:11.778966,566.7,out,fx_exchange,US,USD
TXN-00000628,SIG-00064,2024-09-14 12:40:02.920518,1464.77,in,fx_exchange,US,USD
TXN-00007986,SIG-00884,2024-07-04 13:29:58.568742,815.21,out,deposit,US,USD
TXN-00004948,SIG-00552,2024-09-25 19:34:19.929079,3479.53,out,transfer,US,USD
TXN-00005081,SIG-00566,2024-02-08 16:43:04.634532,379.24,in,deposit,RU,CHF
TXN-00004245,SIG-00471,2024-01-21 01:48:32.041653,1067.53,in,payment,US,USD
TXN-00006149,SIG-00690,2024-04-22 08:04:36.951198,2675.76,out,atm_withdrawal,US,USD
TXN-00004766,SIG-00532,2024-07-21 01:36:22.749143,1780.65,in,fx_exchange,US,USD
TXN-00001602,SIG-00173,2024-03-28 18:25:46.850368,217.4,out,transfer,NG,USD
TXN-00010462,SIG-01156,2024-05-15 07:35:46.896900,4554.03,in,fx_exchange,UA,GBP
TXN-00001270,SIG-00134,2024-03-06 06:46:14.993818,2152.7,in,deposit,US,USD
TXN-00000129,SIG-00013,2024-11-03 00:43:17.195548,3099.38,out,withdrawal,US,USD
TXN-00008869,SIG-00981,2024-04-19 09:17:50.449339,327.5,in,bill_pay,US,USD
TXN-00001712,SIG-00186,2024-11-20 02:09:55.651621,887.73,out,card_purchase,PA,GBP
TXN-00004183,SIG-00464,2023-12-20 17:15:24.005210,1579.8,out,payment,US,USD
TXN-00007728,SIG-00860,2024-02-27 15:26:11.656785,85.57,in,fx_exchange,BR,CHF
TXN-00004236,SIG-00470,2024-02-04 21:22:40.423889,132.82,out,atm_withdrawal,US,USD
TXN-00010042,SIG-01107,2024-03-01 08:20:24.048297,273.97,out,card_purchase,US,USD
TXN-00002399,SIG-00262,2024-03-16 09:05:56.239211,645.18,out,card_purchase,US,USD
TXN-00009482,SIG-01046,2024-01-29 21:07:35.523533,2908.13,out,payment,RU,EUR
TXN-00006525,SIG-00731,2024-03-05 09:50:04.867772,17700.63,in,fx_exchange,IN,CHF
TXN-00007249,SIG-00812,2024-03-18 00:45:40.399944,6130.69,out,payment,US,USD
TXN-00009920,SIG-01097,2024-12-26 05:47:19.606956,429.48,out,payment,US,USD
TXN-00001187,SIG-00126,2024-07-03 03:53:03.018438,6946.67,out,refund,CN,USD
TXN-00009851,SIG-01088,2024-06-09 01:41:14.316736,817.06,in,card_purchase,US,USD
TXN-00010670,SIG-01179,2024-09-21 00:14:33.163330,11096.82,in,refund,UA,GBP
TXN-00007753,SIG-00862,2024-10-07 06:38:24.661336,978.97,in,bill_pay,US,USD
TXN-00001978,SIG-00212,2024-12-11 03:40:51.637993,3473.26,in,payment,US,USD
TXN-00005315,SIG-00593,2024-09-06 12:13:57.019316,5267.85,in,payment,US,USD
TXN-00010770,SIG-01190,2024-04-22 08:38:17.099803,94.36,in,withdrawal,US,USD
TXN-00004248,SIG-00471,2024-01-23 13:50:52.640198,971.54,out,withdrawal,US,USD
TXN-00010000,SIG-01105,2024-05-02 03:48:52.550287,166.71,out,card_purchase,RU,GBP
TXN-00000916,SIG-00095,2024-09-24 00:39:53.916651,4325.88,out,card_purchase,US,USD
TXN-00001306,SIG-00138,2024-08-10 15:39:22.583482,438.31,out,deposit,US,USD
TXN-00010665,SIG-01178,2024-03-24 06:52:35.846173,1143.13,out,wire,US,USD
TXN-00003050,SIG-00340,2024-05-30 02:22:55.923212,1543.43,out,card_purchase,US,USD
TXN-00010380,SIG-01147,2024-11-18 11:04:11.271000,144.14,in,fx_exchange,US,USD
TXN-00001274,SIG-00134,2024-03-03 10:31:27.133377,2652.87,in,wire,NG,CHF
TXN-00005699,SIG-00637,2024-06-03 04:48:44.442352,2226.86,out,withdrawal,US,USD
TXN-00008862,SIG-00980,2024-04-18 15:03:34.502948,1816.79,out,transfer,US,USD
TXN-00002797,SIG-00308,2024-10-12 20:21:10.185296,3105.5,in,transfer,UA,JPY
TXN-00001399,SIG-00149,2024-04-14 01:05:06.928873,99856.08,out,payment,US,USD
TXN-00003359,SIG-00373,2024-09-09 18:51:19.439533,517.07,out,bill_pay,US,USD
TXN-00000184,SIG-00018,2024-05-01 15:23:20.035324,666.89,in,transfer,US,USD
TXN-00006062,SIG-00680,2024-10-18 10:02:09.255716,582.86,in,withdrawal,RU,EUR
TXN-00006829,SIG-00763,2024-11-06 08:46:31.416663,1658.55,in,fx_exchange,NG,JPY
TXN-00007319,SIG-00816,2024-08-15 11:26:27.880858,63.34,out,card_purchase,US,USD
TXN-00006384,SIG-00716,2024-10-24 04:53:57.459270,1281.19,out,withdrawal,US,USD
TXN-00007380,SIG-00822,2024-08-17 01:41:38.018960,1097.02,in,transfer,US,USD
TXN-00008278,SIG-00914,2024-05-19 21:37:54.247155,1022.84,in,payment,US,USD
TXN-00004568,SIG-00508,2024-03-11 08:48:16.013115,526.0,in,bill_pay,US,USD
TXN-00009657,SIG-01067,2024-06-20 20:42:21.431228,1017.92,out,withdrawal,NG,GBP
TXN-00008853,SIG-00979,2024-04-04 16:07:38.158386,209.37,in,deposit,PA,GBP
TXN-00002657,SIG-00291,2024-05-11 14:59:22.328255,154.85,in,bill_pay,CN,CHF
TXN-00009062,SIG-01006,2024-12-01 20:14:14.066876,1390.6,out,transfer,US,USD
TXN-00004306,SIG-00477,2024-09-11 22:30:13.673359,2540.9,out,transfer,US,USD
TXN-00001962,SIG-00209,2024-07-30 17:03:41.603656,6113.45,out,transfer,US,USD
TXN-00004993,SIG-00558,2024-10-15 04:07:18.390275,1315.81,out,bill_pay,US,USD
TXN-00004892,SIG-00545,2024-04-25 18:20:56.194232,421.96,in,transfer,US,USD
TXN-00005816,SIG-00651,2024-01-31 18:36:12.281494,3840.46,out,atm_withdrawal,US,USD
TXN-00007632,SIG-00851,2024-01-11 12:22:02.190168,133.19,out,transfer,US,USD
TXN-00010333,SIG-01141,2024-09-06 08:09:37.898789,1846.97,out,deposit,RU,JPY
TXN-00008237,SIG-00910,2024-03-06 06:24:53.508988,12173.06,out,atm_withdrawal,US,USD
TXN-00010866,SIG-01198,2024-03-07 13:25:46.777705,74978.76,out,transfer,US,USD
TXN-00010578,SIG-01167,2024-09-10 13:56:32.276520,1278.59,in,payment,US,USD
TXN-00001252,SIG-00133,2023-12-12 22:10:45.075545,1890.0,out,fx_exchange,US,USD
TXN-00003177,SIG-00353,2024-06-13 16:55:50.540182,2654.22,in,atm_withdrawal,US,USD
TXN-00005073,SIG-00566,2024-02-08 10:51:15.120926,1077.91,out,atm_withdrawal,CN,GBP
TXN-00003360,SIG-00373,2024-09-05 23:18:38.453818,536.16,out,payment,US,USD
TXN-00008805,SIG-00975,2024-11-12 03:53:03.828844,2044.55,in,wire,US,USD
TXN-00006569,SIG-00734,2024-02-16 20:38:28.646200,10983.48,out,card_purchase,AE,JPY
TXN-00008479,SIG-00939,2024-09-19 04:38:53.903380,2553.63,out,fx_exchange,US,USD
TXN-00007829,SIG-00870,2024-05-25 00:34:05.024973,340.83,in,card_purchase,NG,CHF
TXN-00003290,SIG-00364,2023-12-29 04:23:46.639694,3435.16,in,payment,US,USD
TXN-00007707,SIG-00859,2024-05-20 17:31:57.769459,79.53,in,transfer,US,USD
TXN-00009523,SIG-01051,2024-08-20 05:42:11.868607,974.68,in,transfer,US,USD
TXN-00003191,SIG-00355,2024-02-21 13:58:59.164935,201.34,out,deposit,US,USD
TXN-00010097,SIG-01113,2024-01-15 09:50:59.182639,1281.94,out,atm_withdrawal,US,USD
TXN-00008215,SIG-00908,2024-10-06 10:22:26.658434,1292.65,in,fx_exchange,NG,CHF
TXN-00001052,SIG-00110,2024-12-02 18:13:20.433005,675.79,out,card_purchase,US,USD
TXN-00004070,SIG-00454,2024-07-25 17:24:34.092569,324.82,in,withdrawal,US,USD
TXN-00009544,SIG-01054,2024-09-26 22:05:44.176041,2582.88,out,wire,US,USD
TXN-00006665,SIG-00744,2024-11-09 13:20:38.615367,458.4,out,bill_pay,US,USD
TXN-00000273,SIG-00028,2024-04-19 16:03:45.925462,376.9,out,refund,US,USD
TXN-00002043,SIG-00221,2024-05-23 21:38:51.703588,470.76,in,card_purchase,US,USD
TXN-00004764,SIG-00532,2024-08-04 23:08:57.149556,2124.19,in,transfer,US,USD
TXN-00005961,SIG-00666,2024-04-06 03:30:28.156083,195.34,in,fx_exchange,TR,USD
TXN-00007105,SIG-00794,2024-07-28 07:28:38.642081,1962.71,out,atm_withdrawal,US,USD
TXN-00006347,SIG-00712,2024-05-02 00:10:13.503045,189.89,in,bill_pay,US,USD
TXN-00001087,SIG-00113,2024-07-02 05:07:33.301196,7403.94,out,transfer,US,USD
TXN-00006956,SIG-00777,2024-07-09 09:38:03.603379,3712.55,in,card_purchase,US,USD
TXN-00007590,SIG-00847,2024-04-20 16:06:25.174351,977.54,in,deposit,US,USD
TXN-00008154,SIG-00901,2024-08-31 17:10:24.337769,7579.28,in,card_purchase,BR,CHF
TXN-00010487,SIG-01158,2024-01-17 03:53:29.271663,2201.95,in,withdrawal,US,USD
TXN-00009665,SIG-01068,2024-03-11 07:20:52.445721,2007.91,out,wire,US,USD
TXN-00004323,SIG-00478,2024-01-01 12:19:12.823758,601.58,in,wire,US,USD
TXN-00008252,SIG-00911,2024-12-13 09:58:59.977336,1876.11,out,bill_pay,US,USD
TXN-00008700,SIG-00963,2024-05-02 21:51:18.653097,342.16,in,card_purchase,US,USD
TXN-00005832,SIG-00653,2024-12-09 00:58:18.255921,581.03,in,payment,US,USD
TXN-00008884,SIG-00982,2024-06-21 19:05:56.853854,341.98,out,transfer,US,USD
TXN-00006624,SIG-00741,2024-02-02 15:42:11.636687,1598.36,in,card_purchase,US,USD
TXN-00006138,SIG-00688,2024-01-13 06:05:39.430346,321.4,out,card_purchase,US,USD
TXN-00010434,SIG-01153,2023-11-23 00:37:49.691985,3554.23,out,card_purchase,US,USD
TXN-00004710,SIG-00524,2024-11-29 17:28:46.395996,1402.04,in,payment,US,USD
TXN-00006791,SIG-00759,2024-05-07 06:12:24.778996,3435.1,out,deposit,US,USD
TXN-00008898,SIG-00984,2024-05-17 23:42:46.782149,154.1,in,payment,US,USD
TXN-00006758,SIG-00756,2024-09-06 18:14:36.099290,4025.52,out,wire,US,USD
TXN-00008114,SIG-00897,2024-07-28 21:30:43.552097,1418.03,out,transfer,US,USD
TXN-00003479,SIG-00387,2024-05-12 17:14:09.211801,792.17,out,payment,PA,CHF
TXN-00008346,SIG-00921,2024-11-26 10:24:12.829506,4954.98,out,deposit,US,USD
TXN-00003925,SIG-00438,2024-05-04 03:19:14.495195,255.76,out,fx_exchange,US,USD
TXN-00001749,SIG-00189,2024-01-15 13:49:35.968940,1026.23,out,wire,US,USD
TXN-00000733,SIG-00077,2024-02-11 14:50:13.458093,4085.1,out,payment,US,USD
TXN-00002554,SIG-00280,2024-08-02 00:10:35.838389,83.96,out,card_purchase,US,USD
TXN-00007736,SIG-00860,2024-03-22 08:12:57.595542,2719.24,in,atm_withdrawal,US,USD
TXN-00005929,SIG-00662,2024-06-12 09:21:21.000526,6753.25,in,card_purchase,US,USD
TXN-00002663,SIG-00292,2024-08-08 04:25:13.063575,190.83,in,card_purchase,US,USD
TXN-00008843,SIG-00978,2024-07-31 00:45:48.442942,656.5,out,deposit,US,USD
TXN-00006993,SIG-00783,2024-06-20 11:36:26.563333,3505.35,out,card_purchase,US,USD
TXN-00003114,SIG-00348,2024-10-30 11:15:46.712974,278.9,out,deposit,US,USD
TXN-00003304,SIG-00367,2024-10-25 03:47:41.121017,467.63,out,deposit,US,USD
TXN-00001345,SIG-00142,2024-11-23 16:24:06.416065,210.85,in,deposit,IN,USD
TXN-00009599,SIG-01062,2024-11-16 09:03:05.602450,89.16,out,atm_withdrawal,US,USD
TXN-00001691,SIG-00185,2024-08-16 01:32:14.747551,847.5,in,transfer,US,USD
TXN-00006024,SIG-00674,2024-10-22 02:43:38.127247,472.0,out,card_purchase,US,USD
TXN-00007781,SIG-00865,2024-02-25 22:53:14.284430,4150.26,in,payment,US,USD
TXN-00005049,SIG-00563,2024-06-02 23:14:59.679315,1095.09,out,card_purchase,US,USD
TXN-00007723,SIG-00860,2024-02-29 03:02:17.590559,630.42,in,payment,IN,GBP
TXN-00003309,SIG-00367,2024-11-07 06:54:03.847114,1526.57,out,atm_withdrawal,US,USD
TXN-00001505,SIG-00162,2024-10-20 14:51:59.956583,670.07,in,wire,BR,GBP
TXN-00001807,SIG-00196,2024-04-24 08:43:29.406593,1594.93,out,withdrawal,US,USD
TXN-00008160,SIG-00901,2024-09-09 17:15:18.084821,512.74,out,bill_pay,US,USD
TXN-00009855,SIG-01089,2024-05-27 02:19:28.931100,233.92,in,withdrawal,US,USD
TXN-00003792,SIG-00420,2024-12-08 18:19:52.216672,6979.67,in,atm_withdrawal,IN,JPY
TXN-00005218,SIG-00580,2024-03-14 16:17:15.578736,519.54,in,deposit,US,USD
TXN-00010379,SIG-01147,2024-11-08 18:08:28.044043,1363.54,in,withdrawal,US,USD
TXN-00001068,SIG-00112,2024-11-15 22:58:43.646281,938.71,in,deposit,US,USD
TXN-00007073,SIG-00791,2024-01-02 13:16:27.940098,752.49,in,withdrawal,US,USD
TXN-00010347,SIG-01143,2024-10-18 10:37:23.229681,2667.05,out,payment,US,USD
TXN-00006752,SIG-00755,2024-09-02 06:59:28.852379,676.43,out,card_purchase,US,USD
TXN-00002697,SIG-00297,2024-01-14 21:19:09.943773,729.85,out,bill_pay,PA,CHF
TXN-00001849,SIG-00199,2024-07-28 22:24:23.962112,5733.25,out,transfer,US,USD
TXN-00004513,SIG-00502,2024-03-30 02:11:31.979352,330.35,in,wire,US,USD
TXN-00010073,SIG-01110,2024-02-02 03:11:30.201281,724.37,out,card_purchase,US,USD
TXN-00002432,SIG-00267,2024-08-07 18:25:59.486325,757.61,in,refund,TR,GBP
TXN-00004661,SIG-00518,2024-09-03 08:01:31.334957,1940.35,out,fx_exchange,KY,GBP
TXN-00008144,SIG-00900,2024-07-22 08:34:29.158416,465.69,in,payment,US,USD
TXN-00006707,SIG-00749,2024-07-13 13:22:11.056491,1680.24,out,fx_exchange,US,USD
TXN-00010225,SIG-01126,2024-04-03 21:44:17.833278,14294.45,out,payment,RU,CHF
TXN-00000143,SIG-00015,2024-09-17 19:49:36.845622,86.27,out,transfer,AE,USD
TXN-00005587,SIG-00624,2024-07-14 03:22:27.343261,8313.8,out,bill_pay,US,USD
TXN-00009561,SIG-01056,2024-03-24 23:05:15.543215,1157.8,out,bill_pay,US,USD
TXN-00006256,SIG-00702,2024-09-16 15:48:16.138399,956.05,in,refund,US,USD
TXN-00010810,SIG-01193,2024-06-08 21:54:51.918720,387.8,out,card_purchase,US,USD
TXN-00005291,SIG-00591,2024-09-28 13:10:52.634847,5388.84,in,card_purchase,IN,USD
TXN-00006324,SIG-00709,2024-06-17 01:14:38.989640,169.91,out,transfer,US,USD
TXN-00003410,SIG-00380,2024-11-12 14:46:20.374234,1514.3,in,card_purchase,RU,JPY
TXN-00001118,SIG-00117,2024-07-26 12:05:09.716560,994.64,in,wire,US,USD
TXN-00001757,SIG-00190,2024-01-18 11:29:57.181283,330.31,out,card_purchase,US,USD
TXN-00000498,SIG-00051,2024-07-20 07:13:36.742700,11076.85,out,transfer,US,USD
TXN-00006216,SIG-00698,2024-01-27 15:03:51.333819,602.47,in,withdrawal,US,USD
TXN-00000871,SIG-00090,2024-03-29 15:00:44.370252,14031.51,in,transfer,US,USD
TXN-00003358,SIG-00373,2024-08-03 17:09:06.341143,5094.29,in,wire,US,USD
TXN-00000913,SIG-00095,2024-09-23 00:02:57.835062,3470.47,in,card_purchase,US,USD
TXN-00000722,SIG-00076,2024-10-14 09:18:18.797907,5093.93,in,deposit,IN,USD
TXN-00002806,SIG-00309,2024-07-16 03:29:13.053355,329.21,in,withdrawal,US,USD
TXN-00010829,SIG-01194,2024-07-03 13:42:31.011849,1717.04,in,fx_exchange,US,USD
TXN-00000887,SIG-00092,2024-09-22 04:40:00.978173,5888.49,out,card_purchase,US,USD
TXN-00010460,SIG-01156,2024-06-01 13:24:18.496833,961.33,in,fx_exchange,US,USD
TXN-00008335,SIG-00920,2024-11-19 03:22:50.268987,63.9,in,card_purchase,US,USD
TXN-00009071,SIG-01007,2024-04-29 10:53:50.076587,473.7,in,payment,KY,GBP
TXN-00008384,SIG-00926,2024-06-27 17:57:10.385603,11842.69,out,fx_exchange,US,USD
TXN-00001521,SIG-00163,2024-02-23 04:19:51.723423,912.63,out,deposit,US,USD
TXN-00009481,SIG-01046,2024-01-29 00:02:10.704413,306.16,out,deposit,NG,GBP
TXN-00002747,SIG-00301,2024-08-01 23:34:19.289729,767.31,out,transfer,KY,CHF
TXN-00010371,SIG-01146,2024-03-09 22:58:00.220551,86.5,out,deposit,US,USD
TXN-00006921,SIG-00774,2024-01-15 00:22:04.335958,794.95,out,withdrawal,BR,JPY
TXN-00000315,SIG-00034,2024-07-26 16:33:43.041875,10416.68,in,card_purchase,RU,EUR
TXN-00001800,SIG-00195,2024-11-29 04:23:14.623232,1629.86,out,transfer,US,USD
TXN-00000328,SIG-00036,2024-07-12 17:46:22.929779,398.29,out,card_purchase,US,USD
TXN-00009069,SIG-01006,2024-11-10 19:29:50.038499,2732.97,out,withdrawal,US,USD
TXN-00004205,SIG-00466,2024-12-27 19:59:55.774508,2404.69,in,withdrawal,US,USD
TXN-00005851,SIG-00655,2024-02-02 12:06:52.086630,1335.47,in,card_purchase,US,USD
TXN-00005448,SIG-00608,2024-03-02 13:26:10.693028,1564.54,in,deposit,US,USD
TXN-00003130,SIG-00350,2024-04-15 01:05:24.222686,638.33,in,withdrawal,US,USD
TXN-00001997,SIG-00214,2024-07-10 09:45:34.299798,3845.24,in,transfer,IN,EUR
TXN-00009516,SIG-01051,2024-09-12 22:06:30.305991,1909.46,in,withdrawal,KY,JPY
TXN-00003969,SIG-00442,2024-10-16 20:42:54.383297,650.04,in,bill_pay,CN,EUR
TXN-00010223,SIG-01126,2024-04-16 10:35:19.275706,1679.11,in,fx_exchange,CN,USD
TXN-00010445,SIG-01155,2024-09-21 01:55:31.354384,234.48,out,fx_exchange,US,USD
TXN-00001974,SIG-00211,2024-10-25 22:42:55.965333,2848.04,out,transfer,US,USD
TXN-00000337,SIG-00036,2024-07-31 19:49:10.225304,2271.89,in,card_purchase,US,USD
TXN-00002765,SIG-00303,2024-03-18 00:21:01.147269,196.02,in,wire,US,USD
TXN-00008654,SIG-00958,2024-01-28 14:35:58.463447,2724.93,in,card_purchase,US,USD
TXN-00000276,SIG-00029,2024-12-01 19:22:00.611895,3645.83,in,deposit,US,USD
TXN-00002986,SIG-00333,2024-07-13 19:29:10.233306,605.82,out,payment,UA,CHF
TXN-00010725,SIG-01185,2024-09-04 21:02:20.715208,314.65,out,payment,US,USD
TXN-00007441,SIG-00830,2024-03-26 23:28:44.489013,138.38,out,deposit,RU,EUR
TXN-00003478,SIG-00387,2024-04-17 12:23:50.244719,1541.0,in,card_purchase,US,USD
TXN-00010038,SIG-01106,2024-01-27 22:22:13.867234,5706.87,in,payment,US,USD
TXN-00003559,SIG-00396,2024-05-04 09:22:35.059898,4150.2,in,bill_pay,US,USD
TXN-00006701,SIG-00749,2024-07-16 20:28:24.226301,353.62,out,deposit,AE,CHF
TXN-00002810,SIG-00310,2024-10-25 06:13:57.728098,2027.36,in,payment,US,USD
TXN-00009937,SIG-01098,2024-09-30 12:16:25.754265,1331.93,in,bill_pay,US,USD
TXN-00004862,SIG-00542,2024-04-16 02:32:58.174640,5108.37,in,wire,US,USD
TXN-00007880,SIG-00875,2024-03-15 16:41:35.981104,3085.96,in,wire,US,USD
TXN-00005247,SIG-00585,2024-09-15 22:29:13.810707,733.15,out,payment,US,USD
TXN-00003417,SIG-00381,2024-10-22 20:16:27.478080,868.82,in,card_purchase,US,USD
TXN-00000308,SIG-00033,2024-01-24 20:32:38.191737,273.82,in,atm_withdrawal,TR,EUR
TXN-00003909,SIG-00434,2024-02-06 18:47:36.966843,575.21,in,refund,US,USD
TXN-00008313,SIG-00917,2024-11-01 00:46:58.385540,5169.77,in,wire,KY,GBP
TXN-00000349,SIG-00036,2024-07-11 15:46:02.514791,5341.47,in,wire,US,USD
TXN-00005919,SIG-00661,2024-01-26 11:35:59.747987,374.65,in,transfer,US,USD
TXN-00000827,SIG-00085,2024-02-04 16:00:44.764692,1140.13,in,bill_pay,US,USD
TXN-00005297,SIG-00592,2024-02-01 05:53:07.215029,723.64,in,bill_pay,US,USD
TXN-00010359,SIG-01145,2024-07-18 07:10:48.460996,1556.26,out,deposit,RU,EUR
TXN-00008790,SIG-00973,2024-08-19 06:48:41.402950,388.61,out,transfer,US,USD
TXN-00004483,SIG-00498,2024-08-19 10:55:39.066045,195.54,in,card_purchase,US,USD
TXN-00010814,SIG-01193,2024-06-15 20:44:16.582359,1373.14,in,withdrawal,KY,USD
TXN-00003683,SIG-00409,2024-11-21 15:33:41.075369,322.44,out,withdrawal,PA,USD
TXN-00007039,SIG-00788,2024-01-09 05:47:33.882095,270.2,out,atm_withdrawal,US,USD
TXN-00009145,SIG-01014,2024-08-09 18:16:28.027470,1235.73,out,withdrawal,US,USD
TXN-00002054,SIG-00222,2024-11-30 01:50:56.536849,9120.94,out,fx_exchange,US,USD
TXN-00010474,SIG-01157,2024-01-18 05:32:18.080581,719.32,in,payment,US,USD
TXN-00000072,SIG-00008,2024-05-06 23:52:48.080939,1749.96,out,transfer,NG,GBP
TXN-00006612,SIG-00741,2024-02-07 23:36:34.372802,257.17,out,card_purchase,US,USD
TXN-00008289,SIG-00916,2024-02-06 05:19:57.960155,11296.44,out,deposit,US,USD
TXN-00007509,SIG-00839,2024-11-05 22:11:46.272880,1969.81,out,atm_withdrawal,US,USD
TXN-00009988,SIG-01104,2024-01-30 23:51:37.981422,9067.11,out,atm_withdrawal,US,USD
TXN-00005357,SIG-00598,2024-01-03 22:51:26.438050,534.27,out,deposit,US,USD
TXN-00001667,SIG-00181,2024-02-24 15:35:18.866307,546.57,in,withdrawal,US,USD
TXN-00005571,SIG-00622,2024-05-23 23:51:27.954603,372.69,in,withdrawal,US,USD
TXN-00008954,SIG-00991,2024-08-24 03:06:55.492804,1430.61,in,deposit,US,USD
TXN-00008561,SIG-00947,2024-01-07 03:17:26.795249,169.81,in,bill_pay,US,USD
TXN-00006444,SIG-00723,2024-02-21 21:13:35.580209,79.15,in,withdrawal,US,USD
TXN-00001446,SIG-00157,2024-03-14 07:17:16.709736,3085.38,in,payment,US,USD
TXN-00008415,SIG-00931,2024-08-18 19:36:08.223277,448.08,in,atm_withdrawal,US,USD
TXN-00006747,SIG-00754,2024-03-28 07:54:27.864192,312.76,out,payment,US,USD
TXN-00001696,SIG-00185,2024-08-07 20:30:40.082587,3885.42,in,payment,US,USD
TXN-00002893,SIG-00320,2024-08-10 23:40:37.265234,692.08,in,card_purchase,US,USD
TXN-00010890,SIG-01200,2024-05-10 13:45:38.695238,44106.65,in,atm_withdrawal,US,USD
TXN-00001575,SIG-00171,2024-08-11 10:14:54.207358,2422.41,in,card_purchase,US,USD
TXN-00003204,SIG-00355,2024-02-15 05:54:10.518347,2566.88,in,transfer,AE,CHF
TXN-00004406,SIG-00488,2024-04-18 20:37:42.329574,504.25,in,payment,AE,USD
TXN-00001631,SIG-00176,2024-01-01 09:22:54.628295,2500.6,in,atm_withdrawal,US,USD
TXN-00009178,SIG-01017,2024-11-05 03:46:50.358976,2086.0,out,payment,US,USD
TXN-00001882,SIG-00202,2024-01-07 14:57:35.502355,536.53,out,bill_pay,BR,USD
TXN-00005113,SIG-00571,2024-10-29 08:11:08.879071,717.63,out,atm_withdrawal,IN,USD
TXN-00005709,SIG-00638,2024-11-26 01:21:45.250923,399.66,out,payment,US,USD
TXN-00005075,SIG-00566,2024-02-10 21:28:56.516418,1047.19,out,payment,US,USD
TXN-00007355,SIG-00821,2024-09-16 00:23:38.300823,550.49,in,card_purchase,US,USD
TXN-00009627,SIG-01064,2024-04-18 14:17:22.852610,874.02,in,card_purchase,US,USD
TXN-00007436,SIG-00830,2024-04-02 14:49:46.489463,1608.32,in,deposit,BR,EUR
TXN-00000849,SIG-00088,2024-04-12 14:45:22.927814,93.48,in,bill_pay,US,USD
TXN-00007174,SIG-00803,2024-12-09 00:43:58.346751,366.26,out,payment,RU,CHF
TXN-00007400,SIG-00825,2024-07-16 03:32:55.847958,6746.41,in,atm_withdrawal,US,USD
TXN-00009169,SIG-01016,2024-07-25 20:18:52.953471,773.88,in,wire,RU,JPY
TXN-00002878,SIG-00319,2024-11-17 11:16:10.797470,98.67,out,wire,UA,EUR
TXN-00000187,SIG-00019,2024-08-05 00:21:22.321808,3817.68,in,payment,US,USD
TXN-00003780,SIG-00418,2024-02-11 14:03:11.398607,4630.33,out,wire,US,USD
TXN-00001831,SIG-00198,2024-11-18 20:10:43.339797,781.37,in,card_purchase,US,USD
TXN-00006093,SIG-00684,2024-09-24 20:15:23.059745,2194.47,in,wire,US,USD
TXN-00002960,SIG-00329,2024-08-06 15:50:38.820734,319.61,out,transfer,US,USD
TXN-00010077,SIG-01111,2024-08-31 18:32:29.309265,52456.34,out,transfer,US,USD
TXN-00007627,SIG-00851,2024-01-15 08:53:33.782052,750.23,out,deposit,US,USD
TXN-00005447,SIG-00608,2024-03-07 03:54:21.670831,1543.47,in,withdrawal,US,USD
TXN-00001235,SIG-00131,2024-06-17 13:18:34.897483,3315.95,in,card_purchase,US,USD
TXN-00007145,SIG-00799,2024-04-05 01:03:32.036792,895.58,in,payment,US,USD
TXN-00003916,SIG-00435,2024-04-17 20:55:20.951720,1962.23,in,wire,US,USD
TXN-00000447,SIG-00044,2024-07-11 00:30:20.032243,2217.12,out,bill_pay,US,USD
TXN-00005840,SIG-00654,2024-09-24 10:00:01.024897,6584.7,out,atm_withdrawal,NG,GBP
TXN-00000845,SIG-00088,2024-03-07 03:58:50.426615,2608.15,in,bill_pay,US,USD
TXN-00005202,SIG-00577,2024-05-12 16:15:51.839432,3241.22,out,payment,NG,GBP
TXN-00006917,SIG-00773,2024-05-21 11:02:45.066844,416.43,out,payment,US,USD
TXN-00010443,SIG-01155,2024-09-11 18:13:18.557663,618.0,out,payment,US,USD
TXN-00002441,SIG-00269,2024-01-03 12:39:26.505459,203.7,out,wire,US,USD
TXN-00003104,SIG-00346,2024-01-03 05:43:47.771598,1623.3,in,card_purchase,BR,EUR
TXN-00009365,SIG-01034,2023-12-13 19:55:29.805187,880.32,in,refund,US,USD
TXN-00008122,SIG-00898,2024-02-14 00:21:58.026468,1653.13,out,atm_withdrawal,US,USD
TXN-00008975,SIG-00994,2024-09-20 03:13:52.026905,144.58,out,withdrawal,CN,JPY
TXN-00001295,SIG-00136,2024-02-28 17:40:06.920104,1296.69,in,fx_exchange,NG,USD
TXN-00007533,SIG-00841,2024-01-04 13:04:04.296315,1838.98,out,card_purchase,US,USD
TXN-00005519,SIG-00615,2024-04-01 20:00:26.858359,1178.33,in,fx_exchange,US,USD
TXN-00009835,SIG-01086,2024-10-05 14:34:45.747014,662.39,out,withdrawal,US,USD
TXN-00005068,SIG-00565,2024-02-21 04:52:19.221399,155.32,out,atm_withdrawal,RU,GBP
TXN-00003443,SIG-00384,2024-10-26 11:00:37.861558,3700.62,out,card_purchase,AE,EUR
TXN-00009210,SIG-01020,2024-08-19 22:36:21.746811,224.04,out,refund,US,USD
TXN-00010008,SIG-01106,2024-01-20 03:49:51.976644,1472.21,in,deposit,US,USD
TXN-00009097,SIG-01009,2024-09-06 07:16:58.223627,783.51,in,atm_withdrawal,TR,USD
TXN-00007301,SIG-00815,2024-06-27 16:25:18.597677,1896.21,in,deposit,US,USD
TXN-00000777,SIG-00081,2024-11-08 16:38:51.129760,860.26,out,atm_withdrawal,KY,EUR
TXN-00010589,SIG-01169,2024-07-25 12:13:53.821365,2374.17,in,withdrawal,US,USD
TXN-00002154,SIG-00236,2024-09-02 20:44:13.775746,1342.15,in,refund,US,USD
TXN-00005559,SIG-00620,2024-11-18 04:10:15.982461,1747.9,in,deposit,US,USD
TXN-00004921,SIG-00549,2024-06-28 16:15:54.887796,6287.06,in,withdrawal,CN,GBP
TXN-00006437,SIG-00722,2024-07-29 21:52:52.706953,489.74,in,payment,AE,EUR
TXN-00010349,SIG-01143,2024-10-13 17:35:31.068077,484.9,in,wire,US,USD
TXN-00009134,SIG-01013,2024-03-07 23:22:22.511537,230.51,out,wire,UA,USD
TXN-00003137,SIG-00351,2024-01-08 10:59:46.949988,2971.19,in,withdrawal,US,USD
TXN-00009190,SIG-01017,2024-11-07 08:21:11.783231,111.07,out,payment,KY,CHF
TXN-00005463,SIG-00609,2024-01-10 02:05:49.954846,888.88,out,card_purchase,US,USD
TXN-00007751,SIG-00862,2024-09-10 06:47:57.056137,5867.29,in,card_purchase,US,USD
TXN-00008989,SIG-00996,2024-11-20 03:51:30.140407,450.93,out,atm_withdrawal,US,USD
TXN-00003184,SIG-00354,2024-08-17 21:06:18.454611,579.28,out,withdrawal,US,USD
TXN-00009068,SIG-01006,2024-12-07 21:17:50.606881,461.05,out,atm_withdrawal,US,USD
TXN-00008123,SIG-00899,2024-07-30 10:37:20.546487,9649.34,in,withdrawal,UA,USD
TXN-00003200,SIG-00355,2024-02-11 09:22:45.929067,1993.75,in,payment,NG,JPY
TXN-00008294,SIG-00916,2024-02-07 20:06:38.280784,1588.3,out,card_purchase,KY,USD
TXN-00001290,SIG-00135,2024-09-24 19:39:23.725462,2484.46,in,withdrawal,US,USD
TXN-00004582,SIG-00509,2024-09-14 07:43:47.741308,9691.11,in,atm_withdrawal,US,USD
TXN-00007407,SIG-00826,2024-07-14 09:13:49.946785,2697.47,out,wire,BR,JPY
TXN-00009749,SIG-01080,2024-02-19 16:33:40.651326,7350.51,out,transfer,NG,CHF
TXN-00010403,SIG-01149,2024-05-14 12:51:12.338778,5143.37,out,transfer,US,USD
TXN-00008493,SIG-00940,2024-01-24 11:45:34.017539,2898.65,out,withdrawal,US,USD
TXN-00004107,SIG-00458,2024-03-30 05:32:06.420336,769.44,in,payment,US,USD
TXN-00004127,SIG-00458,2024-04-03 15:35:37.186060,16725.64,in,payment,RU,USD
TXN-00010683,SIG-01179,2024-09-24 08:11:06.560583,1512.81,out,payment,PA,GBP
TXN-00003967,SIG-00442,2024-09-28 09:42:37.202072,5675.09,out,transfer,US,USD
TXN-00001880,SIG-00202,2024-01-28 15:42:47.286675,1039.17,out,withdrawal,US,USD
TXN-00009261,SIG-01026,2024-12-07 10:48:12.504022,7154.47,out,payment,US,USD
TXN-00010138,SIG-01118,2024-05-07 19:22:53.153047,1245.06,out,transfer,AE,GBP
TXN-00006496,SIG-00728,2024-10-18 02:55:42.500396,929.67,in,card_purchase,TR,GBP
TXN-00005458,SIG-00609,2023-12-28 22:45:57.822328,1956.63,out,card_purchase,US,USD
TXN-00007108,SIG-00794,2024-07-31 06:09:43.311519,1134.86,in,payment,US,USD
TXN-00003588,SIG-00400,2024-01-28 00:27:14.041917,808.81,out,withdrawal,US,USD
TXN-00010250,SIG-01131,2024-05-18 05:09:08.742171,1446.47,out,bill_pay,US,USD
TXN-00003866,SIG-00429,2024-10-03 13:26:57.042642,580.62,in,wire,UA,GBP
TXN-00002149,SIG-00234,2024-09-10 07:44:34.491740,1303.79,in,payment,US,USD
TXN-00004132,SIG-00459,2024-03-28 01:51:20.646268,698.37,in,deposit,US,USD
TXN-00001037,SIG-00108,2024-02-29 05:02:25.906679,2940.7,out,card_purchase,US,USD
TXN-00000637,SIG-00064,2024-09-14 18:32:45.424338,4183.79,out,bill_pay,IN,GBP
TXN-00006614,SIG-00741,2024-01-31 00:02:23.385177,1101.04,in,card_purchase,US,USD
TXN-00004135,SIG-00460,2024-02-05 08:22:11.875450,950.41,in,wire,US,USD
TXN-00008463,SIG-00938,2024-10-21 13:28:46.312401,957.18,in,payment,US,USD
TXN-00001084,SIG-00113,2024-06-28 08:23:13.375647,859.04,in,withdrawal,US,USD
TXN-00000862,SIG-00089,2024-08-06 09:24:29.075408,35.03,out,bill_pay,US,USD
TXN-00005213,SIG-00579,2024-07-21 01:50:35.310503,639.99,in,deposit,US,USD
TXN-00000904,SIG-00094,2024-06-05 13:00:10.394778,5179.4,in,wire,PA,CHF
TXN-00000192,SIG-00019,2024-08-07 07:08:39.673866,126.33,out,wire,PA,EUR
TXN-00000110,SIG-00010,2024-08-04 21:28:03.701088,2017.27,out,deposit,RU,CHF
TXN-00006027,SIG-00675,2024-03-09 21:05:16.609295,2232.36,out,wire,US,USD
TXN-00004456,SIG-00494,2024-01-14 21:56:54.891973,536.18,in,deposit,KY,USD
TXN-00001943,SIG-00207,2024-09-28 14:39:21.762934,5305.13,in,wire,US,USD
TXN-00006352,SIG-00712,2024-04-18 11:48:03.060334,2454.05,out,deposit,US,USD
TXN-00004332,SIG-00479,2024-02-14 10:29:26.966912,3255.48,out,bill_pay,US,USD
TXN-00009661,SIG-01068,2024-03-03 11:15:44.948488,398.14,in,payment,US,USD
TXN-00009315,SIG-01031,2024-06-21 06:12:33.372757,7823.81,in,wire,US,USD
TXN-00005928,SIG-00662,2024-06-08 05:26:15.401304,936.32,out,wire,US,USD
TXN-00002041,SIG-00221,2024-06-10 22:35:58.900324,29.21,in,transfer,US,USD
TXN-00010103,SIG-01114,2024-03-26 12:08:50.691249,57.19,in,payment,US,USD
TXN-00008193,SIG-00905,2024-01-01 04:22:53.898717,422.37,out,refund,US,USD
TXN-00004879,SIG-00544,2024-02-15 20:45:26.426892,137.24,in,card_purchase,CN,GBP
TXN-00004660,SIG-00518,2024-08-30 07:44:06.155985,1921.66,out,withdrawal,US,USD
TXN-00007663,SIG-00854,2024-04-12 08:30:33.996932,2698.15,in,refund,US,USD
TXN-00002776,SIG-00305,2024-02-28 08:49:04.213031,258.95,out,transfer,US,USD
TXN-00004146,SIG-00460,2024-01-06 14:15:33.625631,49149.6,in,fx_exchange,US,USD
TXN-00002324,SIG-00254,2024-12-23 02:48:04.477510,828.59,in,payment,US,USD
TXN-00000763,SIG-00079,2024-04-22 21:45:21.001704,3914.02,in,atm_withdrawal,US,USD
TXN-00005922,SIG-00662,2024-06-13 15:09:05.465646,14009.76,in,payment,US,USD
TXN-00002618,SIG-00287,2024-08-04 14:48:44.050249,6777.95,in,deposit,KY,USD
TXN-00002412,SIG-00264,2023-11-18 02:48:32.982925,606.73,out,withdrawal,US,USD
TXN-00001095,SIG-00114,2024-05-31 04:00:12.503248,341.68,in,transfer,BR,CHF
TXN-00006066,SIG-00680,2024-09-18 22:09:12.294468,14035.27,out,transfer,CN,JPY
TXN-00007383,SIG-00823,2024-03-27 12:21:52.925227,7503.57,in,deposit,US,USD
TXN-00004590,SIG-00510,2024-09-03 08:00:46.456269,887.9,in,withdrawal,US,USD
TXN-00006035,SIG-00677,2024-05-14 11:05:42.266626,919.67,out,payment,US,USD
TXN-00010384,SIG-01147,2024-11-11 16:57:57.951498,1583.84,in,card_purchase,US,USD
TXN-00003136,SIG-00351,2023-12-28 13:39:57.536917,1990.73,in,refund,US,USD
TXN-00009659,SIG-01067,2024-06-26 20:00:37.117465,1104.22,in,transfer,US,USD
TXN-00005041,SIG-00562,2024-06-13 04:40:41.907105,319.96,out,card_purchase,PA,EUR
TXN-00010047,SIG-01107,2024-04-15 02:29:56.100735,1931.82,out,deposit,US,USD
TXN-00005429,SIG-00606,2024-09-02 12:50:57.996458,508.33,out,atm_withdrawal,US,USD
TXN-00003806,SIG-00422,2024-06-16 10:22:13.083189,1294.66,in,payment,US,USD
TXN-00000885,SIG-00092,2024-08-29 04:12:50.431252,1189.34,out,atm_withdrawal,US,USD
TXN-00002655,SIG-00291,2024-05-10 20:30:33.629801,1905.37,out,card_purchase,CN,EUR
TXN-00006378,SIG-00715,2024-06-23 10:25:03.652743,10354.53,out,fx_exchange,US,USD
TXN-00007772,SIG-00864,2024-05-25 07:00:46.708200,1294.68,out,card_purchase,US,USD
TXN-00010057,SIG-01108,2023-12-25 09:25:19.529776,4332.09,out,fx_exchange,IN,JPY
TXN-00000465,SIG-00048,2024-01-27 21:59:00.596701,2637.18,out,bill_pay,US,USD
TXN-00008063,SIG-00893,2024-07-09 14:13:46.239777,154.9,out,transfer,US,USD
TXN-00008630,SIG-00955,2024-08-16 20:52:26.952518,11107.7,in,bill_pay,US,USD
TXN-00008937,SIG-00989,2024-01-28 22:30:31.769707,367.29,in,card_purchase,US,USD
TXN-00004275,SIG-00475,2024-09-03 19:01:08.841559,7227.02,out,card_purchase,US,USD
TXN-00005193,SIG-00577,2024-05-16 14:31:09.047627,946.01,out,fx_exchange,KY,GBP
TXN-00007143,SIG-00799,2024-04-06 17:40:04.026127,9228.9,out,bill_pay,US,USD
TXN-00010558,SIG-01165,2024-04-01 06:56:37.190338,1248.92,in,deposit,US,USD
TXN-00005301,SIG-00592,2024-02-07 15:52:01.344668,1413.71,in,payment,US,USD
TXN-00002203,SIG-00241,2024-11-30 14:20:47.639235,5410.6,out,card_purchase,US,USD
TXN-00007303,SIG-00815,2024-05-30 07:38:08.762255,183.12,in,card_purchase,US,USD
TXN-00007609,SIG-00850,2024-06-03 09:46:46.821449,402.62,out,payment,US,USD
TXN-00001263,SIG-00134,2024-03-21 00:14:30.935444,1522.88,out,bill_pay,US,USD
TXN-00007377,SIG-00822,2024-08-20 07:42:05.570124,26.65,out,card_purchase,US,USD
TXN-00000976,SIG-00101,2024-10-27 02:03:48.548245,92.54,in,bill_pay,US,USD
TXN-00009978,SIG-01103,2024-03-28 16:55:10.967894,1137.56,out,withdrawal,KY,GBP
TXN-00005867,SIG-00657,2024-11-11 16:02:28.352639,39822.1,in,withdrawal,US,USD
TXN-00004926,SIG-00550,2024-11-20 19:11:51.871826,339.8,in,withdrawal,US,USD
TXN-00000942,SIG-00099,2024-08-13 20:17:09.350387,1217.42,in,atm_withdrawal,US,USD
TXN-00005264,SIG-00587,2024-04-17 15:28:16.173438,1274.09,out,card_purchase,US,USD
TXN-00004724,SIG-00526,2024-07-14 00:38:44.489964,257.91,out,payment,US,USD
TXN-00002388,SIG-00261,2024-04-14 18:40:01.817038,11190.93,out,withdrawal,AE,JPY
TXN-00010601,SIG-01170,2024-01-27 15:29:02.431301,46.93,out,withdrawal,US,USD
TXN-00005022,SIG-00560,2024-08-01 08:12:27.386439,416.26,in,withdrawal,CN,EUR
TXN-00004392,SIG-00486,2024-04-28 15:08:40.198769,288.61,out,payment,US,USD
TXN-00005149,SIG-00573,2024-03-23 07:05:38.149252,949.04,in,payment,US,USD
TXN-00003222,SIG-00357,2024-08-25 20:23:23.354934,21200.55,out,transfer,PA,GBP
TXN-00003883,SIG-00430,2024-08-21 07:48:34.844385,423.2,in,bill_pay,US,USD
TXN-00006595,SIG-00739,2024-10-25 01:19:59.368832,873.27,out,card_purchase,US,USD
TXN-00010291,SIG-01135,2024-06-26 16:21:41.797527,142.16,in,withdrawal,US,USD
TXN-00007926,SIG-00878,2024-01-17 19:53:06.105665,998.21,in,payment,US,USD
TXN-00007110,SIG-00794,2024-07-15 06:44:39.459310,214.71,out,fx_exchange,US,USD
TXN-00005954,SIG-00665,2024-06-04 21:11:02.313827,1853.26,in,transfer,RU,CHF
TXN-00002790,SIG-00307,2024-08-12 21:48:09.405197,1011.03,out,bill_pay,US,USD
TXN-00000945,SIG-00099,2024-09-07 18:55:05.745830,561.17,out,card_purchase,US,USD
TXN-00009719,SIG-01076,2024-07-13 00:33:10.951489,1857.28,out,transfer,US,USD
TXN-00001858,SIG-00200,2023-12-14 02:16:32.517074,603.55,in,transfer,US,USD
TXN-00009458,SIG-01044,2023-12-24 13:30:31.789544,326.66,out,bill_pay,US,USD
TXN-00004109,SIG-00458,2024-04-11 13:57:31.783039,2394.08,in,card_purchase,US,USD
TXN-00005214,SIG-00579,2024-07-06 03:54:35.030955,421.14,out,deposit,US,USD
TXN-00009282,SIG-01027,2024-10-08 15:40:19.858898,832.72,out,payment,US,USD
TXN-00003256,SIG-00362,2024-06-28 13:01:55.559113,2781.12,out,wire,US,USD
TXN-00002691,SIG-00296,2024-04-17 08:45:01.322250,2331.54,out,bill_pay,US,USD
TXN-00004628,SIG-00514,2024-04-24 13:05:50.631409,100.39,in,card_purchase,US,USD
TXN-00008127,SIG-00899,2024-07-28 07:09:08.474407,1981.11,out,deposit,US,USD
TXN-00001320,SIG-00139,2024-04-27 15:40:25.874585,9367.38,out,wire,US,USD
TXN-00008273,SIG-00914,2024-06-11 17:55:36.643760,1249.55,in,payment,US,USD
TXN-00010763,SIG-01189,2024-12-17 21:07:18.071984,1940.85,out,card_purchase,US,USD
TXN-00005163,SIG-00575,2024-05-05 04:06:12.330169,1577.74,in,deposit,IN,CHF
TXN-00010351,SIG-01143,2024-10-08 16:06:12.661646,946.32,in,atm_withdrawal,US,USD
TXN-00009826,SIG-01085,2024-07-13 13:27:05.379024,103.78,in,refund,US,USD
TXN-00008171,SIG-00903,2024-10-23 05:59:49.605123,439.44,in,wire,US,USD
TXN-00007465,SIG-00833,2024-09-17 11:46:55.347990,152.43,out,atm_withdrawal,TR,GBP
TXN-00003476,SIG-00387,2024-04-12 17:39:09.752500,813.81,in,card_purchase,US,USD
TXN-00003506,SIG-00390,2024-07-31 15:10:22.035954,1162.96,in,payment,US,USD
TXN-00004750,SIG-00530,2024-01-06 08:19:53.470440,2534.13,in,card_purchase,UA,GBP
TXN-00002478,SIG-00271,2024-07-23 20:25:53.511212,464.85,out,atm_withdrawal,US,USD
TXN-00008120,SIG-00898,2024-01-29 16:24:49.217728,2638.5,out,withdrawal,KY,GBP
TXN-00007916,SIG-00877,2024-05-01 15:21:49.785381,235.03,in,wire,US,USD
TXN-00008483,SIG-00939,2024-08-19 06:30:58.394241,788.44,out,atm_withdrawal,US,USD
TXN-00004502,SIG-00500,2024-02-16 10:05:05.418296,8876.45,out,withdrawal,US,USD
TXN-00006419,SIG-00720,2024-04-28 17:38:27.311490,728.64,out,withdrawal,US,USD
TXN-00010746,SIG-01186,2024-01-19 08:33:08.213302,216.39,in,card_purchase,US,USD
TXN-00008084,SIG-00895,2024-03-07 11:40:12.463551,522.0,out,withdrawal,US,USD
TXN-00001875,SIG-00201,2024-12-20 09:35:28.095105,1549.97,out,card_purchase,US,USD
TXN-00009285,SIG-01027,2024-09-21 03:34:59.322040,1062.81,in,payment,US,USD
TXN-00006331,SIG-00710,2024-08-24 22:54:32.362648,2268.9,out,card_purchase,US,USD
TXN-00010290,SIG-01135,2024-06-26 23:41:31.325363,319.5,in,fx_exchange,CN,CHF
TXN-00005097,SIG-00569,2024-01-19 18:40:34.481147,1116.7,out,bill_pay,US,USD
TXN-00002905,SIG-00322,2024-01-13 23:51:51.273720,7298.21,out,payment,US,USD
TXN-00000571,SIG-00058,2024-07-01 04:09:08.576332,41241.68,in,atm_withdrawal,US,USD
TXN-00001449,SIG-00157,2024-04-02 14:41:34.072725,652.95,in,bill_pay,KY,USD
TXN-00007137,SIG-00798,2024-04-17 01:36:58.907056,64.58,in,payment,US,USD
TXN-00008296,SIG-00916,2024-01-29 21:19:34.747732,1654.65,in,deposit,US,USD
TXN-00007591,SIG-00847,2024-04-25 06:19:32.685906,9106.92,in,payment,US,USD
TXN-00008158,SIG-00901,2024-09-04 06:31:42.980226,2438.65,in,payment,US,USD
TXN-00007815,SIG-00867,2024-06-10 21:18:33.395971,2489.92,in,withdrawal,US,USD
TXN-00005842,SIG-00654,2024-09-06 03:49:48.012573,322.83,out,deposit,BR,USD
TXN-00007776,SIG-00864,2024-05-25 10:00:50.797749,12171.21,in,refund,US,USD
TXN-00003227,SIG-00358,2024-11-17 14:47:24.542719,133.43,out,payment,US,USD
TXN-00010617,SIG-01172,2024-04-05 11:17:07.029836,544.84,in,card_purchase,US,USD
TXN-00003979,SIG-00443,2024-01-12 13:35:10.362563,753.0,out,transfer,US,USD
TXN-00004384,SIG-00485,2024-07-27 13:54:02.895380,4688.19,out,deposit,US,USD
TXN-00005835,SIG-00653,2024-12-14 13:42:12.505146,2713.28,in,withdrawal,US,USD
TXN-00010853,SIG-01197,2024-08-07 14:56:55.857452,6873.05,out,atm_withdrawal,BR,CHF
TXN-00008375,SIG-00924,2024-05-01 01:53:39.549756,2160.97,out,deposit,US,USD
TXN-00003540,SIG-00395,2024-01-12 03:56:57.474815,172.3,in,transfer,US,USD
TXN-00008130,SIG-00899,2024-07-31 02:12:03.523276,2260.09,in,withdrawal,US,USD
TXN-00009775,SIG-01081,2024-08-25 06:05:36.990342,9272.76,in,payment,US,USD
TXN-00009700,SIG-01072,2024-07-21 21:27:49.603568,727.53,in,withdrawal,US,USD
TXN-00007022,SIG-00786,2024-05-25 20:09:40.550536,5677.49,out,wire,US,USD
TXN-00005682,SIG-00636,2024-11-25 16:45:42.650146,1253.21,in,withdrawal,US,USD
TXN-00002828,SIG-00313,2024-03-07 19:39:31.948243,1239.31,out,card_purchase,US,USD
TXN-00005781,SIG-00649,2024-06-13 08:02:03.546723,8086.96,in,transfer,US,USD
TXN-00008062,SIG-00893,2024-07-10 18:14:10.464638,5996.1,in,transfer,PA,JPY
TXN-00004997,SIG-00559,2024-01-19 02:57:29.294142,5422.19,in,wire,US,USD
TXN-00001339,SIG-00141,2024-08-16 20:20:18.508921,342.0,out,card_purchase,UA,USD
TXN-00003263,SIG-00362,2024-07-05 15:57:20.812962,7685.24,in,transfer,US,USD
TXN-00007635,SIG-00851,2024-01-11 16:25:59.400967,463.8,in,withdrawal,US,USD
TXN-00007362,SIG-00821,2024-09-19 17:12:41.730377,7906.88,out,atm_withdrawal,US,USD
TXN-00005742,SIG-00643,2023-12-26 18:32:00.741978,273.69,in,deposit,US,USD
TXN-00000651,SIG-00066,2024-02-06 14:06:29.208163,1716.66,out,refund,US,USD
TXN-00006040,SIG-00678,2024-01-22 11:00:39.654884,3512.14,out,deposit,IN,USD
TXN-00002903,SIG-00321,2024-09-09 02:49:56.338827,9795.17,in,withdrawal,US,USD
TXN-00002259,SIG-00247,2024-05-21 22:47:01.780958,1904.43,out,transfer,US,USD
TXN-00005396,SIG-00602,2024-11-05 21:40:07.870732,830.02,in,payment,US,USD
TXN-00010281,SIG-01134,2024-03-04 06:31:51.644311,62.11,in,withdrawal,US,USD
TXN-00007317,SIG-00816,2024-08-12 12:14:39.201302,8157.63,out,wire,RU,USD
TXN-00003522,SIG-00392,2023-12-27 23:07:29.897323,3252.0,out,wire,US,USD
TXN-00002731,SIG-00300,2024-02-19 16:18:17.560174,428.81,out,fx_exchange,US,USD
TXN-00006598,SIG-00739,2024-10-10 22:24:56.341592,1868.32,in,withdrawal,US,USD
TXN-00004479,SIG-00497,2024-05-23 11:10:55.709911,158.44,out,card_purchase,US,USD
TXN-00005661,SIG-00634,2024-07-10 19:42:08.635756,111.22,out,card_purchase,US,USD
TXN-00001597,SIG-00172,2024-06-23 03:45:22.837784,9582.97,in,wire,US,USD
TXN-00000068,SIG-00007,2024-04-27 02:27:23.170183,266.17,out,transfer,US,USD
TXN-00002585,SIG-00283,2024-03-23 14:12:26.309340,3297.89,in,withdrawal,BR,GBP
TXN-00006532,SIG-00731,2024-03-04 15:19:21.712178,19523.77,out,fx_exchange,UA,USD
TXN-00006282,SIG-00705,2024-11-18 10:13:31.338797,1050.64,in,transfer,US,USD
TXN-00003197,SIG-00355,2024-02-25 12:07:27.331475,4847.73,out,deposit,PA,USD
TXN-00007238,SIG-00811,2024-12-02 20:57:39.607221,1087.57,in,withdrawal,US,USD
TXN-00005328,SIG-00595,2023-12-28 20:41:28.573426,1122.46,out,wire,US,USD
TXN-00008666,SIG-00960,2024-09-29 20:33:00.551179,3414.73,in,card_purchase,BR,CHF
TXN-00006453,SIG-00724,2024-03-19 09:04:09.635168,2147.15,in,deposit,PA,JPY
TXN-00001259,SIG-00133,2024-01-08 07:22:57.381442,4472.15,in,fx_exchange,US,USD
TXN-00006340,SIG-00712,2024-04-28 10:49:56.850567,2255.05,out,payment,PA,CHF
TXN-00009292,SIG-01028,2024-01-15 00:45:06.906121,220.34,in,wire,US,USD
TXN-00000992,SIG-00103,2024-10-14 12:15:11.148766,1437.84,out,payment,KY,JPY
TXN-00003505,SIG-00390,2024-07-24 06:17:44.902642,992.71,in,atm_withdrawal,US,USD
TXN-00000114,SIG-00011,2024-01-05 21:21:58.986004,2045.73,in,payment,US,USD
TXN-00000920,SIG-00096,2024-09-14 02:22:00.964891,515.68,in,transfer,US,USD
TXN-00002510,SIG-00275,2024-06-22 11:16:07.825318,74.47,out,payment,US,USD
TXN-00010252,SIG-01131,2024-06-02 06:28:25.222522,97.32,out,deposit,US,USD
TXN-00000166,SIG-00017,2024-10-24 00:40:40.154708,7098.62,in,card_purchase,US,USD
TXN-00006322,SIG-00709,2024-06-15 04:50:32.049366,1670.12,out,payment,US,USD
TXN-00007637,SIG-00851,2024-01-12 08:30:34.197975,495.77,in,payment,US,USD
TXN-00004604,SIG-00510,2024-09-13 07:09:48.693987,2983.01,out,fx_exchange,US,USD
TXN-00007906,SIG-00876,2024-01-13 05:15:54.058293,10644.82,out,deposit,US,USD
TXN-00010870,SIG-01199,2024-09-01 09:04:49.242241,3544.47,out,withdrawal,IN,GBP
TXN-00000950,SIG-00099,2024-07-25 17:28:39.182646,106.95,out,payment,US,USD
TXN-00004595,SIG-00510,2024-09-02 18:16:54.824940,697.99,in,card_purchase,US,USD
TXN-00006863,SIG-00768,2024-10-12 22:02:25.661904,2023.13,in,payment,US,USD
TXN-00003771,SIG-00418,2024-02-17 04:05:24.014759,3869.21,in,transfer,US,USD
TXN-00002507,SIG-00274,2024-09-24 22:26:38.664010,109.32,in,transfer,US,USD
TXN-00005108,SIG-00570,2024-05-05 07:58:08.901708,430.19,in,wire,US,USD
TXN-00002851,SIG-00316,2024-06-13 03:02:06.374539,19885.64,out,transfer,US,USD
TXN-00006001,SIG-00671,2024-08-17 02:27:45.793325,3757.36,in,payment,RU,CHF
TXN-00007764,SIG-00864,2024-06-17 04:02:39.674727,4096.71,in,transfer,US,USD
TXN-00006439,SIG-00722,2024-07-30 03:24:31.747117,1295.67,out,card_purchase,US,USD
TXN-00009076,SIG-01007,2024-05-08 20:40:45.811197,229.86,in,deposit,US,USD
TXN-00004447,SIG-00493,2024-03-18 20:01:01.973630,2656.58,in,transfer,US,USD
TXN-00005795,SIG-00649,2024-06-24 14:52:11.507752,1969.98,in,payment,US,USD
TXN-00004461,SIG-00494,2024-01-18 01:06:44.612411,350.02,in,fx_exchange,AE,EUR
TXN-00008141,SIG-00900,2024-08-21 04:18:36.494702,1873.17,out,atm_withdrawal,UA,CHF
TXN-00002506,SIG-00274,2024-08-08 18:32:57.763800,856.55,out,transfer,US,USD
TXN-00001115,SIG-00117,2024-07-18 14:11:34.800155,1563.17,out,refund,US,USD
TXN-00009155,SIG-01015,2024-02-29 05:19:36.459551,15148.45,in,card_purchase,US,USD
TXN-00000299,SIG-00032,2024-10-25 12:53:05.171559,252.13,in,payment,US,USD
TXN-00001676,SIG-00183,2024-09-28 13:30:42.023603,1106.64,in,deposit,TR,USD
TXN-00003348,SIG-00372,2024-03-02 14:35:31.648781,5700.18,out,wire,US,USD
TXN-00006171,SIG-00693,2024-05-13 09:24:41.252964,5860.29,in,atm_withdrawal,US,USD
TXN-00002736,SIG-00300,2024-02-25 02:22:23.702376,3155.27,in,payment,US,USD
TXN-00005670,SIG-00635,2024-04-01 21:09:24.137324,317.73,out,transfer,US,USD
TXN-00008734,SIG-00968,2024-06-02 00:18:59.493628,1014.22,in,bill_pay,US,USD
TXN-00004989,SIG-00557,2024-11-03 18:47:58.211207,752.98,out,atm_withdrawal,US,USD
TXN-00009813,SIG-01084,2024-03-26 09:00:23.743100,578.64,out,withdrawal,US,USD
TXN-00006975,SIG-00781,2024-03-16 01:34:58.648680,1311.42,in,bill_pay,US,USD
TXN-00010759,SIG-01188,2024-12-02 23:18:59.174126,664.49,out,card_purchase,US,USD
TXN-00004326,SIG-00478,2023-12-31 08:26:26.392865,233.46,out,payment,US,USD
TXN-00008047,SIG-00891,2024-03-28 12:14:28.704117,619.86,out,deposit,US,USD
TXN-00007077,SIG-00791,2024-01-25 20:03:59.011116,1115.81,in,withdrawal,US,USD
TXN-00004551,SIG-00507,2024-03-24 12:29:26.709865,5015.86,in,payment,US,USD
TXN-00007262,SIG-00814,2024-06-06 18:51:38.422333,164.18,out,wire,RU,CHF
TXN-00007529,SIG-00840,2024-04-10 18:01:40.469772,1733.27,in,transfer,US,USD
TXN-00008743,SIG-00968,2024-05-16 23:37:54.592280,316.23,out,wire,US,USD
TXN-00002104,SIG-00228,2024-04-16 04:07:47.994267,5815.36,in,card_purchase,KY,GBP
TXN-00005337,SIG-00596,2024-07-21 22:51:40.850501,18312.58,in,withdrawal,US,USD
TXN-00010198,SIG-01124,2024-04-13 23:22:24.667201,1771.78,out,wire,US,USD
TXN-00008089,SIG-00895,2024-03-05 09:52:40.056421,213.14,in,card_purchase,US,USD
TXN-00008537,SIG-00945,2024-04-07 17:47:07.976629,774.96,in,card_purchase,US,USD
TXN-00001838,SIG-00198,2024-11-16 19:45:34.719534,1087.71,in,deposit,US,USD
TXN-00008777,SIG-00973,2024-08-16 05:11:04.456074,665.33,in,payment,US,USD
TXN-00009072,SIG-01007,2024-05-08 03:33:46.372000,230.53,out,card_purchase,BR,JPY
TXN-00010310,SIG-01138,2024-07-31 05:08:50.651617,246.67,in,fx_exchange,US,USD
TXN-00005711,SIG-00638,2024-11-27 12:22:32.089704,121.09,in,card_purchase,US,USD
TXN-00000608,SIG-00061,2024-04-05 06:22:24.319176,2088.72,out,withdrawal,US,USD
TXN-00007221,SIG-00810,2024-09-29 21:18:47.522532,2077.19,out,card_purchase,US,USD
TXN-00001094,SIG-00114,2024-05-28 15:01:11.748826,9701.77,out,atm_withdrawal,UA,USD
TXN-00006514,SIG-00729,2024-03-03 16:22:18.120316,690.31,out,deposit,RU,CHF
TXN-00007567,SIG-00844,2024-02-16 20:27:30.046259,445.41,in,deposit,US,USD
TXN-00009779,SIG-01082,2024-05-29 16:27:50.430135,971.7,in,payment,US,USD
TXN-00004488,SIG-00498,2024-08-28 22:31:33.858576,707.74,out,payment,CN,CHF
TXN-00000161,SIG-00017,2024-10-24 15:50:52.327595,30336.4,out,bill_pay,US,USD
TXN-00000204,SIG-00020,2024-11-29 03:06:42.895411,619.13,in,card_purchase,US,USD
TXN-00003941,SIG-00440,2024-09-05 06:30:45.019238,890.29,in,payment,US,USD
TXN-00007056,SIG-00789,2024-10-08 18:57:39.784932,3041.78,in,deposit,US,USD
TXN-00006104,SIG-00685,2024-07-08 14:44:35.496832,1464.77,in,payment,TR,CHF
TXN-00004934,SIG-00551,2023-12-15 17:39:16.986889,773.05,in,deposit,US,USD
TXN-00002935,SIG-00326,2024-09-08 15:46:48.311109,1087.38,in,wire,US,USD
TXN-00001815,SIG-00197,2024-03-11 22:52:26.776195,524.33,out,refund,US,USD
TXN-00002436,SIG-00268,2024-01-16 12:42:30.479549,1998.29,in,wire,US,USD
TXN-00001231,SIG-00130,2024-06-19 03:02:39.074400,753.47,out,payment,NG,EUR
TXN-00009465,SIG-01044,2023-12-07 14:16:47.260025,2194.38,out,card_purchase,NG,CHF
TXN-00003047,SIG-00339,2024-05-17 09:36:46.958647,440.08,out,atm_withdrawal,US,USD
TXN-00005706,SIG-00637,2024-06-05 17:11:06.357897,28015.31,in,bill_pay,TR,CHF
TXN-00010525,SIG-01161,2024-01-04 10:11:32.588669,945.52,in,card_purchase,US,USD
TXN-00006860,SIG-00768,2024-10-16 23:08:22.180426,2495.54,in,card_purchase,US,USD
TXN-00009900,SIG-01094,2024-03-07 09:08:51.969110,597.72,out,payment,US,USD
TXN-00007659,SIG-00854,2024-04-15 07:39:05.286983,847.7,out,transfer,US,USD
TXN-00004252,SIG-00472,2024-09-14 06:50:28.132283,554.58,out,refund,PA,JPY
TXN-00006112,SIG-00686,2024-10-26 19:28:55.306582,4222.41,in,fx_exchange,US,USD
TXN-00010801,SIG-01192,2024-05-31 14:26:39.633020,5049.49,in,deposit,US,USD
TXN-00006205,SIG-00697,2024-03-01 11:22:34.537962,427.18,in,atm_withdrawal,US,USD
TXN-00003294,SIG-00365,2024-07-22 12:36:54.876084,5924.66,in,payment,US,USD
TXN-00004035,SIG-00450,2024-03-24 19:02:39.638579,2121.86,out,deposit,US,USD
TXN-00002726,SIG-00299,2024-04-14 06:41:09.331923,570.04,in,transfer,BR,JPY
TXN-00004291,SIG-00476,2024-11-20 01:11:52.138809,93.24,in,atm_withdrawal,IN,CHF
TXN-00004335,SIG-00479,2024-02-13 23:41:21.187303,1294.89,in,payment,US,USD
TXN-00009831,SIG-01086,2024-09-18 08:01:38.724341,2008.94,in,bill_pay,US,USD
TXN-00003878,SIG-00430,2024-08-08 05:26:18.432439,379.01,out,bill_pay,US,USD
TXN-00006206,SIG-00697,2024-03-16 15:59:57.153442,2313.47,out,bill_pay,US,USD
TXN-00006519,SIG-00730,2024-01-11 10:49:38.770622,2316.45,out,atm_withdrawal,KY,JPY
TXN-00010582,SIG-01168,2024-10-01 11:34:01.680798,127.53,out,withdrawal,US,USD
TXN-00004754,SIG-00531,2024-05-06 11:48:59.086250,234.91,out,transfer,RU,GBP
TXN-00004887,SIG-00544,2024-02-19 20:19:30.613354,10048.03,in,fx_exchange,US,USD
TXN-00000858,SIG-00089,2024-07-23 10:30:01.767212,295.06,out,transfer,US,USD
TXN-00000371,SIG-00038,2024-09-16 22:24:55.573190,1861.39,in,card_purchase,US,USD
TXN-00010469,SIG-01157,2024-01-15 19:25:29.890603,426.82,in,payment,US,USD
TXN-00002562,SIG-00281,2024-11-25 22:14:58.177402,2077.05,in,card_purchase,US,USD
TXN-00003802,SIG-00421,2024-02-25 05:36:53.966205,501.29,in,card_purchase,BR,CHF
TXN-00002641,SIG-00290,2024-01-12 16:57:18.012387,1155.08,out,transfer,US,USD
TXN-00005456,SIG-00609,2023-12-18 10:39:34.274716,1009.27,out,card_purchase,US,USD
TXN-00006720,SIG-00751,2024-11-03 03:55:35.132186,616.01,out,payment,US,USD
TXN-00004491,SIG-00499,2024-02-14 03:05:18.088501,4411.68,out,transfer,RU,USD
TXN-00002348,SIG-00257,2024-02-15 04:30:29.711700,4472.31,out,refund,US,USD
TXN-00000650,SIG-00066,2024-02-08 11:01:27.560611,1276.56,out,payment,US,USD
TXN-00002782,SIG-00306,2024-05-08 00:06:58.781420,127.93,in,bill_pay,US,USD
TXN-00006783,SIG-00758,2024-02-23 21:46:48.976862,2573.79,out,transfer,US,USD
TXN-00009317,SIG-01031,2024-06-22 06:45:45.164902,7321.14,in,deposit,KY,CHF
TXN-00010816,SIG-01193,2024-06-05 21:40:39.232952,3272.95,in,deposit,PA,USD
TXN-00005945,SIG-00664,2024-02-07 05:20:42.468424,4222.64,out,card_purchase,US,USD
TXN-00006876,SIG-00769,2024-11-23 14:07:18.907889,16374.64,in,withdrawal,US,USD
TXN-00000616,SIG-00062,2024-08-08 10:13:41.412600,824.56,in,withdrawal,RU,EUR
TXN-00009207,SIG-01019,2024-08-20 10:52:17.725228,1313.59,out,payment,CN,EUR
TXN-00002576,SIG-00282,2024-03-22 14:18:53.208771,335.03,out,atm_withdrawal,US,USD
TXN-00000054,SIG-00006,2024-06-06 12:28:07.123687,735.63,in,card_purchase,US,USD
TXN-00007448,SIG-00831,2024-02-17 15:18:48.890235,108.97,in,payment,US,USD
TXN-00003341,SIG-00371,2024-11-04 04:40:42.129922,959.11,out,deposit,US,USD
TXN-00008299,SIG-00916,2024-01-27 06:14:36.318429,551.19,in,wire,KY,USD
TXN-00001706,SIG-00186,2024-11-08 06:34:29.378786,437.31,out,withdrawal,US,USD
TXN-00009881,SIG-01092,2024-05-11 08:53:11.697713,159.83,out,refund,US,USD
TXN-00006559,SIG-00734,2024-02-20 17:04:46.188408,1956.38,out,payment,IN,EUR
TXN-00001494,SIG-00161,2024-03-14 05:22:00.881734,801.63,out,transfer,US,USD
TXN-00005877,SIG-00657,2024-11-10 10:11:10.696465,43426.92,out,card_purchase,US,USD
TXN-00010855,SIG-01197,2024-07-30 10:50:37.257516,1092.46,out,wire,US,USD
TXN-00006760,SIG-00756,2024-08-29 02:46:05.586331,2402.38,in,wire,BR,JPY
TXN-00000804,SIG-00084,2024-10-02 07:25:27.644886,1022.05,out,card_purchase,US,USD
TXN-00004954,SIG-00553,2024-08-26 09:03:11.462441,3301.12,in,payment,US,USD
TXN-00001813,SIG-00197,2024-03-19 05:01:21.071086,1332.65,out,card_purchase,US,USD
TXN-00008337,SIG-00920,2024-11-26 08:14:13.082569,601.19,in,deposit,NG,EUR
TXN-00000991,SIG-00103,2024-10-13 03:58:48.414595,1646.76,out,deposit,US,USD
TXN-00002775,SIG-00305,2024-02-10 01:42:28.487543,996.67,in,payment,US,USD
TXN-00008588,SIG-00950,2023-11-12 17:10:30.747711,2655.23,out,withdrawal,US,USD
TXN-00007673,SIG-00855,2024-02-27 00:09:45.085378,1769.12,in,payment,US,USD
TXN-00003514,SIG-00392,2023-12-15 20:39:24.024068,16505.21,out,transfer,NG,EUR
TXN-00008035,SIG-00889,2024-08-01 23:16:22.092288,312.63,in,atm_withdrawal,US,USD
TXN-00009158,SIG-01015,2024-03-01 13:35:42.446670,352.04,out,card_purchase,US,USD
TXN-00000220,SIG-00020,2024-12-09 08:43:59.896446,6255.23,out,payment,CN,CHF
TXN-00009958,SIG-01100,2024-05-22 18:04:02.736844,1349.49,in,payment,US,USD
TXN-00001289,SIG-00135,2024-10-10 16:40:27.398662,287.72,in,payment,US,USD
TXN-00003164,SIG-00353,2024-07-01 18:51:12.789917,1586.46,in,payment,US,USD
TXN-00004679,SIG-00520,2024-08-17 19:30:51.927486,13350.82,out,transfer,RU,EUR
TXN-00002619,SIG-00287,2024-08-22 14:37:29.829822,2467.0,in,deposit,US,USD
TXN-00003613,SIG-00402,2024-02-15 02:21:00.362555,2421.96,in,withdrawal,US,USD
TXN-00000044,SIG-00005,2024-03-13 17:48:42.052827,340.29,out,atm_withdrawal,US,USD
TXN-00008741,SIG-00968,2024-05-24 10:03:59.666083,3052.76,out,deposit,US,USD
TXN-00009381,SIG-01035,2024-05-19 23:09:21.216659,549.66,out,card_purchase,US,USD
TXN-00003793,SIG-00420,2024-12-14 17:10:15.468348,1673.85,in,atm_withdrawal,US,USD
TXN-00003572,SIG-00397,2024-07-26 09:01:52.808104,1418.88,in,withdrawal,US,USD
TXN-00010873,SIG-01199,2024-09-13 18:22:43.064683,1345.8,out,payment,US,USD
TXN-00001504,SIG-00162,2024-10-04 23:40:20.229300,1076.22,out,wire,US,USD
TXN-00006670,SIG-00745,2024-09-11 06:57:04.151584,4428.45,in,payment,US,USD
TXN-00010709,SIG-01183,2024-11-23 19:50:04.100578,789.97,out,transfer,US,USD
TXN-00003440,SIG-00384,2024-10-10 06:23:36.029691,606.46,in,fx_exchange,CN,USD
TXN-00001893,SIG-00203,2024-11-18 12:10:36.897742,1806.39,out,deposit,US,USD
TXN-00010506,SIG-01159,2024-11-19 01:01:32.602516,2867.5,in,payment,US,USD
TXN-00010165,SIG-01122,2024-11-07 16:12:02.650676,9229.58,in,withdrawal,US,USD
TXN-00005256,SIG-00586,2024-01-14 09:58:55.674986,3223.18,out,refund,KY,JPY
TXN-00001956,SIG-00208,2024-12-01 06:39:45.605313,399.8,out,wire,IN,CHF
TXN-00005168,SIG-00575,2024-05-10 04:59:14.302937,462.84,out,fx_exchange,US,USD
TXN-00004815,SIG-00538,2024-11-17 17:41:01.515547,859.26,out,atm_withdrawal,US,USD
TXN-00007493,SIG-00837,2024-09-21 19:51:16.867326,2285.68,out,card_purchase,US,USD
TXN-00006461,SIG-00725,2024-08-26 23:02:31.264779,233.35,in,payment,US,USD
TXN-00001506,SIG-00162,2024-10-21 22:00:05.980114,1491.94,in,wire,US,USD
TXN-00000671,SIG-00070,2024-04-25 08:01:17.396882,9124.18,out,withdrawal,US,USD
TXN-00009718,SIG-01076,2024-06-29 19:47:43.911421,585.82,in,withdrawal,US,USD
TXN-00001086,SIG-00113,2024-07-24 12:24:19.506303,176.53,in,transfer,US,USD
TXN-00000898,SIG-00094,2024-06-03 00:05:07.254761,5359.47,out,bill_pay,US,USD
TXN-00007390,SIG-00824,2024-05-02 22:23:10.497681,19035.15,out,refund,US,USD
TXN-00006240,SIG-00701,2024-04-09 01:12:08.943941,451.65,out,payment,US,USD
TXN-00002667,SIG-00293,2024-09-13 04:35:37.364602,382.32,out,atm_withdrawal,US,USD
TXN-00003194,SIG-00355,2024-02-20 16:38:33.731505,3457.26,in,payment,US,USD
TXN-00002891,SIG-00320,2024-08-11 04:32:24.726656,278.58,in,deposit,US,USD
TXN-00006004,SIG-00671,2024-08-18 08:17:18.584668,1009.98,out,fx_exchange,KY,CHF
TXN-00008347,SIG-00921,2024-11-22 18:32:08.676361,341.05,in,card_purchase,US,USD
TXN-00006827,SIG-00763,2024-10-28 06:39:09.272193,2800.03,out,payment,US,USD
TXN-00002622,SIG-00288,2024-10-14 23:47:29.513031,1259.35,in,card_purchase,AE,EUR
TXN-00006203,SIG-00696,2024-04-30 12:57:02.951990,21410.88,out,payment,US,USD
TXN-00007190,SIG-00805,2024-12-02 13:28:35.184240,271.71,in,payment,US,USD
TXN-00007371,SIG-00822,2024-08-12 01:22:27.176217,4458.28,out,payment,IN,CHF
TXN-00007128,SIG-00797,2024-10-20 00:00:57.785104,1040.92,out,bill_pay,US,USD
TXN-00005814,SIG-00651,2024-02-01 20:28:38.232981,1305.68,in,transfer,US,USD
TXN-00000003,SIG-00001,2024-04-16 01:19:01.570100,2255.04,out,payment,US,USD
TXN-00005971,SIG-00667,2024-10-05 19:01:56.957925,710.02,in,deposit,US,USD
TXN-00002371,SIG-00259,2024-02-18 18:12:01.684925,7272.95,out,transfer,TR,USD
TXN-00003805,SIG-00422,2024-06-20 04:25:56.194497,2046.84,in,atm_withdrawal,US,USD
TXN-00001770,SIG-00192,2024-04-05 18:23:34.038172,929.76,out,card_purchase,US,USD
TXN-00009272,SIG-01026,2024-12-12 14:53:17.666414,1177.79,in,wire,US,USD
TXN-00007211,SIG-00808,2024-05-26 15:25:03.496511,313.31,out,payment,US,USD
TXN-00006080,SIG-00682,2024-02-06 10:33:39.544052,6755.65,in,payment,IN,EUR
TXN-00000532,SIG-00054,2024-05-31 10:58:17.699713,3931.84,in,wire,US,USD
TXN-00009409,SIG-01038,2024-10-12 00:46:53.866970,526.25,out,deposit,US,USD
TXN-00009437,SIG-01040,2024-05-27 16:36:27.234896,558.24,out,bill_pay,US,USD
TXN-00006477,SIG-00727,2024-08-12 15:04:44.072434,414.62,out,bill_pay,NG,CHF
TXN-00008629,SIG-00955,2024-09-05 04:47:19.686868,718.4,out,refund,US,USD
TXN-00007269,SIG-00814,2024-06-09 17:23:44.688429,1437.9,in,wire,US,USD
TXN-00003121,SIG-00348,2024-11-09 04:18:08.680375,201.53,out,card_purchase,US,USD
TXN-00009841,SIG-01087,2024-06-25 13:00:24.215902,747.66,out,deposit,US,USD
TXN-00006260,SIG-00703,2024-01-08 08:01:53.075365,3634.61,out,atm_withdrawal,TR,CHF
TXN-00000732,SIG-00077,2024-02-13 10:33:43.544175,143.91,out,payment,US,USD
TXN-00003407,SIG-00379,2024-05-09 15:00:39.987569,276.22,out,refund,US,USD
TXN-00002340,SIG-00256,2024-07-27 21:57:38.575163,1924.76,out,payment,US,USD
TXN-00005992,SIG-00670,2024-03-27 16:24:36.436798,285.97,out,refund,BR,JPY
TXN-00006329,SIG-00710,2024-08-27 06:56:24.277971,349.65,in,withdrawal,US,USD
TXN-00010183,SIG-01123,2024-02-10 20:20:39.960961,13018.67,out,transfer,US,USD
TXN-00008883,SIG-00981,2024-04-14 06:04:12.118435,605.84,out,bill_pay,US,USD
TXN-00002566,SIG-00281,2024-11-27 22:52:52.773447,1980.03,out,payment,NG,USD
TXN-00002582,SIG-00283,2024-03-16 21:34:19.006164,689.08,in,payment,US,USD
TXN-00008934,SIG-00989,2024-01-18 03:34:07.729691,422.44,out,transfer,US,USD
TXN-00008030,SIG-00889,2024-08-01 16:10:40.858129,1848.07,in,wire,US,USD
TXN-00008282,SIG-00915,2024-11-27 18:12:47.824557,1247.28,out,atm_withdrawal,US,USD
TXN-00007093,SIG-00793,2024-12-10 07:44:56.651243,327.08,in,deposit,US,USD
TXN-00008029,SIG-00888,2024-05-01 10:55:28.104136,1203.32,out,payment,US,USD
TXN-00009791,SIG-01083,2024-05-25 20:08:38.058258,1973.69,in,deposit,US,USD
TXN-00001256,SIG-00133,2024-01-06 07:46:24.073372,908.04,out,fx_exchange,US,USD
TXN-00002105,SIG-00228,2024-04-12 03:32:55.020597,2522.16,in,bill_pay,US,USD
TXN-00008055,SIG-00893,2024-07-05 11:11:13.726485,8217.69,out,withdrawal,RU,JPY
TXN-00008006,SIG-00886,2024-11-24 15:29:06.475888,16575.94,out,transfer,US,USD
TXN-00007446,SIG-00830,2024-04-02 00:31:15.874591,4360.28,out,deposit,US,USD
TXN-00009979,SIG-01103,2024-04-03 21:57:31.184886,4177.27,out,transfer,US,USD
TXN-00004995,SIG-00558,2024-10-21 00:21:06.900341,526.33,in,deposit,US,USD
TXN-00009785,SIG-01082,2024-06-07 10:09:49.822574,3138.7,in,payment,AE,GBP
TXN-00008369,SIG-00923,2024-02-11 16:52:01.553494,938.71,out,payment,PA,USD
TXN-00005058,SIG-00564,2024-08-20 00:44:15.731344,3134.27,out,card_purchase,US,USD
TXN-00008691,SIG-00962,2024-07-15 00:46:32.246741,15496.76,in,card_purchase,RU,EUR
TXN-00004435,SIG-00491,2024-07-29 05:08:56.239422,1054.68,in,atm_withdrawal,US,USD
TXN-00003485,SIG-00388,2024-09-28 21:46:00.183247,19178.88,out,payment,US,USD
TXN-00010350,SIG-01143,2024-10-18 20:12:44.489841,2075.42,out,atm_withdrawal,BR,CHF
TXN-00005319,SIG-00594,2024-09-07 11:57:08.647280,683.49,out,card_purchase,US,USD
TXN-00003817,SIG-00423,2024-07-15 03:42:18.432449,3004.42,in,wire,IN,USD
TXN-00006865,SIG-00768,2024-09-29 11:33:34.506312,2030.85,out,deposit,US,USD
TXN-00009714,SIG-01074,2024-11-25 14:44:51.675115,830.82,out,wire,RU,JPY
TXN-00002547,SIG-00279,2024-10-13 00:36:13.809880,916.2,in,transfer,US,USD
TXN-00009628,SIG-01064,2024-04-17 04:58:50.152753,521.88,in,deposit,KY,EUR
TXN-00006480,SIG-00727,2024-08-07 06:38:50.564813,3121.48,out,wire,US,USD
TXN-00001622,SIG-00175,2023-12-26 21:51:59.148926,481.41,in,fx_exchange,US,USD
TXN-00010272,SIG-01134,2024-03-06 11:39:17.791679,2345.66,out,withdrawal,US,USD
TXN-00007543,SIG-00842,2024-06-10 03:13:51.971629,1161.84,in,card_purchase,CN,EUR
TXN-00007468,SIG-00833,2024-09-24 10:50:27.743114,326.26,in,bill_pay,US,USD
TXN-00009713,SIG-01074,2024-11-29 17:59:38.292672,5232.46,out,payment,US,USD
TXN-00001097,SIG-00115,2024-05-11 03:31:53.622499,2713.46,in,card_purchase,IN,GBP
TXN-00007610,SIG-00850,2024-06-13 14:27:14.551278,8282.46,in,fx_exchange,US,USD
TXN-00010036,SIG-01106,2024-02-01 15:00:57.384383,252.88,out,withdrawal,US,USD
TXN-00010338,SIG-01141,2024-08-08 05:49:10.489073,965.73,in,bill_pay,US,USD
TXN-00008125,SIG-00899,2024-07-30 06:10:44.150789,3439.14,out,transfer,US,USD
TXN-00002464,SIG-00270,2024-02-06 00:27:19.120975,355.35,out,atm_withdrawal,US,USD
TXN-00009642,SIG-01066,2024-10-09 13:25:14.742895,2223.23,in,deposit,US,USD
TXN-00003701,SIG-00411,2024-08-05 12:26:31.998034,145.57,out,card_purchase,US,USD
TXN-00001789,SIG-00194,2024-10-26 13:11:15.838512,2196.33,in,transfer,US,USD
TXN-00000251,SIG-00025,2024-01-06 03:29:21.012641,319.4,in,deposit,US,USD
TXN-00006315,SIG-00708,2024-12-13 06:40:02.564793,7706.83,in,withdrawal,US,USD
TXN-00009550,SIG-01054,2024-09-06 05:29:21.056981,3554.16,out,fx_exchange,US,USD
TXN-00007406,SIG-00826,2024-07-16 17:17:29.534748,381.38,out,wire,US,USD
TXN-00009358,SIG-01033,2024-09-24 21:48:23.099492,3566.49,in,card_purchase,US,USD
TXN-00000193,SIG-00019,2024-08-05 06:02:07.812915,1008.8,in,transfer,CN,USD
TXN-00000821,SIG-00085,2024-01-31 22:21:48.642477,1036.69,in,wire,US,USD
TXN-00010496,SIG-01158,2024-02-11 10:44:41.644741,20342.7,out,card_purchase,US,USD
TXN-00006849,SIG-00765,2024-10-02 16:25:46.350816,1813.43,in,payment,US,USD
TXN-00008396,SIG-00927,2023-12-27 16:09:42.527553,1115.54,out,payment,US,USD
TXN-00006850,SIG-00766,2024-01-23 23:37:30.728948,4238.16,in,deposit,US,USD
TXN-00004401,SIG-00487,2024-12-15 06:07:41.613829,4780.61,in,withdrawal,US,USD
TXN-00008304,SIG-00916,2024-02-08 12:17:19.192249,4110.69,out,transfer,US,USD
TXN-00005389,SIG-00601,2024-06-18 07:07:21.660533,1291.51,out,withdrawal,US,USD
TXN-00004167,SIG-00462,2024-02-27 08:04:53.752977,2639.27,in,deposit,US,USD
TXN-00008829,SIG-00977,2024-07-24 14:07:17.608048,21815.61,out,fx_exchange,US,USD
TXN-00004952,SIG-00553,2024-09-17 13:40:56.211229,569.76,in,withdrawal,AE,CHF
TXN-00002688,SIG-00296,2024-04-10 11:03:57.132329,3640.41,in,deposit,US,USD
TXN-00004391,SIG-00485,2024-07-08 19:07:12.625109,144.34,out,transfer,AE,JPY
TXN-00007019,SIG-00786,2024-05-27 15:06:44.729168,3922.91,out,deposit,AE,GBP
TXN-00008846,SIG-00979,2024-04-03 03:59:00.473042,702.36,in,payment,PA,USD
TXN-00004928,SIG-00550,2024-11-22 08:36:44.484316,682.67,in,card_purchase,US,USD
TXN-00008056,SIG-00893,2024-07-11 05:45:35.675383,3085.87,in,transfer,US,USD
TXN-00005553,SIG-00619,2024-01-20 21:52:23.244596,542.5,in,payment,US,USD
TXN-00002608,SIG-00286,2024-11-10 23:54:25.832592,676.33,out,wire,US,USD
TXN-00008546,SIG-00946,2024-10-21 11:22:37.701954,895.08,in,atm_withdrawal,US,USD
TXN-00000239,SIG-00022,2024-12-13 14:34:02.298921,980.96,in,payment,US,USD
TXN-00004016,SIG-00448,2024-06-23 07:48:25.666520,981.23,in,wire,CN,CHF
TXN-00010099,SIG-01113,2024-01-30 06:37:16.668787,654.3,in,atm_withdrawal,US,USD
TXN-00002978,SIG-00332,2024-10-18 23:04:33.379722,4224.51,in,card_purchase,US,USD
TXN-00007732,SIG-00860,2024-03-03 16:26:49.602832,558.52,out,atm_withdrawal,PA,JPY
TXN-00008108,SIG-00897,2024-07-10 19:50:33.572887,517.0,in,card_purchase,US,USD
TXN-00009480,SIG-01046,2024-01-28 16:05:58.168023,200.3,in,transfer,AE,CHF
TXN-00005474,SIG-00610,2024-05-17 01:52:10.970368,622.37,out,atm_withdrawal,US,USD
TXN-00000946,SIG-00099,2024-07-29 20:43:44.020544,1892.94,out,withdrawal,NG,JPY
TXN-00007670,SIG-00855,2024-02-21 18:56:42.894460,632.96,in,payment,KY,CHF
TXN-00008665,SIG-00960,2024-09-29 09:00:52.252189,476.95,in,transfer,US,USD
TXN-00005098,SIG-00569,2024-01-30 22:28:36.758371,1278.32,in,deposit,US,USD
TXN-00007882,SIG-00875,2024-04-03 03:49:43.258303,181.51,out,withdrawal,US,USD
TXN-00006056,SIG-00679,2024-10-02 12:43:36.333929,4742.65,out,transfer,US,USD
TXN-00006474,SIG-00727,2024-07-27 15:53:46.109329,2656.25,out,fx_exchange,US,USD
TXN-00008140,SIG-00900,2024-08-18 10:22:25.462012,638.9,in,withdrawal,US,USD
TXN-00006959,SIG-00777,2024-07-05 23:18:00.359015,502.61,in,payment,US,USD
TXN-00003553,SIG-00396,2024-05-11 14:30:59.372344,2839.92,in,atm_withdrawal,US,USD
TXN-00010861,SIG-01197,2024-08-09 02:19:53.068135,4298.7,in,withdrawal,US,USD
TXN-00003361,SIG-00373,2024-08-03 12:16:36.418730,188.42,out,card_purchase,US,USD
TXN-00010436,SIG-01153,2023-11-25 20:03:06.485757,2930.77,out,deposit,US,USD
TXN-00005629,SIG-00628,2024-03-21 13:57:07.674774,180.52,in,fx_exchange,US,USD
TXN-00002411,SIG-00264,2023-12-19 11:36:17.802845,748.39,in,deposit,US,USD
TXN-00005784,SIG-00649,2024-06-16 20:37:25.390166,2727.95,out,card_purchase,US,USD
TXN-00004508,SIG-00502,2024-03-27 02:18:56.015938,570.85,in,card_purchase,US,USD
TXN-00009221,SIG-01021,2024-12-01 08:25:42.672371,3739.29,in,transfer,US,USD
TXN-00003983,SIG-00444,2024-06-09 12:57:27.673656,541.39,out,payment,US,USD
TXN-00006966,SIG-00778,2024-04-05 22:54:57.896265,12669.38,out,payment,US,USD
TXN-00000147,SIG-00015,2024-10-07 08:39:50.163033,2488.72,out,deposit,US,USD
TXN-00010095,SIG-01113,2024-01-29 04:50:56.542295,6674.11,out,card_purchase,US,USD
TXN-00002295,SIG-00251,2024-03-16 19:42:07.885531,1671.7,out,deposit,US,USD
TXN-00002254,SIG-00247,2024-05-22 00:51:25.539721,684.86,out,withdrawal,US,USD
TXN-00003612,SIG-00402,2024-02-15 09:05:16.384484,1895.12,out,payment,US,USD
TXN-00005354,SIG-00598,2023-12-18 22:36:44.491394,3529.63,in,wire,US,USD
TXN-00001737,SIG-00188,2024-02-16 00:54:06.221284,4466.25,out,refund,AE,USD
TXN-00007025,SIG-00786,2024-05-12 18:32:14.134219,599.52,in,transfer,US,USD
TXN-00008684,SIG-00962,2024-07-22 08:51:14.127574,3869.48,out,wire,US,USD
TXN-00000115,SIG-00011,2024-01-18 01:42:15.386981,129.64,out,card_purchase,US,USD
TXN-00009670,SIG-01069,2024-10-06 12:13:32.622258,505.84,in,payment,UA,JPY
TXN-00006127,SIG-00687,2024-11-15 08:39:24.592557,1450.6,out,card_purchase,US,USD
TXN-00006780,SIG-00757,2024-02-20 03:46:39.857673,371.14,in,atm_withdrawal,US,USD
TXN-00010331,SIG-01140,2024-03-30 07:16:01.605566,1506.36,out,card_purchase,US,USD
TXN-00000499,SIG-00051,2024-07-24 03:30:17.343931,2583.45,out,card_purchase,US,USD
TXN-00006560,SIG-00734,2024-02-12 13:06:47.309833,861.33,out,deposit,US,USD
TXN-00006379,SIG-00715,2024-06-22 18:00:38.358169,724.12,out,card_purchase,CN,EUR
TXN-00004734,SIG-00528,2024-06-24 08:07:54.326213,4188.87,in,bill_pay,UA,EUR
TXN-00000721,SIG-00076,2024-10-13 10:55:06.097940,2129.85,in,card_purchase,US,USD
TXN-00004385,SIG-00485,2024-07-28 22:22:08.994283,2034.41,out,transfer,US,USD
TXN-00009651,SIG-01066,2024-10-01 01:13:42.237402,6109.0,in,wire,US,USD
TXN-00006866,SIG-00768,2024-10-09 13:30:17.596148,3193.73,in,payment,US,USD
TXN-00010329,SIG-01140,2024-03-02 04:24:07.628140,2319.86,in,card_purchase,BR,CHF
TXN-00003090,SIG-00344,2024-05-08 14:55:35.314432,196.32,in,card_purchase,US,USD
TXN-00008409,SIG-00929,2024-02-13 09:17:26.767746,2488.48,out,card_purchase,US,USD
TXN-00000485,SIG-00050,2024-01-27 23:47:15.798714,16033.44,in,deposit,NG,GBP
TXN-00009865,SIG-01090,2024-06-26 19:16:02.517402,1604.42,in,card_purchase,US,USD
TXN-00000597,SIG-00060,2024-11-30 02:39:30.028782,3950.79,out,refund,IN,USD
TXN-00009914,SIG-01096,2024-04-17 06:43:15.980259,1123.92,out,bill_pay,US,USD
TXN-00007291,SIG-00814,2024-07-06 01:54:36.707189,463.05,in,refund,US,USD
TXN-00007245,SIG-00812,2024-02-18 08:29:47.673426,2070.58,out,payment,US,USD
TXN-00005165,SIG-00575,2024-05-19 13:40:00.924957,170.21,out,wire,US,USD
TXN-00009972,SIG-01103,2024-03-27 17:21:20.460286,11982.99,in,transfer,TR,GBP
TXN-00001648,SIG-00179,2024-08-02 23:48:01.245894,687.48,in,deposit,US,USD
TXN-00007332,SIG-00818,2024-02-25 10:20:23.940433,2665.31,in,transfer,US,USD
TXN-00008234,SIG-00910,2024-02-27 02:45:43.836212,4239.33,out,bill_pay,US,USD
TXN-00002701,SIG-00297,2024-01-05 12:14:51.005671,866.91,out,deposit,US,USD
TXN-00008522,SIG-00943,2024-07-29 07:30:24.433018,268.9,in,deposit,TR,CHF
TXN-00001701,SIG-00186,2024-11-10 08:21:32.958375,2451.45,out,card_purchase,US,USD
TXN-00009757,SIG-01081,2024-08-12 11:03:11.363065,983.84,in,transfer,US,USD
TXN-00005405,SIG-00603,2024-02-11 08:18:00.786601,1877.35,out,deposit,US,USD
TXN-00008405,SIG-00928,2024-04-12 05:11:10.780204,1614.42,in,transfer,TR,EUR
TXN-00008651,SIG-00958,2024-01-25 04:26:32.760592,723.22,in,atm_withdrawal,US,USD
TXN-00002943,SIG-00327,2023-12-19 10:15:52.011695,6966.0,in,transfer,US,USD
TXN-00006558,SIG-00734,2024-02-15 15:35:44.203268,2063.72,in,transfer,KY,CHF
TXN-00007749,SIG-00861,2024-04-24 07:04:21.447238,3583.13,out,transfer,US,USD
TXN-00006220,SIG-00698,2024-01-25 09:27:09.885407,377.93,in,deposit,US,USD
TXN-00007537,SIG-00841,2024-01-08 08:36:34.497078,50.28,out,deposit,US,USD
TXN-00000087,SIG-00009,2024-07-13 15:46:39.315233,363.4,out,payment,US,USD
TXN-00002309,SIG-00252,2024-10-11 06:14:45.928752,575.78,out,card_purchase,US,USD
TXN-00002678,SIG-00294,2024-09-06 03:15:18.178943,349.27,in,bill_pay,US,USD
TXN-00008963,SIG-00992,2024-03-13 12:18:53.050022,594.54,out,card_purchase,US,USD
TXN-00009245,SIG-01023,2024-12-07 18:20:37.640252,6125.06,in,withdrawal,AE,JPY
TXN-00002595,SIG-00284,2024-11-23 23:34:22.760286,1343.31,out,transfer,US,USD
TXN-00007047,SIG-00788,2024-01-27 09:01:18.524427,246.89,out,payment,US,USD
TXN-00001030,SIG-00107,2024-10-05 22:25:56.145763,877.33,out,transfer,AE,JPY
TXN-00000137,SIG-00015,2024-09-24 12:51:14.367195,908.94,out,withdrawal,US,USD
TXN-00008169,SIG-00903,2024-10-24 20:44:26.624403,5096.99,in,card_purchase,US,USD
TXN-00006241,SIG-00702,2024-09-22 18:37:56.482541,7655.14,in,bill_pay,US,USD
TXN-00007343,SIG-00818,2024-03-04 02:29:47.291673,800.48,in,payment,US,USD
TXN-00002855,SIG-00316,2024-05-22 01:04:12.759650,2856.6,out,transfer,BR,USD
TXN-00004410,SIG-00489,2024-09-13 01:19:14.895263,829.37,in,bill_pay,CN,USD
TXN-00001201,SIG-00127,2024-05-14 23:53:25.827918,357.81,in,deposit,US,USD
TXN-00006122,SIG-00687,2024-12-04 22:12:59.177778,1949.44,out,deposit,US,USD
TXN-00004718,SIG-00525,2024-03-24 00:09:52.354973,765.15,in,deposit,US,USD
TXN-00010376,SIG-01146,2024-02-20 15:31:38.752381,470.36,out,fx_exchange,US,USD
TXN-00007891,SIG-00876,2024-01-10 01:57:10.062116,1775.56,out,fx_exchange,US,USD
TXN-00000567,SIG-00057,2024-07-14 22:01:24.930610,3016.28,in,deposit,US,USD
TXN-00009703,SIG-01072,2024-07-23 14:10:01.597140,552.91,in,wire,US,USD
TXN-00005934,SIG-00662,2024-06-18 23:42:11.681206,1350.39,out,transfer,US,USD
TXN-00005431,SIG-00606,2024-09-08 12:34:16.854785,616.47,out,refund,US,USD
TXN-00005869,SIG-00657,2024-11-08 22:20:06.224614,7379.12,in,withdrawal,UA,JPY
TXN-00006297,SIG-00706,2024-03-12 06:17:43.750208,2650.04,out,bill_pay,PA,JPY
TXN-00003928,SIG-00438,2024-05-14 21:35:12.534069,189.6,in,deposit,NG,USD
TXN-00006196,SIG-00695,2024-12-21 04:28:31.280978,886.57,in,deposit,US,USD
TXN-00007247,SIG-00812,2024-02-19 13:28:53.600295,3702.26,in,card_purchase,AE,EUR
TXN-00008613,SIG-00953,2024-04-18 18:06:22.737084,5728.45,in,transfer,US,USD
TXN-00006792,SIG-00759,2024-05-23 12:36:34.748456,1059.24,in,payment,US,USD
TXN-00007866,SIG-00874,2024-12-16 22:41:26.310604,3999.67,in,transfer,IN,USD
TXN-00010136,SIG-01118,2024-05-06 17:29:09.476225,20720.26,out,bill_pay,US,USD
TXN-00007824,SIG-00869,2024-10-16 22:41:30.444071,142.45,in,card_purchase,US,USD
TXN-00009724,SIG-01076,2024-06-27 20:38:39.375327,2091.92,in,fx_exchange,US,USD
TXN-00009026,SIG-01001,2024-12-04 12:18:21.307341,1466.81,out,wire,US,USD
TXN-00002331,SIG-00255,2024-06-06 17:24:48.917523,655.04,in,withdrawal,US,USD
TXN-00003516,SIG-00392,2023-12-26 04:22:42.590430,2546.33,in,transfer,US,USD
TXN-00002188,SIG-00240,2024-10-06 19:50:34.771264,927.16,in,withdrawal,US,USD
TXN-00000196,SIG-00019,2024-08-04 01:27:42.856030,621.45,out,card_purchase,UA,USD
TXN-00008427,SIG-00932,2024-07-26 09:07:13.502552,2530.13,in,fx_exchange,US,USD
TXN-00006798,SIG-00760,2024-12-18 23:09:43.189547,726.97,in,payment,US,USD
TXN-00005060,SIG-00565,2024-02-15 03:36:26.190745,220.01,out,payment,US,USD
TXN-00000803,SIG-00084,2024-10-22 00:12:54.823477,981.95,out,withdrawal,US,USD
TXN-00005716,SIG-00639,2024-03-21 22:09:20.585037,786.09,in,atm_withdrawal,NG,CHF
TXN-00010031,SIG-01106,2024-01-03 20:04:32.426744,4307.57,in,deposit,US,USD
TXN-00009677,SIG-01069,2024-10-08 23:20:05.180026,223.38,in,refund,US,USD
TXN-00006599,SIG-00739,2024-10-22 11:49:14.697615,817.65,in,transfer,US,USD
TXN-00000242,SIG-00023,2024-02-12 06:34:22.178044,1793.4,in,atm_withdrawal,US,USD
TXN-00002069,SIG-00225,2024-10-23 02:02:44.676747,1367.46,in,deposit,US,USD
TXN-00009048,SIG-01003,2024-09-30 01:07:34.972804,2621.93,in,wire,US,USD
TXN-00009542,SIG-01054,2024-09-10 10:59:58.160568,1370.41,in,bill_pay,AE,USD
TXN-00000645,SIG-00065,2024-12-20 14:28:31.860091,186.01,in,card_purchase,TR,GBP
TXN-00010221,SIG-01126,2024-04-04 07:33:19.083722,2643.09,in,atm_withdrawal,US,USD
TXN-00005104,SIG-00570,2024-05-03 04:42:09.818561,1063.08,in,card_purchase,US,USD
TXN-00005461,SIG-00609,2024-01-09 03:56:37.169911,1194.46,out,card_purchase,CN,JPY
TXN-00001638,SIG-00177,2023-12-30 02:05:33.930336,3384.9,out,deposit,US,USD
TXN-00000121,SIG-00012,2024-11-23 03:01:27.079484,914.31,in,withdrawal,AE,CHF
TXN-00005874,SIG-00657,2024-11-09 06:42:50.948430,843.85,in,wire,US,USD
TXN-00002982,SIG-00332,2024-11-09 16:57:35.857801,379.6,out,refund,US,USD
TXN-00005070,SIG-00565,2024-02-07 17:03:50.297863,652.55,out,card_purchase,US,USD
TXN-00003075,SIG-00342,2024-06-18 06:10:33.896475,1898.23,out,card_purchase,US,USD
TXN-00009740,SIG-01079,2024-08-12 13:25:13.831830,3122.48,in,transfer,US,USD
TXN-00003279,SIG-00364,2024-01-02 07:53:03.473252,1497.06,out,atm_withdrawal,US,USD
TXN-00002136,SIG-00233,2024-05-07 09:14:30.706064,838.11,out,atm_withdrawal,US,USD
TXN-00007587,SIG-00847,2024-04-10 07:57:31.022584,620.23,in,bill_pay,US,USD
TXN-00004971,SIG-00554,2024-12-06 23:31:57.090881,551.43,out,card_purchase,PA,GBP
TXN-00007411,SIG-00826,2024-07-16 15:33:50.806092,314.55,in,bill_pay,US,USD
TXN-00000135,SIG-00014,2024-04-10 04:53:51.836452,5719.75,out,deposit,US,USD
TXN-00004352,SIG-00481,2024-04-23 07:50:37.437037,231.75,out,payment,US,USD
TXN-00005325,SIG-00594,2024-09-06 12:13:04.416748,1694.15,in,card_purchase,US,USD
TXN-00010510,SIG-01160,2024-03-23 13:09:51.875737,4052.69,in,refund,IN,JPY
TXN-00007366,SIG-00822,2024-08-15 08:04:45.036800,7299.42,out,card_purchase,PA,CHF
TXN-00002560,SIG-00281,2024-11-29 06:28:48.864719,2140.86,out,card_purchase,US,USD
TXN-00000063,SIG-00007,2024-05-05 05:50:50.582795,5310.88,in,wire,US,USD
TXN-00010841,SIG-01195,2024-06-02 12:21:41.623469,4671.21,in,deposit,RU,GBP
TXN-00001359,SIG-00143,2024-08-01 19:13:22.000948,269.11,in,withdrawal,US,USD
TXN-00007838,SIG-00871,2024-03-16 16:54:46.423399,614.25,in,card_purchase,US,USD
TXN-00007690,SIG-00856,2024-10-07 05:39:43.701171,3893.61,in,transfer,US,USD
TXN-00006985,SIG-00783,2024-06-23 00:49:13.604215,1043.66,out,card_purchase,US,USD
TXN-00002468,SIG-00270,2024-02-04 10:31:22.969973,112.15,in,card_purchase,US,USD
TXN-00000680,SIG-00072,2024-03-06 10:58:56.495814,2167.85,out,deposit,US,USD
TXN-00008129,SIG-00899,2024-08-01 01:23:39.274072,2937.12,out,fx_exchange,US,USD
TXN-00000742,SIG-00078,2024-08-13 08:59:35.967867,2347.54,out,transfer,US,USD
TXN-00005308,SIG-00593,2024-09-06 08:40:01.606144,367.24,out,payment,US,USD
TXN-00006267,SIG-00704,2024-11-05 19:06:52.244104,4347.41,out,deposit,US,USD
TXN-00008065,SIG-00893,2024-07-04 00:57:06.382320,3833.85,in,deposit,US,USD
TXN-00003642,SIG-00406,2024-07-20 01:26:19.830729,4575.53,out,deposit,NG,CHF
TXN-00000445,SIG-00044,2024-08-11 10:58:41.495106,2395.39,in,payment,US,USD
TXN-00008909,SIG-00985,2024-09-28 18:30:48.434866,547.99,out,withdrawal,UA,USD
TXN-00003259,SIG-00362,2024-07-04 16:14:55.858182,2574.49,in,wire,US,USD
TXN-00004664,SIG-00518,2024-09-07 13:35:13.734807,1647.72,out,withdrawal,CN,JPY
TXN-00001874,SIG-00201,2024-12-16 14:21:58.327897,779.62,in,deposit,US,USD
TXN-00007614,SIG-00850,2024-06-01 19:13:54.265173,889.38,out,payment,US,USD
TXN-00002597,SIG-00284,2024-11-16 22:27:56.995656,6564.38,in,wire,US,USD
TXN-00001718,SIG-00187,2024-10-23 17:09:32.413617,98.68,in,card_purchase,US,USD
TXN-00002913,SIG-00323,2024-09-23 04:27:43.815007,3526.57,out,payment,US,USD
TXN-00002844,SIG-00315,2024-04-23 21:30:55.731095,420.85,out,deposit,US,USD
TXN-00004028,SIG-00449,2024-11-12 18:14:11.803659,299.19,out,payment,US,USD
TXN-00005489,SIG-00612,2024-05-24 04:34:05.845849,1223.79,in,transfer,US,USD
TXN-00009420,SIG-01039,2024-06-15 21:18:26.683669,15285.11,in,payment,US,USD
TXN-00004486,SIG-00498,2024-08-23 22:36:05.007298,971.27,out,deposit,US,USD
TXN-00002557,SIG-00281,2024-12-03 20:47:09.469191,3329.34,in,deposit,IN,GBP
TXN-00000490,SIG-00050,2024-01-28 03:33:08.004046,373.06,in,card_purchase,US,USD
TXN-00000494,SIG-00051,2024-07-19 00:19:37.794503,2159.26,in,refund,US,USD
TXN-00000691,SIG-00073,2024-04-06 16:28:53.004115,1442.19,out,card_purchase,US,USD
TXN-00007701,SIG-00858,2024-10-01 22:59:35.614777,248.8,in,withdrawal,US,USD
TXN-00003822,SIG-00424,2024-01-02 11:42:03.745136,59.79,in,withdrawal,NG,EUR
TXN-00000603,SIG-00061,2024-03-23 22:39:04.536565,16828.88,in,transfer,TR,CHF
TXN-00001912,SIG-00205,2024-11-30 21:35:36.148719,2009.89,out,card_purchase,US,USD
TXN-00001015,SIG-00105,2024-09-04 13:58:29.111172,751.95,out,deposit,US,USD
TXN-00008373,SIG-00924,2024-05-04 10:24:07.581476,841.55,in,card_purchase,US,USD
TXN-00001994,SIG-00213,2024-10-14 20:48:49.371370,1834.61,out,card_purchase,US,USD
TXN-00006913,SIG-00773,2024-05-09 18:18:18.842453,1074.91,out,bill_pay,US,USD
TXN-00003758,SIG-00416,2024-09-23 01:16:58.963434,2215.51,in,card_purchase,US,USD
TXN-00006648,SIG-00742,2024-12-21 10:41:57.235019,637.34,in,wire,US,USD
TXN-00009287,SIG-01028,2023-12-29 17:22:48.088033,1676.06,out,card_purchase,US,USD
TXN-00002367,SIG-00258,2024-09-02 00:29:20.464915,8767.45,in,deposit,US,USD
TXN-00005284,SIG-00590,2024-09-07 20:44:35.083483,499.5,out,payment,US,USD
TXN-00004371,SIG-00483,2024-06-01 14:19:24.522588,3865.08,out,refund,CN,USD
TXN-00002687,SIG-00296,2024-04-07 01:10:02.862765,4041.05,out,wire,NG,GBP
TXN-00001574,SIG-00171,2024-07-26 22:26:10.169024,3222.48,in,transfer,US,USD
TXN-00001362,SIG-00144,2024-04-30 08:34:10.408487,55.35,in,atm_withdrawal,US,USD
TXN-00007368,SIG-00822,2024-08-05 22:36:22.501068,2474.73,in,transfer,US,USD
TXN-00001527,SIG-00164,2024-09-04 09:40:44.739373,88.36,out,deposit,TR,CHF
TXN-00001328,SIG-00140,2024-08-31 15:02:18.735100,11272.57,in,deposit,US,USD
TXN-00007277,SIG-00814,2024-06-27 22:58:35.863175,2253.71,out,withdrawal,US,USD
TXN-00010615,SIG-01172,2024-04-06 07:17:47.619139,6270.97,out,card_purchase,US,USD
TXN-00001552,SIG-00168,2024-11-18 03:27:02.822266,376.49,in,withdrawal,KY,USD
TXN-00007498,SIG-00838,2024-09-08 11:35:24.118433,135.41,out,payment,US,USD
TXN-00010559,SIG-01165,2024-04-24 05:06:18.532838,1175.83,out,withdrawal,KY,JPY
TXN-00001338,SIG-00141,2024-08-14 13:03:55.310881,1911.1,in,card_purchase,KY,GBP
TXN-00003902,SIG-00434,2024-02-05 16:29:30.298506,1210.28,in,refund,UA,CHF
TXN-00003011,SIG-00336,2024-10-19 17:44:10.863306,96.18,in,deposit,US,USD
TXN-00005042,SIG-00562,2024-06-20 21:14:57.682334,4270.59,out,transfer,US,USD
TXN-00009632,SIG-01065,2024-11-11 21:49:09.117783,1786.69,out,bill_pay,US,USD
TXN-00002251,SIG-00247,2024-05-23 09:26:19.579257,207.6,out,withdrawal,US,USD
TXN-00008183,SIG-00904,2024-10-01 06:08:07.975765,3076.08,in,card_purchase,US,USD
TXN-00007822,SIG-00868,2024-03-22 15:10:30.780637,565.87,in,card_purchase,US,USD
TXN-00005040,SIG-00562,2024-06-23 22:21:58.952252,272.2,out,bill_pay,US,USD
TXN-00002347,SIG-00256,2024-07-30 08:03:42.982257,2413.69,in,withdrawal,PA,EUR
TXN-00010120,SIG-01116,2024-12-06 16:21:59.587960,3238.06,out,payment,US,USD
TXN-00005486,SIG-00612,2024-05-05 02:39:33.131972,1825.51,out,wire,US,USD
TXN-00009678,SIG-01069,2024-10-07 01:34:28.685144,526.39,in,bill_pay,US,USD
TXN-00002785,SIG-00306,2024-05-14 08:34:48.530366,50.09,out,fx_exchange,US,USD
TXN-00005695,SIG-00637,2024-06-03 08:57:48.522825,1257.2,out,wire,US,USD
TXN-00005120,SIG-00571,2024-09-30 00:45:30.249424,13238.7,in,transfer,US,USD
TXN-00005167,SIG-00575,2024-05-08 02:09:13.102027,107.44,out,deposit,US,USD
TXN-00005556,SIG-00620,2024-10-19 02:15:33.467350,3347.39,in,refund,US,USD
TXN-00005600,SIG-00624,2024-07-09 22:52:58.725725,3060.2,out,wire,RU,JPY
TXN-00010825,SIG-01194,2024-06-29 03:28:34.602015,12575.52,in,payment,US,USD
TXN-00000151,SIG-00016,2024-11-07 05:54:02.203912,105.09,out,atm_withdrawal,US,USD
TXN-00002805,SIG-00309,2024-07-13 03:20:27.455345,2073.73,out,wire,US,USD
TXN-00007035,SIG-00788,2024-01-02 15:53:28.928452,472.11,in,withdrawal,US,USD
TXN-00002087,SIG-00226,2024-08-09 03:48:55.695810,567.55,in,bill_pay,PA,CHF
TXN-00003752,SIG-00416,2024-09-23 01:51:22.723243,3827.33,out,wire,US,USD
TXN-00005613,SIG-00626,2024-02-05 10:52:00.378994,399.03,out,card_purchase,US,USD
TXN-00002260,SIG-00247,2024-05-22 23:15:39.156886,2088.35,in,wire,BR,USD
TXN-00004018,SIG-00448,2024-05-15 03:06:52.046349,196.48,in,withdrawal,CN,GBP
TXN-00007309,SIG-00816,2024-08-13 22:54:48.806082,3589.74,in,transfer,US,USD
TXN-00007250,SIG-00812,2024-03-17 03:34:59.665053,1211.75,in,deposit,US,USD
TXN-00002425,SIG-00266,2024-10-13 15:05:14.659345,50.13,out,card_purchase,RU,EUR
TXN-00004139,SIG-00460,2024-01-27 19:06:21.153017,1333.3,out,refund,BR,EUR
TXN-00003857,SIG-00428,2024-05-18 17:56:31.169635,1853.49,in,transfer,US,USD
TXN-00000860,SIG-00089,2024-07-19 05:32:49.451237,2893.54,out,withdrawal,US,USD
TXN-00005368,SIG-00599,2024-02-01 04:06:34.494437,211.86,in,withdrawal,US,USD
TXN-00002963,SIG-00329,2024-07-14 13:33:21.128175,700.38,in,transfer,US,USD
TXN-00008966,SIG-00993,2024-07-07 08:45:49.673339,1951.56,out,refund,US,USD
TXN-00008467,SIG-00938,2024-10-21 04:47:34.054145,678.28,in,atm_withdrawal,US,USD
TXN-00009342,SIG-01032,2024-08-03 14:05:39.206503,898.2,out,atm_withdrawal,US,USD
TXN-00004740,SIG-00528,2024-06-30 08:13:05.600568,5817.67,in,card_purchase,US,USD
TXN-00009567,SIG-01057,2024-01-01 01:20:32.226921,99.11,out,transfer,US,USD
TXN-00004463,SIG-00494,2024-01-24 01:31:26.539080,2253.17,out,deposit,US,USD
TXN-00005529,SIG-00617,2024-08-05 11:26:05.801360,2471.9,in,card_purchase,US,USD
TXN-00001365,SIG-00144,2024-04-24 06:03:22.575474,216.76,out,payment,US,USD
TXN-00001780,SIG-00194,2024-10-19 17:26:05.582678,1294.17,out,payment,US,USD
TXN-00007031,SIG-00787,2024-11-07 06:56:35.978402,6517.83,in,deposit,IN,GBP
TXN-00004786,SIG-00535,2024-04-25 21:50:08.188306,6044.94,out,card_purchase,US,USD
TXN-00008905,SIG-00985,2024-09-20 09:10:08.455298,2763.29,out,card_purchase,US,USD
TXN-00001819,SIG-00198,2024-11-19 05:17:27.776538,2759.37,in,payment,US,USD
TXN-00000370,SIG-00038,2024-09-11 11:49:34.022714,1113.03,out,payment,TR,GBP
TXN-00004938,SIG-00552,2024-08-24 10:45:29.177355,7349.45,out,atm_withdrawal,US,USD
TXN-00002705,SIG-00297,2023-12-26 23:02:14.876286,932.43,out,transfer,US,USD
TXN-00005286,SIG-00590,2024-09-15 18:04:23.195657,3383.2,in,wire,US,USD
TXN-00000176,SIG-00018,2024-05-02 00:54:59.562466,11709.37,in,transfer,US,USD
TXN-00006406,SIG-00719,2024-05-04 19:38:57.089339,1485.35,in,card_purchase,US,USD
TXN-00008926,SIG-00988,2024-08-28 21:33:59.969473,832.18,in,card_purchase,US,USD
TXN-00002094,SIG-00227,2024-03-20 04:30:54.364295,549.4,out,withdrawal,US,USD
TXN-00009268,SIG-01026,2024-12-07 20:37:18.492821,5430.51,in,atm_withdrawal,US,USD
TXN-00003492,SIG-00389,2024-01-11 19:49:00.978207,422.51,out,bill_pay,US,USD
TXN-00001921,SIG-00206,2024-05-04 19:01:09.885369,210.65,in,atm_withdrawal,US,USD
TXN-00000083,SIG-00008,2024-05-07 01:48:03.281318,2167.66,in,card_purchase,US,USD
TXN-00000817,SIG-00085,2024-02-04 16:03:24.664768,11079.78,in,payment,US,USD
TXN-00009384,SIG-01035,2024-05-16 18:54:15.481125,2037.9,out,card_purchase,US,USD
TXN-00001092,SIG-00114,2024-06-09 13:19:47.643860,715.3,in,wire,US,USD
TXN-00004397,SIG-00487,2024-11-21 07:35:33.022095,1361.62,out,transfer,BR,USD
TXN-00008095,SIG-00896,2024-06-05 13:39:01.866189,1267.82,in,transfer,US,USD
TXN-00005569,SIG-00621,2024-05-02 20:23:32.158630,467.25,out,card_purchase,US,USD
TXN-00000284,SIG-00030,2024-07-04 04:01:29.289887,326.28,in,deposit,US,USD
TXN-00006125,SIG-00687,2024-11-29 16:58:09.342481,31.83,out,withdrawal,US,USD
TXN-00004121,SIG-00458,2024-03-28 14:33:43.359882,6378.06,in,deposit,AE,EUR
TXN-00008707,SIG-00963,2024-05-26 12:12:24.292986,1214.37,in,refund,US,USD
TXN-00000610,SIG-00062,2024-08-19 14:18:57.623758,2301.01,out,refund,US,USD
TXN-00002916,SIG-00324,2024-09-10 05:16:43.414625,2318.94,out,payment,CN,USD
TXN-00001814,SIG-00197,2024-02-25 10:46:27.583739,4037.62,in,card_purchase,US,USD
TXN-00001272,SIG-00134,2024-03-21 17:55:45.387583,3973.81,in,payment,US,USD
TXN-00008761,SIG-00971,2024-10-17 14:02:13.607626,1032.77,out,transfer,US,USD
TXN-00010463,SIG-01156,2024-05-26 11:19:46.850519,1236.93,out,fx_exchange,US,USD
TXN-00002995,SIG-00333,2024-07-06 07:34:17.942955,1629.24,in,atm_withdrawal,US,USD
TXN-00008342,SIG-00920,2024-12-09 20:58:12.145630,15981.01,out,wire,AE,CHF
TXN-00008019,SIG-00887,2024-12-10 00:10:29.986151,1439.5,out,refund,US,USD
TXN-00006410,SIG-00719,2024-04-15 02:05:20.755882,560.55,in,withdrawal,PA,CHF
TXN-00006105,SIG-00685,2024-07-11 09:41:25.213424,552.57,in,payment,US,USD
TXN-00009061,SIG-01006,2024-12-09 05:45:15.576372,249.05,out,deposit,US,USD
TXN-00002643,SIG-00291,2024-05-02 19:44:10.372728,1855.38,out,withdrawal,US,USD
TXN-00009736,SIG-01078,2024-06-10 17:50:04.417178,255.83,out,transfer,NG,EUR
TXN-00004509,SIG-00502,2024-03-21 23:05:49.797793,725.18,in,payment,AE,USD
TXN-00002306,SIG-00252,2024-09-27 04:29:09.965865,736.46,out,card_purchase,US,USD
TXN-00007785,SIG-00865,2024-02-21 20:46:21.258850,1825.39,in,refund,US,USD
TXN-00007489,SIG-00837,2024-09-24 04:30:42.708906,2140.7,in,payment,US,USD
TXN-00004196,SIG-00465,2024-10-17 12:24:30.774679,4580.86,in,card_purchase,US,USD
TXN-00005563,SIG-00620,2024-11-05 15:48:25.238624,635.88,out,payment,US,USD
TXN-00004841,SIG-00541,2024-07-03 13:16:20.467020,257.82,in,transfer,US,USD
TXN-00004656,SIG-00518,2024-08-24 18:28:31.345307,849.26,out,card_purchase,US,USD
TXN-00008914,SIG-00986,2024-09-15 23:18:11.484777,567.61,in,fx_exchange,BR,EUR
TXN-00004169,SIG-00463,2024-04-03 06:53:14.769608,974.56,in,wire,US,USD
TXN-00003850,SIG-00428,2024-05-18 06:10:24.678242,3022.21,in,transfer,US,USD
TXN-00010726,SIG-01185,2024-08-17 08:03:51.470073,571.08,out,deposit,US,USD
TXN-00009159,SIG-01015,2024-02-28 05:14:00.974250,292.22,out,atm_withdrawal,US,USD
TXN-00005254,SIG-00586,2024-01-22 02:34:07.810960,254.58,in,transfer,US,USD
TXN-00010435,SIG-01153,2023-11-21 06:13:21.519864,240.22,out,deposit,US,USD
TXN-00005534,SIG-00617,2024-08-08 01:30:33.436268,1440.56,out,card_purchase,US,USD
TXN-00002415,SIG-00265,2024-03-20 14:35:37.508348,267.7,in,payment,US,USD
TXN-00003555,SIG-00396,2024-05-12 17:16:17.762350,895.87,out,payment,US,USD
TXN-00004692,SIG-00522,2024-12-06 09:27:51.204404,1359.4,in,withdrawal,NG,CHF
TXN-00004499,SIG-00499,2024-02-16 01:14:26.971281,12722.66,in,bill_pay,CN,EUR
TXN-00002196,SIG-00241,2024-12-03 22:36:44.874768,1864.9,in,wire,US,USD
TXN-00005046,SIG-00563,2024-06-11 08:48:36.547893,2245.22,in,card_purchase,US,USD
TXN-00002601,SIG-00285,2024-03-28 12:22:22.144946,4437.75,in,transfer,NG,JPY
TXN-00006164,SIG-00693,2024-05-20 19:55:18.180445,2918.39,in,wire,US,USD
TXN-00006374,SIG-00714,2024-02-22 07:42:29.268146,3434.85,in,fx_exchange,US,USD
TXN-00001519,SIG-00163,2024-03-06 09:21:58.943092,1411.02,out,wire,US,USD
TXN-00004765,SIG-00532,2024-07-19 04:37:07.314730,1414.28,in,refund,US,USD
TXN-00004315,SIG-00478,2023-12-28 16:26:32.880184,1489.69,in,atm_withdrawal,US,USD
TXN-00003367,SIG-00374,2024-12-04 15:30:22.666471,682.98,in,card_purchase,US,USD
TXN-00006059,SIG-00680,2024-09-28 11:04:26.335919,605.83,out,withdrawal,PA,JPY
TXN-00007257,SIG-00813,2024-12-17 01:29:18.684066,1028.2,out,deposit,PA,CHF
TXN-00008514,SIG-00943,2024-07-31 16:52:12.567384,1308.91,out,transfer,US,USD
TXN-00006310,SIG-00708,2024-12-07 17:06:32.774867,180.08,in,card_purchase,US,USD
TXN-00002634,SIG-00290,2024-01-02 14:37:45.405202,876.14,in,deposit,BR,USD
TXN-00005756,SIG-00646,2024-05-03 13:06:34.688593,3078.48,in,payment,US,USD
TXN-00005634,SIG-00629,2024-04-06 01:58:48.535729,1055.49,out,card_purchase,US,USD
TXN-00008940,SIG-00990,2024-01-28 22:25:24.257414,1190.79,in,transfer,PA,GBP
TXN-00005923,SIG-00662,2024-06-09 10:13:47.439004,594.52,out,transfer,IN,EUR
TXN-00010144,SIG-01118,2024-05-11 00:14:21.579984,3689.03,in,transfer,NG,EUR
TXN-00009594,SIG-01062,2024-11-23 02:43:39.115951,2087.4,in,transfer,US,USD
TXN-00002435,SIG-00268,2024-01-15 11:47:19.054223,1048.85,out,card_purchase,US,USD
TXN-00009028,SIG-01001,2024-11-20 06:37:41.395443,1395.39,out,transfer,RU,GBP
TXN-00008086,SIG-00895,2024-03-29 15:07:46.629656,1972.59,out,deposit,US,USD
TXN-00008264,SIG-00912,2024-06-25 20:34:02.072785,1448.16,in,wire,US,USD
TXN-00007911,SIG-00877,2024-04-28 06:37:31.282705,16489.76,in,atm_withdrawal,PA,EUR
TXN-00006065,SIG-00680,2024-09-18 14:40:16.665638,225.62,in,bill_pay,US,USD
TXN-00004521,SIG-00502,2024-03-28 16:45:38.982923,1038.55,in,card_purchase,US,USD
TXN-00005588,SIG-00624,2024-07-05 14:32:46.291624,629.34,out,deposit,US,USD
TXN-00003546,SIG-00396,2024-05-14 11:44:27.938387,2090.84,in,wire,NG,EUR
TXN-00009565,SIG-01057,2024-01-02 02:58:26.390830,1215.36,in,transfer,US,USD
TXN-00007169,SIG-00802,2024-09-21 12:52:19.601794,761.31,in,wire,US,USD
TXN-00009611,SIG-01063,2024-08-10 13:17:17.620286,33421.32,out,wire,PA,GBP
TXN-00005532,SIG-00617,2024-07-31 07:59:06.906538,299.24,in,payment,US,USD
TXN-00005445,SIG-00608,2024-02-22 07:32:59.896200,786.03,out,card_purchase,US,USD
TXN-00000518,SIG-00052,2024-11-14 04:10:56.311315,1113.35,out,deposit,US,USD
TXN-00007560,SIG-00843,2024-07-22 20:48:53.020431,18508.77,in,card_purchase,US,USD
TXN-00006161,SIG-00692,2024-01-03 09:27:30.915345,906.04,in,transfer,US,USD
TXN-00008200,SIG-00906,2024-04-01 15:17:57.109237,6376.47,in,bill_pay,US,USD
TXN-00009904,SIG-01095,2024-06-18 07:40:07.104101,305.13,in,fx_exchange,US,USD
TXN-00008820,SIG-00976,2024-11-11 18:07:28.912487,418.22,out,transfer,US,USD
TXN-00007671,SIG-00855,2024-02-28 11:46:16.657938,1578.88,out,card_purchase,US,USD
TXN-00001416,SIG-00152,2024-02-13 15:06:40.344269,7707.05,out,payment,US,USD
TXN-00004665,SIG-00518,2024-09-07 19:28:02.039716,5277.9,out,transfer,CN,CHF
TXN-00004457,SIG-00494,2024-01-19 02:35:45.264825,430.27,in,transfer,US,USD
TXN-00002762,SIG-00303,2024-04-02 12:11:24.652848,595.75,in,card_purchase,US,USD
TXN-00006482,SIG-00728,2024-10-14 00:37:15.915838,1020.78,out,payment,US,USD
TXN-00005912,SIG-00660,2024-09-25 11:08:58.449913,1597.88,in,deposit,US,USD
TXN-00006548,SIG-00733,2024-06-05 20:19:15.105805,13532.11,in,wire,US,USD
TXN-00004856,SIG-00542,2024-04-15 03:36:53.893231,1497.69,in,wire,US,USD
TXN-00009669,SIG-01069,2024-10-04 05:30:38.281649,721.09,out,refund,RU,JPY
TXN-00000128,SIG-00013,2024-11-08 15:46:40.410324,11459.65,in,atm_withdrawal,US,USD
TXN-00003475,SIG-00387,2024-05-02 21:13:12.362048,79.04,out,deposit,US,USD
TXN-00006359,SIG-00713,2024-05-01 00:33:22.367060,1772.44,in,deposit,US,USD
TXN-00008817,SIG-00976,2024-11-16 00:01:29.326235,2107.71,in,card_purchase,US,USD
TXN-00004311,SIG-00477,2024-10-12 11:42:54.427896,6897.49,out,wire,US,USD
TXN-00002439,SIG-00268,2024-01-16 16:49:44.396991,697.58,in,payment,US,USD
TXN-00003766,SIG-00417,2024-05-23 12:15:09.420266,725.15,in,wire,US,USD
TXN-00009020,SIG-01000,2024-03-25 17:23:15.964790,1537.27,out,transfer,US,USD
TXN-00007059,SIG-00789,2024-10-31 08:38:21.965179,1174.17,out,transfer,BR,EUR
TXN-00006433,SIG-00722,2024-07-14 02:27:55.476007,1189.83,in,atm_withdrawal,US,USD
TXN-00006998,SIG-00784,2024-02-15 02:57:51.474487,170.99,out,card_purchase,US,USD
TXN-00007597,SIG-00848,2024-10-20 13:25:24.864191,4253.33,out,card_purchase,BR,JPY
TXN-00010646,SIG-01175,2024-12-07 17:52:35.447154,1710.87,in,withdrawal,US,USD
TXN-00001474,SIG-00159,2024-04-07 15:49:38.745158,635.07,in,payment,US,USD
TXN-00006341,SIG-00712,2024-04-13 08:55:14.742517,6587.17,out,fx_exchange,NG,EUR
TXN-00004822,SIG-00539,2024-03-23 01:11:17.308290,2346.28,in,wire,US,USD
TXN-00000019,SIG-00002,2024-10-09 02:42:29.036255,73999.01,in,deposit,US,USD
TXN-00003561,SIG-00396,2024-05-07 11:41:03.571173,26264.71,out,refund,RU,JPY
TXN-00003952,SIG-00441,2024-07-26 23:48:48.441264,138.2,in,refund,US,USD
TXN-00000050,SIG-00006,2024-05-26 12:43:29.561218,632.49,out,card_purchase,US,USD
TXN-00005438,SIG-00607,2024-03-12 09:57:50.474078,6553.07,in,payment,US,USD
TXN-00010780,SIG-01191,2024-03-15 08:57:05.785411,7541.27,out,deposit,US,USD
TXN-00000888,SIG-00092,2024-09-09 21:39:58.042507,1578.26,out,payment,US,USD
TXN-00006262,SIG-00703,2024-01-09 14:51:36.658964,22280.87,in,card_purchase,US,USD
TXN-00006044,SIG-00679,2024-11-09 13:54:35.016440,1759.73,out,atm_withdrawal,US,USD
TXN-00002617,SIG-00287,2024-08-19 22:48:08.856023,301.71,in,atm_withdrawal,US,USD
TXN-00000517,SIG-00052,2024-11-10 14:02:57.991434,2346.31,out,deposit,US,USD
TXN-00003169,SIG-00353,2024-06-15 19:56:06.107626,1387.62,in,atm_withdrawal,AE,GBP
TXN-00002950,SIG-00327,2024-01-13 06:05:00.464773,602.06,out,card_purchase,US,USD
TXN-00001425,SIG-00154,2024-02-23 03:48:49.719562,2535.73,in,card_purchase,US,USD
TXN-00000140,SIG-00015,2024-09-26 06:22:40.653203,1028.87,in,transfer,US,USD
TXN-00001925,SIG-00207,2024-10-01 13:32:05.635377,2546.16,in,withdrawal,US,USD
TXN-00002379,SIG-00260,2024-08-01 06:36:38.810895,222.87,in,withdrawal,US,USD
TXN-00003198,SIG-00355,2024-02-11 04:59:26.984661,6983.14,in,transfer,US,USD
TXN-00005132,SIG-00571,2024-10-03 02:38:45.553245,2517.9,out,transfer,US,USD
TXN-00000113,SIG-00011,2024-01-07 17:20:43.718901,990.54,in,card_purchase,US,USD
TXN-00004560,SIG-00508,2024-03-16 02:51:58.170926,7353.64,out,deposit,US,USD
TXN-00004596,SIG-00510,2024-09-02 22:27:21.991717,787.41,in,payment,KY,GBP
TXN-00005330,SIG-00595,2023-12-23 17:58:03.926573,273.25,out,card_purchase,US,USD
TXN-00003251,SIG-00361,2024-01-23 12:07:53.517134,3159.22,out,deposit,US,USD
TXN-00004691,SIG-00521,2024-10-19 07:52:54.302705,1066.46,in,payment,BR,GBP
TXN-00008511,SIG-00942,2024-05-26 21:32:55.223527,5782.05,in,withdrawal,BR,CHF
TXN-00003698,SIG-00411,2024-07-21 07:03:46.664060,523.95,in,withdrawal,US,USD
TXN-00004547,SIG-00506,2023-12-11 18:47:54.044512,3245.73,out,wire,AE,CHF
TXN-00010068,SIG-01109,2024-06-08 06:09:57.484443,1753.36,in,withdrawal,US,USD
TXN-00003278,SIG-00364,2023-12-24 20:10:33.121483,2126.82,in,wire,RU,USD
TXN-00007515,SIG-00839,2024-11-30 22:53:47.499494,2927.4,in,wire,KY,EUR
TXN-00007890,SIG-00875,2024-03-29 01:35:12.833214,2119.85,in,withdrawal,US,USD
TXN-00004069,SIG-00454,2024-07-19 01:38:10.822253,350.14,in,deposit,US,USD
TXN-00004409,SIG-00489,2024-09-29 14:22:20.083965,731.13,out,transfer,US,USD
TXN-00009135,SIG-01013,2024-04-02 23:33:00.707629,150.9,out,transfer,US,USD
TXN-00009368,SIG-01034,2024-01-02 04:52:48.356827,749.23,in,payment,US,USD
TXN-00008499,SIG-00941,2024-02-19 17:15:56.849875,3930.73,in,wire,US,USD
TXN-00003223,SIG-00358,2024-11-28 13:15:09.116399,288.52,out,deposit,US,USD
TXN-00008957,SIG-00991,2024-08-24 10:58:53.960644,860.26,out,bill_pay,US,USD
TXN-00000452,SIG-00045,2024-02-12 15:36:48.980669,525.46,in,atm_withdrawal,US,USD
TXN-00003732,SIG-00414,2024-01-24 00:04:50.200870,2030.58,in,fx_exchange,US,USD
TXN-00010166,SIG-01122,2024-11-02 21:11:53.790308,18368.78,out,transfer,BR,JPY
TXN-00004987,SIG-00557,2024-12-02 13:44:29.545865,2321.1,in,transfer,CN,EUR
TXN-00003664,SIG-00406,2024-06-27 10:21:57.434581,5710.75,out,card_purchase,UA,CHF
TXN-00002764,SIG-00303,2024-04-10 02:12:41.643356,149.48,out,payment,BR,JPY
TXN-00000659,SIG-00068,2024-02-16 04:36:25.712051,1635.06,in,card_purchase,US,USD
TXN-00005603,SIG-00624,2024-07-27 10:10:10.553615,150.72,in,transfer,US,USD
TXN-00001856,SIG-00200,2023-12-28 19:58:01.720572,455.5,in,atm_withdrawal,US,USD
TXN-00004621,SIG-00513,2024-10-13 16:23:30.963191,31.12,in,payment,US,USD
TXN-00001000,SIG-00103,2024-11-04 23:40:30.987908,2416.6,out,deposit,AE,JPY
TXN-00000390,SIG-00040,2024-07-21 02:09:47.810505,1799.85,out,fx_exchange,US,USD
TXN-00003408,SIG-00379,2024-05-07 14:50:39.647950,136.22,out,payment,US,USD
TXN-00006427,SIG-00721,2024-02-24 09:52:03.558469,30.44,out,withdrawal,RU,JPY
TXN-00001477,SIG-00159,2024-04-03 12:28:40.645445,1147.41,out,fx_exchange,US,USD
TXN-00002241,SIG-00246,2024-06-20 06:50:18.448959,435.9,in,withdrawal,US,USD
TXN-00002387,SIG-00260,2024-07-10 05:26:05.877094,1398.47,out,wire,US,USD
TXN-00009967,SIG-01103,2024-03-31 11:02:23.873631,2241.28,in,card_purchase,CN,GBP
TXN-00000993,SIG-00103,2024-10-24 20:33:59.863955,487.48,in,atm_withdrawal,US,USD
TXN-00004998,SIG-00559,2024-01-20 12:11:54.308096,832.17,in,payment,US,USD
TXN-00003923,SIG-00437,2024-07-05 22:16:55.904470,421.55,in,bill_pay,US,USD
TXN-00002973,SIG-00331,2024-01-16 20:13:46.249813,1064.72,in,fx_exchange,US,USD
TXN-00003387,SIG-00376,2024-04-10 08:33:42.874888,3414.98,out,transfer,US,USD
TXN-00006872,SIG-00769,2024-11-23 16:53:52.772248,900.34,out,transfer,PA,JPY
TXN-00008664,SIG-00960,2024-10-04 11:09:21.514160,1274.75,out,payment,US,USD
TXN-00010133,SIG-01118,2024-05-07 07:28:44.489185,3535.09,in,card_purchase,PA,USD
TXN-00008262,SIG-00912,2024-06-20 00:44:23.985644,1673.17,in,payment,NG,USD
TXN-00004770,SIG-00532,2024-07-13 03:21:31.831300,831.09,in,deposit,US,USD
TXN-00001294,SIG-00135,2024-09-20 10:47:30.410976,267.66,in,card_purchase,RU,GBP
TXN-00001825,SIG-00198,2024-11-24 22:00:08.880739,501.23,out,transfer,US,USD
TXN-00002874,SIG-00319,2024-11-12 04:35:42.486535,2481.58,in,refund,US,USD
TXN-00004174,SIG-00463,2024-04-20 00:21:09.018108,393.83,out,fx_exchange,US,USD
TXN-00002536,SIG-00279,2024-10-10 19:48:36.078386,597.39,in,transfer,AE,EUR
TXN-00009960,SIG-01100,2024-05-15 15:13:00.166127,511.03,in,card_purchase,US,USD
TXN-00001908,SIG-00204,2024-05-28 12:33:32.833104,6016.81,out,atm_withdrawal,US,USD
TXN-00000043,SIG-00005,2024-03-29 20:48:34.418761,1378.2,in,atm_withdrawal,TR,JPY
TXN-00010348,SIG-01143,2024-10-05 20:19:54.366852,1101.3,out,card_purchase,US,USD
TXN-00000369,SIG-00038,2024-08-29 04:55:48.458269,1006.65,in,payment,US,USD
TXN-00006034,SIG-00677,2024-05-24 16:30:02.826189,4856.96,in,withdrawal,US,USD
TXN-00001152,SIG-00121,2024-05-11 11:56:32.956087,472.03,in,payment,US,USD
TXN-00007008,SIG-00785,2024-06-19 01:14:23.168002,2640.95,in,transfer,US,USD
TXN-00001568,SIG-00170,2024-04-25 21:54:33.498489,25247.56,in,transfer,US,USD
TXN-00007606,SIG-00850,2024-05-22 15:23:27.115572,542.91,in,bill_pay,US,USD
TXN-00007076,SIG-00791,2024-01-08 08:15:26.320921,1999.85,in,withdrawal,NG,GBP
TXN-00008316,SIG-00917,2024-10-31 21:24:45.469368,165.54,out,card_purchase,US,USD
TXN-00010159,SIG-01121,2024-08-11 16:02:23.245019,1871.68,in,refund,US,USD
TXN-00004161,SIG-00462,2024-02-16 21:30:59.050255,3175.83,in,card_purchase,US,USD
TXN-00004288,SIG-00476,2024-11-07 09:03:54.501909,370.44,out,payment,US,USD
TXN-00002231,SIG-00246,2024-05-27 01:59:21.089829,6663.68,in,withdrawal,NG,GBP
TXN-00008031,SIG-00889,2024-07-30 03:09:05.538067,3169.55,out,payment,UA,EUR
TXN-00000175,SIG-00018,2024-04-26 22:34:49.252552,842.61,out,card_purchase,US,USD
TXN-00001904,SIG-00204,2024-05-25 05:19:25.666585,17400.29,out,transfer,US,USD
TXN-00001100,SIG-00115,2024-06-12 03:37:13.550366,2602.6,out,transfer,NG,JPY
TXN-00008894,SIG-00983,2024-02-20 06:46:36.404430,80.34,in,transfer,IN,JPY
TXN-00003409,SIG-00380,2024-11-12 14:59:03.730093,706.74,in,bill_pay,US,USD
TXN-00001539,SIG-00166,2024-01-27 21:20:10.151875,572.15,out,transfer,US,USD
TXN-00002293,SIG-00250,2024-01-13 21:54:38.180334,939.32,in,transfer,US,USD
TXN-00010139,SIG-01118,2024-05-04 19:05:15.234952,758.61,in,withdrawal,US,USD
TXN-00001364,SIG-00144,2024-05-04 22:02:45.329225,2361.54,out,atm_withdrawal,US,USD
TXN-00004358,SIG-00482,2024-07-03 17:49:37.807573,19467.01,in,transfer,US,USD
TXN-00007931,SIG-00879,2024-04-29 07:13:18.756185,816.81,in,bill_pay,US,USD
TXN-00005261,SIG-00587,2024-04-14 00:14:50.175604,1365.86,in,payment,US,USD
TXN-00008150,SIG-00900,2024-07-25 21:40:19.657028,525.25,out,atm_withdrawal,US,USD
TXN-00008310,SIG-00916,2024-02-01 01:01:11.941050,9046.1,out,payment,US,USD
TXN-00000681,SIG-00072,2024-03-21 19:10:53.106212,2719.08,out,deposit,RU,GBP
TXN-00010157,SIG-01120,2024-01-29 22:19:43.445576,1759.78,in,deposit,US,USD
TXN-00010279,SIG-01134,2024-03-12 19:04:05.301512,5632.63,in,card_purchase,US,USD
TXN-00003665,SIG-00406,2024-08-01 04:52:42.315057,1444.12,in,card_purchase,US,USD
TXN-00009829,SIG-01086,2024-09-25 20:43:10.271268,938.33,out,card_purchase,US,USD
TXN-00001662,SIG-00181,2024-02-25 11:51:34.842322,1069.16,in,withdrawal,US,USD
TXN-00000509,SIG-00051,2024-07-26 19:51:00.659656,2335.64,out,fx_exchange,CN,CHF
TXN-00000167,SIG-00017,2024-10-24 12:25:57.628754,1650.49,in,withdrawal,US,USD
TXN-00005498,SIG-00614,2024-11-02 22:55:51.580564,423.21,out,payment,US,USD
TXN-00009052,SIG-01004,2024-06-21 19:18:52.678057,871.41,out,payment,US,USD
TXN-00001007,SIG-00104,2024-08-11 03:46:38.010275,1680.24,out,bill_pay,US,USD
TXN-00009108,SIG-01010,2024-08-17 20:35:54.776032,2824.87,in,payment,US,USD
TXN-00001915,SIG-00206,2024-05-09 06:48:09.503087,3009.73,out,payment,US,USD
TXN-00003495,SIG-00389,2024-01-31 21:45:20.101608,1252.71,in,payment,US,USD
TXN-00010502,SIG-01159,2024-11-18 02:49:05.550157,473.21,out,transfer,US,USD
TXN-00010623,SIG-01172,2024-05-09 20:46:37.435523,3718.17,in,withdrawal,US,USD
TXN-00007703,SIG-00858,2024-10-16 02:07:06.557169,760.67,out,transfer,NG,USD
TXN-00004991,SIG-00558,2024-10-23 07:29:27.347613,768.54,out,deposit,US,USD
TXN-00002537,SIG-00279,2024-10-10 11:16:25.338326,1144.24,in,wire,BR,USD
TXN-00001105,SIG-00115,2024-05-11 15:28:42.483406,248.32,in,card_purchase,US,USD
TXN-00003876,SIG-00430,2024-08-24 20:43:28.554381,656.88,in,transfer,US,USD
TXN-00009822,SIG-01085,2024-07-18 01:50:38.531308,492.02,in,wire,US,USD
TXN-00001753,SIG-00190,2024-01-10 23:02:12.722553,922.09,out,payment,US,USD
TXN-00005311,SIG-00593,2024-09-06 17:04:23.394493,104.92,in,wire,US,USD
TXN-00005953,SIG-00665,2024-05-30 07:45:10.913794,1199.01,out,atm_withdrawal,US,USD
TXN-00008268,SIG-00913,2024-07-12 05:03:53.905396,1261.95,in,refund,US,USD
TXN-00002917,SIG-00324,2024-09-13 06:57:39.501455,1295.59,out,payment,US,USD
TXN-00008865,SIG-00980,2024-04-10 00:31:32.347012,278.19,out,deposit,US,USD
TXN-00005755,SIG-00645,2024-06-01 23:42:44.719041,19058.44,in,withdrawal,US,USD
TXN-00000153,SIG-00016,2024-12-08 19:44:31.533809,5787.36,out,atm_withdrawal,US,USD
TXN-00005231,SIG-00581,2024-04-08 23:32:03.169656,672.38,in,wire,US,USD
TXN-00008688,SIG-00962,2024-06-28 18:23:37.243178,434.55,out,fx_exchange,US,USD
TXN-00005680,SIG-00635,2024-05-05 12:02:39.226300,2289.0,in,refund,US,USD
TXN-00003908,SIG-00434,2024-02-03 00:01:51.760718,14587.5,out,payment,US,USD
TXN-00009963,SIG-01101,2024-09-03 13:13:16.246935,280.58,in,fx_exchange,US,USD
TXN-00002553,SIG-00280,2024-08-03 23:32:56.282650,554.99,in,refund,US,USD
TXN-00002774,SIG-00305,2024-02-12 14:37:15.016807,8764.65,in,payment,US,USD
TXN-00007294,SIG-00814,2024-06-05 08:03:28.607462,2468.21,in,wire,US,USD
TXN-00003552,SIG-00396,2024-04-20 13:33:27.092403,383.25,out,fx_exchange,US,USD
TXN-00003723,SIG-00413,2024-04-02 06:39:37.446028,3692.66,in,deposit,US,USD
TXN-00007948,SIG-00881,2024-06-11 15:13:04.791248,344.81,out,refund,KY,USD
TXN-00000521,SIG-00052,2024-10-17 18:34:22.903472,1324.2,out,fx_exchange,US,USD
TXN-00008850,SIG-00979,2024-04-05 21:54:21.510160,5324.56,in,wire,US,USD
TXN-00008726,SIG-00967,2024-08-19 22:26:15.074398,543.77,in,card_purchase,CN,USD
TXN-00009982,SIG-01103,2024-04-05 11:05:13.246033,1360.07,out,wire,UA,USD
TXN-00004539,SIG-00505,2024-08-18 14:47:04.710188,564.64,in,payment,US,USD
TXN-00006176,SIG-00693,2024-05-26 09:56:29.013432,2028.69,in,wire,US,USD
TXN-00008107,SIG-00897,2024-07-27 12:22:04.158786,2329.01,in,refund,NG,CHF
TXN-00007082,SIG-00792,2024-02-14 11:58:41.680607,1130.68,in,wire,US,USD
TXN-00001823,SIG-00198,2024-12-07 19:32:34.133899,314.98,in,card_purchase,US,USD
TXN-00004087,SIG-00455,2024-10-31 12:54:33.180587,106.08,out,transfer,US,USD
TXN-00007350,SIG-00820,2024-05-25 19:51:40.257470,1334.26,in,atm_withdrawal,US,USD
TXN-00009540,SIG-01053,2024-05-21 03:31:33.391794,164.79,out,transfer,US,USD
TXN-00006897,SIG-00771,2024-10-09 17:25:13.511069,381.75,in,fx_exchange,US,USD
TXN-00001992,SIG-00213,2024-11-05 14:11:02.562578,3950.91,out,payment,US,USD
TXN-00009607,SIG-01063,2024-08-10 15:40:08.993109,2888.0,in,deposit,US,USD
TXN-00000310,SIG-00033,2024-01-22 03:08:18.380893,959.94,in,deposit,US,USD
TXN-00004309,SIG-00477,2024-10-12 03:10:34.108269,1384.49,in,atm_withdrawal,US,USD
TXN-00007734,SIG-00860,2024-03-18 18:34:22.734834,2837.49,in,fx_exchange,US,USD
TXN-00008464,SIG-00938,2024-10-24 18:35:22.896422,1680.69,out,deposit,US,USD
TXN-00003600,SIG-00401,2024-12-04 17:59:20.750503,217.64,out,card_purchase,US,USD
TXN-00003623,SIG-00404,2024-12-26 11:14:11.243736,2720.68,in,wire,US,USD
TXN-00003812,SIG-00423,2024-07-15 04:03:16.744217,9158.45,out,card_purchase,US,USD
TXN-00006006,SIG-00671,2024-08-17 23:19:26.919274,4672.17,out,transfer,US,USD
TXN-00003451,SIG-00384,2024-10-28 18:28:33.522523,788.54,in,transfer,US,USD
TXN-00004592,SIG-00510,2024-09-11 22:16:15.724517,575.12,in,atm_withdrawal,US,USD
TXN-00000206,SIG-00020,2024-11-01 09:02:11.861535,2960.32,out,transfer,TR,USD
TXN-00010719,SIG-01184,2024-02-03 23:28:15.435827,2694.65,out,refund,KY,GBP
TXN-00001136,SIG-00119,2024-02-23 06:55:08.249295,145.26,in,deposit,US,USD
TXN-00006681,SIG-00746,2024-09-12 11:54:27.692542,2184.38,in,atm_withdrawal,US,USD
TXN-00010730,SIG-01185,2024-08-30 02:06:29.794740,968.95,out,card_purchase,US,USD
TXN-00002750,SIG-00302,2024-01-14 02:43:40.660405,2763.3,out,atm_withdrawal,US,USD
TXN-00003614,SIG-00402,2024-01-15 04:25:51.772439,146.29,in,card_purchase,US,USD
TXN-00000306,SIG-00032,2024-10-15 06:39:31.131925,1823.17,in,payment,US,USD
TXN-00001850,SIG-00199,2024-08-18 01:27:22.903228,656.26,in,transfer,IN,JPY
TXN-00007704,SIG-00858,2024-10-12 01:51:21.708874,901.38,in,withdrawal,US,USD
TXN-00010627,SIG-01172,2024-04-05 09:21:50.633053,1842.42,out,payment,US,USD
TXN-00001989,SIG-00213,2024-11-10 07:18:44.214479,564.06,out,wire,US,USD
TXN-00003241,SIG-00360,2024-05-12 23:16:20.918949,2522.1,in,atm_withdrawal,IN,USD
TXN-00002799,SIG-00308,2024-10-16 08:48:00.558172,829.45,out,wire,US,USD
TXN-00004516,SIG-00502,2024-03-21 18:51:37.119479,1346.67,in,deposit,US,USD
TXN-00005631,SIG-00629,2024-03-31 06:25:53.141134,597.06,out,bill_pay,US,USD
TXN-00008686,SIG-00962,2024-07-24 19:31:35.396558,1689.32,in,card_purchase,US,USD
TXN-00003110,SIG-00347,2024-10-13 19:58:07.563437,38.79,in,card_purchase,US,USD
TXN-00004940,SIG-00552,2024-09-11 20:34:39.067555,2162.51,out,wire,TR,JPY
TXN-00004060,SIG-00452,2024-05-26 21:39:48.995618,7435.37,out,deposit,US,USD
TXN-00001988,SIG-00213,2024-10-15 09:42:38.605362,3524.4,out,card_purchase,US,USD
TXN-00005935,SIG-00662,2024-06-08 07:42:15.590824,1142.95,in,deposit,US,USD
TXN-00009684,SIG-01070,2024-03-30 13:35:12.066109,2191.23,in,fx_exchange,US,USD
TXN-00007914,SIG-00877,2024-04-30 16:14:53.465169,1303.2,out,payment,TR,JPY
TXN-00000384,SIG-00039,2024-02-01 21:11:47.838318,2442.33,in,deposit,US,USD
TXN-00005635,SIG-00629,2024-04-03 10:28:36.412655,788.13,out,refund,PA,GBP
TXN-00004308,SIG-00477,2024-10-06 09:39:06.325039,414.07,in,transfer,US,USD
TXN-00003389,SIG-00376,2024-04-12 08:17:47.400912,638.87,out,transfer,US,USD
TXN-00003157,SIG-00353,2024-06-20 06:36:34.037040,4241.22,out,withdrawal,IN,JPY
TXN-00006054,SIG-00679,2024-11-03 19:14:10.621559,793.68,out,withdrawal,US,USD
TXN-00010889,SIG-01200,2024-05-04 14:05:03.535251,3697.97,in,card_purchase,US,USD
TXN-00006535,SIG-00731,2024-03-01 08:25:47.084713,2491.38,in,card_purchase,US,USD
TXN-00002728,SIG-00299,2024-04-08 03:22:20.056010,7478.7,in,atm_withdrawal,US,USD
TXN-00007574,SIG-00844,2024-02-07 05:41:19.553282,1576.49,in,wire,US,USD
TXN-00007513,SIG-00839,2024-11-29 18:13:41.203148,2740.88,in,refund,US,USD
TXN-00009476,SIG-01046,2024-01-29 21:59:29.523834,472.3,in,card_purchase,US,USD
TXN-00009055,SIG-01004,2024-07-16 11:03:20.083088,2530.84,in,card_purchase,TR,GBP
TXN-00010552,SIG-01165,2024-04-10 03:23:27.012398,7384.54,in,payment,US,USD
TXN-00007729,SIG-00860,2024-03-05 10:50:36.379678,267.32,out,withdrawal,US,USD
TXN-00003833,SIG-00426,2024-05-18 00:37:24.236176,2133.53,in,payment,US,USD
TXN-00009498,SIG-01048,2024-01-05 00:50:36.951423,15152.59,in,deposit,US,USD
TXN-00004777,SIG-00533,2024-08-19 05:20:35.244448,429.73,out,payment,US,USD
TXN-00004277,SIG-00475,2024-09-03 00:43:06.482436,1348.18,out,wire,US,USD
TXN-00000254,SIG-00025,2023-12-30 20:27:16.728804,167.62,out,card_purchase,US,USD
TXN-00007382,SIG-00823,2024-04-28 06:12:20.991332,1647.86,out,atm_withdrawal,US,USD
TXN-00010457,SIG-01156,2024-05-21 18:39:15.688687,1741.77,out,deposit,US,USD
TXN-00002925,SIG-00324,2024-09-02 19:55:39.147051,485.53,out,payment,UA,JPY
TXN-00000279,SIG-00029,2024-12-05 04:27:04.219726,534.29,in,card_purchase,US,USD
TXN-00006772,SIG-00757,2024-02-20 02:17:49.621881,24889.56,out,wire,US,USD
TXN-00003253,SIG-00362,2024-07-06 04:59:07.703798,4314.12,out,wire,TR,EUR
TXN-00007476,SIG-00835,2024-06-26 21:07:59.856560,379.53,out,card_purchase,US,USD
TXN-00002481,SIG-00272,2024-07-17 09:59:49.257348,9395.35,in,wire,US,USD
TXN-00000290,SIG-00031,2024-02-26 18:15:27.398515,1116.82,out,payment,NG,EUR
TXN-00010704,SIG-01182,2024-03-22 06:25:26.513174,1689.75,in,card_purchase,US,USD
TXN-00003076,SIG-00342,2024-06-20 05:53:08.675576,781.72,in,transfer,US,USD
TXN-00004074,SIG-00454,2024-07-11 09:56:40.285216,269.27,in,fx_exchange,US,USD
TXN-00002584,SIG-00283,2024-03-16 19:47:19.905344,213.14,in,payment,US,USD
TXN-00008085,SIG-00895,2024-03-26 02:26:50.912425,89.55,in,deposit,US,USD
TXN-00006109,SIG-00685,2024-07-12 09:28:21.394010,3758.93,in,payment,US,USD
TXN-00005090,SIG-00568,2024-05-19 16:48:05.771091,936.58,in,deposit,US,USD
TXN-00006333,SIG-00711,2024-06-05 00:31:44.521439,438.4,in,withdrawal,US,USD
TXN-00010714,SIG-01183,2024-12-14 21:09:02.609645,3007.66,in,transfer,NG,GBP
TXN-00008441,SIG-00934,2024-11-01 00:01:00.750959,529.28,out,payment,US,USD
TXN-00010590,SIG-01169,2024-06-20 02:40:34.155912,167.23,in,wire,US,USD
TXN-00009160,SIG-01015,2024-02-28 02:47:00.100180,2461.88,out,card_purchase,US,USD
TXN-00006851,SIG-00766,2024-02-15 01:14:14.877569,856.45,out,card_purchase,US,USD
TXN-00009771,SIG-01081,2024-08-18 02:51:12.015390,578.91,out,fx_exchange,US,USD
TXN-00007318,SIG-00816,2024-08-10 19:26:29.048040,2378.39,in,payment,US,USD
TXN-00004067,SIG-00454,2024-07-08 17:55:37.937973,464.55,out,refund,US,USD
TXN-00000271,SIG-00028,2024-04-22 03:42:32.621901,436.0,in,withdrawal,US,USD
TXN-00006010,SIG-00672,2024-05-17 09:39:25.351472,697.67,out,deposit,US,USD
TXN-00008729,SIG-00967,2024-08-10 15:48:51.041582,1987.18,in,transfer,US,USD
TXN-00004571,SIG-00508,2024-03-15 12:40:45.220845,11788.41,out,transfer,US,USD
TXN-00003577,SIG-00398,2024-05-06 08:59:33.023370,644.78,out,transfer,US,USD
TXN-00003566,SIG-00397,2024-07-26 12:36:04.294942,614.43,out,card_purchase,US,USD
TXN-00002972,SIG-00331,2024-01-04 08:44:39.160704,950.95,out,payment,US,USD
TXN-00007408,SIG-00826,2024-07-13 08:18:26.550315,410.68,out,wire,US,USD
TXN-00009570,SIG-01057,2023-12-30 04:57:45.535974,966.33,in,fx_exchange,US,USD
TXN-00004208,SIG-00467,2024-10-16 11:46:06.631959,678.68,out,wire,US,USD
TXN-00003219,SIG-00357,2024-08-26 18:57:24.455964,2791.77,in,transfer,US,USD
TXN-00001392,SIG-00147,2024-10-05 13:49:33.917047,61.2,in,atm_withdrawal,US,USD
TXN-00006697,SIG-00749,2024-07-21 19:01:12.599715,2296.84,out,payment,US,USD
TXN-00003976,SIG-00443,2024-01-08 02:29:06.637571,18655.07,in,card_purchase,US,USD
TXN-00004317,SIG-00478,2024-01-01 20:00:51.286354,1590.02,out,atm_withdrawal,KY,EUR
TXN-00010325,SIG-01140,2024-03-31 12:17:10.154491,2857.24,out,atm_withdrawal,US,USD
TXN-00002676,SIG-00294,2024-08-02 14:01:47.582304,421.43,in,payment,US,USD
TXN-00006898,SIG-00771,2024-10-02 11:01:49.094368,1422.2,in,card_purchase,US,USD
TXN-00001423,SIG-00154,2024-03-08 07:33:22.373366,10837.47,in,refund,TR,GBP
TXN-00000084,SIG-00008,2024-05-11 05:05:42.345882,285.6,out,card_purchase,US,USD
TXN-00000874,SIG-00090,2024-05-06 03:38:07.737419,63.48,in,bill_pay,US,USD
TXN-00010473,SIG-01157,2024-01-05 21:01:17.191450,1718.49,out,refund,US,USD
TXN-00008636,SIG-00956,2024-02-22 22:55:03.099062,1784.19,in,withdrawal,US,USD
TXN-00004558,SIG-00508,2024-03-25 21:27:23.248501,2550.44,out,card_purchase,US,USD
TXN-00004501,SIG-00500,2024-02-09 18:04:22.799590,269.74,in,card_purchase,US,USD
TXN-00004648,SIG-00517,2024-07-21 09:10:17.848731,441.31,out,atm_withdrawal,TR,CHF
TXN-00007793,SIG-00866,2024-08-24 17:34:07.007067,209.74,in,withdrawal,US,USD
TXN-00006471,SIG-00726,2024-10-08 11:31:00.051458,1838.73,in,refund,KY,EUR
TXN-00002039,SIG-00221,2024-06-15 10:23:47.361853,423.44,in,refund,US,USD
TXN-00008531,SIG-00944,2024-10-17 02:59:38.205345,399.84,out,payment,US,USD
TXN-00010567,SIG-01166,2024-08-25 06:37:13.435139,550.39,out,deposit,US,USD
TXN-00001133,SIG-00119,2024-02-16 22:18:16.034303,2003.18,in,card_purchase,KY,USD
TXN-00002451,SIG-00269,2024-01-08 07:53:54.416267,2425.2,in,bill_pay,US,USD
TXN-00003955,SIG-00441,2024-08-05 19:21:13.625966,488.84,in,deposit,US,USD
TXN-00002330,SIG-00255,2024-05-30 19:35:46.030991,2179.86,out,withdrawal,US,USD
TXN-00009951,SIG-01099,2024-04-15 14:37:27.459608,7247.13,out,payment,BR,CHF
TXN-00006243,SIG-00702,2024-10-07 00:56:35.829622,3114.82,in,deposit,KY,USD
TXN-00008305,SIG-00916,2024-02-04 18:01:44.031654,4631.26,in,refund,US,USD
TXN-00005043,SIG-00562,2024-06-06 18:30:42.511900,1123.5,out,payment,US,USD
TXN-00010210,SIG-01126,2024-04-08 13:22:41.844484,1883.41,out,bill_pay,US,USD
TXN-00004747,SIG-00529,2024-06-04 13:20:09.494372,1536.46,in,deposit,US,USD
TXN-00010214,SIG-01126,2024-04-19 01:07:04.205439,6281.75,in,transfer,US,USD
TXN-00008972,SIG-00993,2024-07-28 04:36:49.296841,178.47,out,withdrawal,US,USD
TXN-00007773,SIG-00864,2024-05-24 21:17:48.657434,2331.84,out,withdrawal,US,USD
TXN-00007945,SIG-00881,2024-06-19 15:52:59.055120,1737.93,out,withdrawal,RU,GBP
TXN-00007602,SIG-00849,2024-09-30 02:29:30.791158,8827.4,in,payment,UA,JPY
TXN-00007160,SIG-00801,2024-09-25 11:45:04.785817,10744.89,in,payment,US,USD
TXN-00002402,SIG-00262,2024-04-06 04:27:34.814114,168.82,in,withdrawal,US,USD
TXN-00005521,SIG-00615,2024-04-06 14:49:38.953298,507.46,out,withdrawal,US,USD
TXN-00001217,SIG-00129,2024-07-24 17:19:55.874070,62.6,out,payment,US,USD
TXN-00009488,SIG-01046,2024-01-31 19:21:30.510365,47403.5,in,deposit,RU,GBP
TXN-00006021,SIG-00674,2024-10-22 14:19:05.660894,784.03,out,refund,US,USD
TXN-00008201,SIG-00906,2024-03-29 03:04:30.466655,3029.2,in,deposit,US,USD
TXN-00001065,SIG-00112,2024-11-20 21:16:56.890250,787.11,in,card_purchase,US,USD
TXN-00003787,SIG-00419,2024-04-01 18:35:31.642529,316.98,in,bill_pay,US,USD
TXN-00004411,SIG-00489,2024-10-02 00:28:49.643824,115.46,out,transfer,US,USD
TXN-00005386,SIG-00601,2024-06-14 12:26:41.785583,32.43,in,transfer,US,USD
TXN-00008461,SIG-00937,2024-09-02 07:53:47.326378,562.86,in,refund,US,USD
TXN-00005524,SIG-00616,2024-09-17 04:12:48.856085,342.02,in,deposit,AE,CHF
TXN-00005997,SIG-00671,2024-08-07 06:39:04.691410,724.49,in,bill_pay,US,USD
TXN-00009640,SIG-01066,2024-09-27 11:00:38.383251,3224.38,in,transfer,US,USD
TXN-00007226,SIG-00810,2024-09-25 20:33:07.443741,2814.4,in,atm_withdrawal,PA,EUR
TXN-00005889,SIG-00657,2024-11-11 21:38:47.189086,1621.04,out,transfer,AE,GBP
TXN-00002162,SIG-00237,2024-10-14 05:15:02.177265,940.09,in,payment,RU,CHF
TXN-00003009,SIG-00335,2024-02-27 03:08:37.444915,1188.79,in,deposit,US,USD
TXN-00009864,SIG-01090,2024-06-30 08:09:34.671870,1874.0,in,wire,US,USD
TXN-00001106,SIG-00115,2024-05-17 22:01:40.537096,106.24,in,wire,US,USD
TXN-00007963,SIG-00882,2024-06-09 05:12:37.995991,269.78,out,withdrawal,US,USD
TXN-00000693,SIG-00073,2024-04-12 02:57:23.637653,33339.66,out,atm_withdrawal,BR,EUR
TXN-00002004,SIG-00216,2024-01-25 07:07:21.346516,119.36,out,card_purchase,US,USD
TXN-00004957,SIG-00553,2024-09-21 20:17:17.387665,956.37,in,card_purchase,TR,USD
TXN-00007896,SIG-00876,2024-01-03 07:19:16.881320,3168.77,in,wire,NG,EUR
TXN-00009243,SIG-01023,2024-12-18 21:02:04.978392,80138.35,out,deposit,US,USD
TXN-00004370,SIG-00483,2024-05-23 20:11:37.430344,591.68,out,atm_withdrawal,US,USD
TXN-00009689,SIG-01070,2024-03-28 04:55:16.624577,440.31,in,atm_withdrawal,US,USD
TXN-00002766,SIG-00303,2024-04-16 14:16:55.267526,733.69,in,card_purchase,US,USD
TXN-00003930,SIG-00438,2024-05-18 22:16:42.063937,472.74,in,card_purchase,US,USD
TXN-00008356,SIG-00922,2024-07-13 03:49:44.363420,319.41,out,payment,KY,JPY
TXN-00009532,SIG-01052,2024-02-21 14:03:50.430783,1581.42,in,card_purchase,US,USD
TXN-00010702,SIG-01182,2024-03-22 01:33:13.511586,503.1,in,wire,US,USD
TXN-00007648,SIG-00853,2024-08-28 23:14:32.197038,2799.85,out,withdrawal,US,USD
TXN-00000629,SIG-00064,2024-09-15 21:21:26.493058,663.46,in,payment,IN,EUR
TXN-00002452,SIG-00269,2024-01-01 16:16:09.683319,3246.38,out,deposit,US,USD
TXN-00007466,SIG-00833,2024-09-12 05:03:52.466071,621.17,out,card_purchase,US,USD
TXN-00007872,SIG-00874,2024-12-16 11:21:58.331485,1308.1,in,transfer,US,USD
TXN-00003825,SIG-00425,2024-09-09 22:37:24.684300,1471.27,in,transfer,KY,USD
TXN-00009794,SIG-01083,2024-06-10 05:28:16.285987,691.57,out,refund,US,USD
TXN-00002653,SIG-00291,2024-05-04 18:38:10.664298,882.49,in,transfer,CN,CHF
TXN-00009931,SIG-01098,2024-11-23 11:47:01.155111,567.85,out,deposit,US,USD
TXN-00003744,SIG-00416,2024-10-01 00:47:21.853721,776.02,in,wire,US,USD
TXN-00002177,SIG-00239,2024-05-12 13:57:44.967611,284.55,in,withdrawal,US,USD
TXN-00010790,SIG-01191,2024-03-05 20:30:16.175967,712.08,in,fx_exchange,US,USD
TXN-00006690,SIG-00747,2024-03-08 07:58:36.162792,4350.55,out,withdrawal,US,USD
TXN-00010100,SIG-01113,2024-01-02 05:54:05.090286,1017.54,in,card_purchase,US,USD
TXN-00003319,SIG-00369,2024-06-25 05:39:45.172066,18062.83,in,wire,NG,USD
TXN-00007586,SIG-00847,2024-04-27 14:58:56.169026,9044.65,in,payment,US,USD
TXN-00002788,SIG-00307,2024-07-27 06:09:03.945914,640.76,out,payment,US,USD
TXN-00004106,SIG-00458,2024-03-15 19:56:27.599035,3318.81,out,withdrawal,US,USD
TXN-00007603,SIG-00849,2024-10-10 05:10:36.623398,890.91,in,card_purchase,US,USD
TXN-00001677,SIG-00183,2024-09-28 01:17:55.056324,1503.8,out,wire,PA,USD
TXN-00003948,SIG-00441,2024-08-09 08:58:41.432732,987.9,out,card_purchase,US,USD
TXN-00004445,SIG-00493,2024-03-23 15:27:26.756508,700.31,out,payment,KY,USD
TXN-00002937,SIG-00326,2024-08-29 17:23:37.200634,1598.18,out,fx_exchange,US,USD
TXN-00007969,SIG-00883,2023-12-30 22:57:05.757021,1099.58,in,withdrawal,US,USD
TXN-00002838,SIG-00314,2024-08-07 04:11:56.044178,836.11,in,card_purchase,US,USD
TXN-00005723,SIG-00640,2024-04-13 05:55:56.071494,1513.02,out,payment,US,USD
TXN-00009739,SIG-01079,2024-08-07 21:21:41.424319,6776.2,in,refund,US,USD
TXN-00002504,SIG-00274,2024-09-04 22:16:26.993248,207.14,in,bill_pay,US,USD
TXN-00009246,SIG-01024,2024-03-06 20:12:57.577839,1462.71,out,transfer,TR,CHF
TXN-00002370,SIG-00259,2024-02-17 22:54:10.489645,7031.63,in,withdrawal,US,USD
TXN-00004968,SIG-00554,2024-12-16 23:51:37.411443,198.1,out,fx_exchange,US,USD
TXN-00005884,SIG-00657,2024-11-09 05:54:56.378837,975.58,out,atm_withdrawal,RU,JPY
TXN-00002218,SIG-00244,2024-10-14 00:07:24.194349,324.02,in,wire,KY,JPY
TXN-00005848,SIG-00655,2024-02-04 00:06:12.406747,1648.86,in,payment,US,USD
TXN-00002219,SIG-00244,2024-10-03 22:27:40.840341,523.97,in,card_purchase,US,USD
TXN-00003327,SIG-00369,2024-06-17 18:08:48.175452,4753.4,out,bill_pay,US,USD
TXN-00010636,SIG-01173,2024-05-22 06:36:38.212978,2667.27,in,bill_pay,BR,USD
TXN-00003584,SIG-00399,2024-11-10 23:48:19.668520,1144.66,out,transfer,US,USD
TXN-00010703,SIG-01182,2024-03-28 05:01:24.824520,2284.07,in,wire,US,USD
TXN-00003620,SIG-00403,2024-01-20 16:07:44.198702,403.11,out,card_purchase,US,USD
TXN-00006218,SIG-00698,2024-01-27 00:54:11.553479,863.22,out,card_purchase,US,USD
TXN-00002469,SIG-00271,2024-08-23 03:56:57.813740,6927.01,out,withdrawal,US,USD
TXN-00007689,SIG-00856,2024-10-07 10:38:06.740141,357.11,in,fx_exchange,BR,CHF
TXN-00003116,SIG-00348,2024-11-17 12:40:42.828351,529.73,in,payment,BR,JPY
TXN-00000086,SIG-00009,2024-06-28 02:55:15.066787,668.83,out,card_purchase,US,USD
TXN-00009230,SIG-01022,2024-05-26 21:37:29.044786,6315.6,in,transfer,US,USD
TXN-00005974,SIG-00667,2024-10-20 11:14:38.334758,491.22,out,wire,US,USD
TXN-00002802,SIG-00309,2024-07-14 15:52:21.772447,612.4,out,transfer,US,USD
TXN-00003672,SIG-00408,2024-03-07 02:03:06.378632,596.68,out,refund,IN,GBP
TXN-00003668,SIG-00407,2024-01-15 19:51:48.772153,769.2,out,payment,US,USD
TXN-00010671,SIG-01179,2024-09-20 10:12:03.467305,1870.3,in,wire,US,USD
TXN-00010789,SIG-01191,2024-02-29 11:24:09.690316,1086.73,out,fx_exchange,US,USD
TXN-00005159,SIG-00574,2024-05-25 13:36:48.600265,165.29,out,deposit,US,USD
TXN-00006977,SIG-00781,2024-03-18 13:26:01.006368,406.48,in,card_purchase,US,USD
TXN-00005726,SIG-00640,2024-04-13 06:35:01.027841,289.49,out,transfer,US,USD
TXN-00004591,SIG-00510,2024-09-10 22:25:32.315195,212.51,in,payment,US,USD
TXN-00002020,SIG-00218,2024-11-23 02:44:40.446428,434.99,out,refund,US,USD
TXN-00003424,SIG-00383,2024-07-31 04:59:17.489694,1755.43,out,payment,US,USD
TXN-00002526,SIG-00277,2024-03-06 08:43:10.199035,599.28,out,card_purchase,US,USD
TXN-00008551,SIG-00946,2024-10-03 15:42:51.517743,2376.93,out,deposit,US,USD
TXN-00007454,SIG-00832,2024-03-27 04:39:45.699957,213.72,in,wire,US,USD
TXN-00003213,SIG-00356,2024-04-12 22:31:04.386015,597.71,in,atm_withdrawal,US,USD
TXN-00000520,SIG-00052,2024-11-18 11:08:44.571318,2281.11,out,transfer,US,USD
TXN-00005367,SIG-00599,2024-01-09 17:22:54.055261,5843.23,in,wire,US,USD
TXN-00008090,SIG-00895,2024-03-19 05:06:44.806632,3042.93,out,card_purchase,US,USD
TXN-00006594,SIG-00739,2024-10-26 15:07:31.952338,4156.52,in,card_purchase,PA,JPY
TXN-00002896,SIG-00321,2024-09-02 06:13:25.658334,898.66,out,refund,US,USD
TXN-00000245,SIG-00024,2024-02-05 21:05:15.738453,1567.16,in,withdrawal,US,USD
TXN-00005931,SIG-00662,2024-06-19 19:06:21.020630,985.08,in,payment,US,USD
TXN-00004715,SIG-00524,2024-12-05 12:38:18.716854,133.4,in,atm_withdrawal,TR,JPY
TXN-00010043,SIG-01107,2024-03-01 15:21:09.615189,590.3,out,card_purchase,US,USD
TXN-00003426,SIG-00383,2024-08-03 22:02:14.640806,352.39,out,wire,US,USD
TXN-00008058,SIG-00893,2024-07-14 00:30:12.236544,13367.62,out,payment,AE,JPY
TXN-00003643,SIG-00406,2024-07-09 10:51:10.705648,1973.16,in,wire,US,USD
TXN-00008038,SIG-00889,2024-08-01 14:43:20.582928,1963.73,out,atm_withdrawal,US,USD
TXN-00007939,SIG-00880,2024-05-18 13:03:47.857084,4087.95,in,transfer,US,USD
TXN-00007389,SIG-00824,2024-05-14 08:50:12.583898,489.27,out,deposit,US,USD
TXN-00008421,SIG-00931,2024-08-24 23:13:53.409220,479.07,out,bill_pay,US,USD
TXN-00005510,SIG-00614,2024-11-04 20:40:10.433120,2807.65,in,withdrawal,US,USD
TXN-00006298,SIG-00707,2024-02-05 23:14:01.743770,337.33,in,card_purchase,US,USD
TXN-00002002,SIG-00215,2024-06-18 13:06:13.991515,670.99,in,card_purchase,US,USD
TXN-00000886,SIG-00092,2024-09-23 08:10:47.422363,855.11,out,withdrawal,US,USD
TXN-00000870,SIG-00090,2024-04-06 07:27:52.900808,1066.36,out,refund,US,USD
TXN-00006455,SIG-00724,2024-03-21 05:01:42.410532,2198.15,in,deposit,US,USD
TXN-00010560,SIG-01165,2024-04-16 22:28:13.185999,2842.06,in,refund,RU,GBP
TXN-00009781,SIG-01082,2024-05-29 20:37:47.439479,5404.86,out,transfer,US,USD
TXN-00007595,SIG-00848,2024-10-19 01:31:47.485436,19718.54,in,wire,TR,EUR
TXN-00005721,SIG-00639,2024-03-13 19:05:28.169472,2378.26,out,transfer,CN,JPY
TXN-00000357,SIG-00036,2024-07-27 14:19:07.947452,374.29,out,payment,BR,GBP
TXN-00010791,SIG-01191,2024-03-15 14:20:52.965986,1673.04,out,withdrawal,NG,USD
TXN-00005452,SIG-00609,2023-12-30 18:08:23.222409,1907.83,out,card_purchase,US,USD
TXN-00007161,SIG-00801,2024-09-26 00:03:33.524927,1368.52,in,transfer,US,USD
TXN-00008938,SIG-00989,2024-02-16 23:41:42.792055,12708.39,in,deposit,US,USD
TXN-00007258,SIG-00813,2024-12-17 03:40:44.300713,4087.64,out,payment,CN,USD
TXN-00009557,SIG-01055,2024-08-02 04:28:13.935446,217.49,in,bill_pay,US,USD
TXN-00002744,SIG-00301,2024-06-23 18:52:39.198100,110.88,in,wire,CN,JPY
TXN-00010455,SIG-01155,2024-09-18 05:35:59.898463,3027.43,out,deposit,US,USD
TXN-00001276,SIG-00134,2024-03-09 06:45:11.680054,2992.21,out,deposit,RU,CHF
TXN-00001891,SIG-00203,2024-11-15 17:43:36.800349,739.11,out,withdrawal,US,USD
TXN-00009478,SIG-01046,2024-01-27 15:11:45.674548,127.48,out,payment,US,USD
TXN-00006416,SIG-00720,2024-04-20 04:29:32.762460,2814.16,in,atm_withdrawal,US,USD
TXN-00007862,SIG-00874,2024-12-10 00:31:49.511952,5685.84,in,transfer,PA,JPY
TXN-00010015,SIG-01106,2024-01-24 14:42:58.825084,713.06,out,deposit,US,USD
TXN-00003564,SIG-00397,2024-07-30 06:37:53.145839,665.96,out,wire,PA,USD
TXN-00005788,SIG-00649,2024-06-17 05:32:57.685932,2657.03,out,wire,US,USD
TXN-00004959,SIG-00553,2024-09-14 06:48:31.277114,9794.0,out,card_purchase,US,USD
TXN-00001547,SIG-00167,2024-05-18 19:16:53.489197,93.71,in,wire,US,USD
TXN-00006194,SIG-00695,2024-12-08 09:07:35.608558,3245.61,out,wire,US,USD
TXN-00002381,SIG-00260,2024-07-20 19:56:22.127976,568.64,in,refund,US,USD
TXN-00006475,SIG-00727,2024-08-25 09:20:27.998249,268.63,in,transfer,US,USD
TXN-00003824,SIG-00424,2024-01-02 10:10:45.393230,462.04,out,withdrawal,US,USD
TXN-00003233,SIG-00359,2024-07-21 19:35:38.857799,410.12,out,deposit,US,USD
TXN-00009157,SIG-01015,2024-03-01 12:14:36.603360,990.79,out,payment,US,USD
TXN-00003307,SIG-00367,2024-11-13 19:28:07.141126,149.21,in,card_purchase,US,USD
TXN-00000493,SIG-00051,2024-07-28 14:36:15.514134,6647.68,in,wire,US,USD
TXN-00003500,SIG-00389,2024-01-03 01:40:19.328320,779.63,in,refund,US,USD
TXN-00007973,SIG-00883,2023-12-29 17:57:42.444367,322.53,in,transfer,US,USD
TXN-00001117,SIG-00117,2024-07-30 07:49:18.297236,4948.52,in,payment,US,USD
TXN-00005638,SIG-00629,2024-04-03 05:58:44.573525,1864.56,out,payment,US,USD
TXN-00010277,SIG-01134,2024-03-08 11:15:25.354183,1323.18,out,deposit,US,USD
TXN-00006147,SIG-00690,2024-05-02 07:44:12.199258,462.54,out,transfer,US,USD
TXN-00010750,SIG-01187,2024-11-01 11:17:44.390225,829.11,in,card_purchase,NG,GBP
TXN-00009578,SIG-01059,2024-06-26 14:09:47.741034,725.76,in,card_purchase,BR,EUR
TXN-00008022,SIG-00888,2024-04-16 18:46:53.032825,5733.96,in,atm_withdrawal,US,USD
TXN-00008973,SIG-00993,2024-07-28 12:22:42.696768,435.3,in,refund,US,USD
TXN-00006858,SIG-00767,2024-05-08 19:08:24.490393,292.5,out,payment,US,USD
TXN-00009395,SIG-01037,2024-04-08 22:05:55.155788,7165.11,out,deposit,US,USD
TXN-00006590,SIG-00737,2024-05-08 11:19:57.023330,666.97,out,card_purchase,US,USD
TXN-00009892,SIG-01094,2024-03-08 05:36:39.200367,558.95,in,withdrawal,US,USD
TXN-00003646,SIG-00406,2024-07-20 04:11:41.678471,1009.58,in,card_purchase,US,USD
TXN-00002501,SIG-00273,2024-04-15 15:59:49.040256,3104.65,in,deposit,US,USD
TXN-00005678,SIG-00635,2024-03-28 00:27:57.398852,3123.22,out,payment,US,USD
TXN-00008744,SIG-00969,2024-01-09 05:55:05.112719,11315.58,in,atm_withdrawal,US,USD
TXN-00005242,SIG-00584,2024-09-02 04:52:35.495869,51.64,out,card_purchase,BR,USD
TXN-00008128,SIG-00899,2024-07-29 17:16:51.865814,1937.21,in,card_purchase,US,USD
TXN-00002784,SIG-00306,2024-05-08 21:09:19.118128,611.48,out,payment,US,USD
TXN-00006159,SIG-00692,2024-01-05 22:40:07.516286,539.68,in,card_purchase,US,USD
TXN-00003810,SIG-00423,2024-06-23 17:33:52.891460,3670.18,in,deposit,US,USD
TXN-00007921,SIG-00878,2024-01-18 04:31:59.916853,714.35,in,bill_pay,US,USD
TXN-00009434,SIG-01040,2024-04-30 00:16:55.116668,1446.55,in,deposit,US,USD
TXN-00002994,SIG-00333,2024-07-14 02:05:04.403355,359.01,out,bill_pay,US,USD
TXN-00001697,SIG-00185,2024-08-14 18:48:12.970778,313.52,out,card_purchase,US,USD
TXN-00005686,SIG-00636,2024-11-27 18:23:13.818093,2562.9,in,card_purchase,US,USD
TXN-00002296,SIG-00251,2024-03-15 12:04:49.022642,1156.0,out,atm_withdrawal,US,USD
TXN-00008974,SIG-00993,2024-06-19 16:16:07.071491,205.75,in,transfer,TR,GBP
TXN-00006505,SIG-00729,2024-03-01 20:12:27.822785,2482.7,out,payment,US,USD
TXN-00005940,SIG-00663,2024-06-06 02:24:18.799648,582.13,in,withdrawal,US,USD
TXN-00002053,SIG-00222,2024-12-07 15:24:20.759164,1075.29,in,transfer,BR,USD
TXN-00001777,SIG-00193,2024-06-23 04:34:45.354576,979.9,in,deposit,CN,USD
TXN-00007851,SIG-00872,2024-09-03 04:18:19.406392,202.83,out,card_purchase,KY,JPY
TXN-00003314,SIG-00368,2024-03-02 13:40:11.618700,200.75,out,refund,US,USD
TXN-00004782,SIG-00534,2024-10-05 16:21:11.454438,1185.16,in,payment,US,USD
TXN-00006633,SIG-00742,2024-12-06 12:03:15.518119,3246.97,in,card_purchase,US,USD
TXN-00009225,SIG-01022,2024-05-27 10:03:59.584677,1245.75,out,card_purchase,US,USD
TXN-00010772,SIG-01190,2024-04-17 12:15:19.002979,3652.62,in,bill_pay,US,USD
TXN-00001593,SIG-00172,2024-06-23 14:36:08.018240,1917.99,out,refund,IN,EUR
TXN-00001724,SIG-00187,2024-10-05 19:43:54.088100,2835.75,out,payment,US,USD
TXN-00000216,SIG-00020,2024-11-07 00:20:13.717353,15012.55,in,deposit,US,USD
TXN-00007566,SIG-00844,2024-02-18 13:20:38.607809,3231.79,out,payment,UA,EUR
TXN-00006708,SIG-00750,2024-10-27 00:20:26.121368,571.8,in,deposit,KY,CHF
TXN-00009543,SIG-01054,2024-09-18 10:42:45.065207,877.37,in,withdrawal,US,USD
TXN-00000491,SIG-00051,2024-07-27 04:00:40.265194,4596.71,in,payment,BR,JPY
TXN-00009961,SIG-01101,2024-10-08 17:09:12.583577,2301.79,out,deposit,US,USD
TXN-00003484,SIG-00388,2024-09-21 15:59:11.267560,144.45,in,payment,US,USD
TXN-00007007,SIG-00785,2024-07-14 15:19:24.190151,31123.43,in,deposit,US,USD
TXN-00005103,SIG-00570,2024-05-05 16:17:49.858279,409.75,in,withdrawal,US,USD
TXN-00005188,SIG-00576,2024-08-25 06:04:52.777654,76.61,in,transfer,US,USD
TXN-00003432,SIG-00383,2024-08-09 02:08:25.021697,155.62,out,refund,US,USD
TXN-00006600,SIG-00739,2024-10-20 11:25:05.668730,8330.73,out,wire,NG,JPY
TXN-00007531,SIG-00840,2024-04-04 20:36:32.789182,341.37,out,atm_withdrawal,US,USD
TXN-00000461,SIG-00047,2024-01-20 16:30:03.634561,491.54,in,wire,US,USD
TXN-00006411,SIG-00719,2024-04-13 03:51:55.222559,1868.6,out,payment,NG,JPY
TXN-00006651,SIG-00743,2024-07-16 21:45:00.475786,844.61,out,transfer,US,USD
TXN-00005514,SIG-00614,2024-11-05 08:39:42.245117,451.39,out,transfer,US,USD
TXN-00010342,SIG-01142,2024-02-20 13:19:46.935526,4758.43,out,deposit,US,USD
TXN-00000026,SIG-00003,2024-02-02 12:24:11.570784,1324.65,in,card_purchase,NG,EUR
TXN-00003513,SIG-00391,2024-01-28 21:53:51.706539,2212.7,out,payment,US,USD
TXN-00002410,SIG-00263,2024-09-28 14:02:58.900389,3203.85,out,transfer,US,USD
TXN-00003271,SIG-00363,2024-06-19 18:26:04.671815,87.37,out,withdrawal,US,USD
TXN-00005210,SIG-00578,2024-06-03 18:05:57.280036,1203.92,out,card_purchase,US,USD
TXN-00010018,SIG-01106,2024-01-18 14:38:55.360166,2815.04,out,deposit,US,USD
TXN-00001553,SIG-00168,2024-10-18 20:15:24.641838,521.27,in,card_purchase,TR,USD
TXN-00010032,SIG-01106,2024-01-16 21:12:28.287933,10262.21,out,bill_pay,US,USD
TXN-00009407,SIG-01038,2024-10-18 12:04:50.923951,390.66,in,card_purchase,IN,USD
TXN-00006684,SIG-00747,2024-02-03 06:22:46.957402,275.97,in,payment,US,USD
TXN-00003872,SIG-00430,2024-08-10 01:39:06.042489,3781.71,out,payment,US,USD
TXN-00007311,SIG-00816,2024-08-11 10:35:25.623297,1768.32,in,transfer,US,USD
TXN-00003403,SIG-00378,2024-01-01 06:40:18.550999,602.75,out,atm_withdrawal,US,USD
TXN-00004530,SIG-00504,2024-08-25 20:16:19.031364,1092.46,in,transfer,UA,JPY
TXN-00000980,SIG-00102,2024-06-18 23:13:24.263674,359.2,in,deposit,NG,USD
TXN-00002656,SIG-00291,2024-05-08 14:31:37.624229,4710.48,in,bill_pay,US,USD
TXN-00001848,SIG-00199,2024-08-03 18:38:50.664332,4681.94,out,transfer,US,USD
TXN-00008815,SIG-00976,2024-11-16 21:15:08.247740,1059.29,in,payment,US,USD
TXN-00010209,SIG-01126,2024-04-19 04:39:12.231631,1761.51,in,payment,BR,USD
TXN-00009625,SIG-01064,2024-04-01 04:17:00.368151,739.92,in,payment,KY,USD
TXN-00008450,SIG-00935,2024-10-15 13:08:56.313052,16444.19,in,wire,US,USD
TXN-00005722,SIG-00640,2024-04-12 06:28:31.203675,206.23,out,payment,US,USD
TXN-00000516,SIG-00052,2024-11-02 17:25:51.237160,7608.3,in,card_purchase,US,USD
TXN-00008971,SIG-00993,2024-06-20 00:10:46.365101,5060.71,out,wire,US,USD
TXN-00010516,SIG-01160,2024-03-07 18:46:16.838420,427.36,in,wire,US,USD
TXN-00009050,SIG-01003,2024-09-26 01:02:58.342957,326.92,out,payment,US,USD
TXN-00001103,SIG-00115,2024-05-09 12:05:27.563078,1139.95,out,payment,US,USD
TXN-00003277,SIG-00364,2023-12-17 05:03:44.946888,17464.39,out,payment,US,USD
TXN-00007739,SIG-00861,2024-05-10 07:32:00.857964,975.15,out,card_purchase,US,USD
TXN-00005346,SIG-00597,2024-06-19 07:14:39.287007,13519.12,out,fx_exchange,US,USD
TXN-00002658,SIG-00291,2024-05-02 16:51:25.575884,1943.76,in,bill_pay,US,USD
TXN-00009898,SIG-01094,2024-03-06 21:24:35.825332,4734.67,out,payment,US,USD
TXN-00009093,SIG-01009,2024-09-02 22:40:09.186699,2149.78,in,wire,US,USD
TXN-00003997,SIG-00445,2024-10-24 18:44:03.894166,2435.24,in,atm_withdrawal,US,USD
TXN-00000195,SIG-00019,2024-08-06 16:04:14.751710,22902.97,in,transfer,US,USD
TXN-00004712,SIG-00524,2024-11-23 22:21:09.557206,693.47,out,card_purchase,UA,GBP
TXN-00000644,SIG-00065,2024-12-12 12:30:05.906489,909.07,out,card_purchase,US,USD
TXN-00009815,SIG-01084,2024-03-25 06:13:48.298419,237.59,out,bill_pay,US,USD
TXN-00003286,SIG-00364,2023-12-07 11:01:05.894448,909.38,out,withdrawal,US,USD
TXN-00003117,SIG-00348,2024-10-21 11:10:19.672275,439.44,in,fx_exchange,US,USD
TXN-00007747,SIG-00861,2024-04-24 00:33:26.448352,236.67,out,deposit,US,USD
TXN-00003576,SIG-00398,2024-05-14 18:29:38.869202,114.65,in,card_purchase,US,USD
TXN-00006873,SIG-00769,2024-11-24 05:20:58.015682,1286.16,out,fx_exchange,US,USD
TXN-00009842,SIG-01087,2024-06-09 18:39:12.395745,3523.08,in,fx_exchange,US,USD
TXN-00004321,SIG-00478,2024-01-01 19:09:44.318404,417.82,out,transfer,US,USD
TXN-00007727,SIG-00860,2024-03-08 04:06:12.022041,677.76,out,transfer,PA,EUR
TXN-00010886,SIG-01200,2024-05-17 10:41:05.616136,907.25,in,transfer,NG,USD
TXN-00002208,SIG-00242,2024-02-21 21:16:45.956146,2132.24,out,withdrawal,US,USD
TXN-00004553,SIG-00507,2024-03-13 13:37:20.219520,394.74,in,withdrawal,US,USD
TXN-00004403,SIG-00487,2024-12-15 17:55:59.769232,391.42,in,card_purchase,US,USD
TXN-00009653,SIG-01067,2024-06-26 02:37:09.615067,21806.6,in,card_purchase,US,USD
TXN-00007396,SIG-00825,2024-07-12 13:59:32.431500,14781.97,out,deposit,KY,JPY
TXN-00003719,SIG-00413,2024-03-21 05:24:20.046830,181.31,out,payment,US,USD
TXN-00000973,SIG-00101,2024-10-28 14:38:22.074956,311.61,out,deposit,US,USD
TXN-00004580,SIG-00508,2024-03-17 04:48:11.451715,1023.48,in,fx_exchange,US,USD
TXN-00006517,SIG-00730,2024-01-11 14:10:06.024425,8666.05,out,bill_pay,CN,CHF
TXN-00006699,SIG-00749,2024-07-18 15:17:34.534933,5722.17,in,fx_exchange,US,USD
TXN-00000720,SIG-00076,2024-10-14 08:19:43.402859,540.57,out,withdrawal,US,USD
TXN-00007801,SIG-00866,2024-08-04 15:38:57.916545,401.09,in,payment,US,USD
TXN-00006156,SIG-00691,2024-08-25 01:08:06.750950,938.16,in,bill_pay,US,USD
TXN-00010282,SIG-01134,2024-03-08 12:47:55.835830,8346.33,in,wire,RU,USD
TXN-00003897,SIG-00433,2023-12-30 05:17:41.420388,1522.98,out,wire,US,USD
TXN-00002804,SIG-00309,2024-07-14 10:18:30.926946,127.99,in,atm_withdrawal,US,USD
TXN-00002567,SIG-00281,2024-11-26 14:07:55.109783,6263.82,in,bill_pay,US,USD
TXN-00004026,SIG-00449,2024-11-05 03:15:09.415157,1421.55,out,payment,US,USD
TXN-00006199,SIG-00696,2024-05-03 02:13:09.676703,1780.92,out,transfer,US,USD
TXN-00000033,SIG-00004,2024-02-29 23:51:50.015725,725.4,out,bill_pay,US,USD
TXN-00009060,SIG-01005,2024-08-09 09:29:40.437865,3621.75,out,atm_withdrawal,US,USD
TXN-00010624,SIG-01172,2024-04-15 20:23:48.706667,1903.91,out,withdrawal,US,USD
TXN-00010696,SIG-01181,2024-02-22 04:55:00.447204,1680.74,in,transfer,US,USD
TXN-00004064,SIG-00453,2024-10-28 20:38:01.790919,1337.89,in,withdrawal,US,USD
TXN-00009762,SIG-01081,2024-08-11 04:20:54.945247,401.4,in,refund,US,USD
TXN-00007302,SIG-00815,2024-05-31 21:48:23.220264,1395.54,in,deposit,IN,USD
TXN-00005541,SIG-00617,2024-08-05 16:16:29.331862,1249.47,out,card_purchase,US,USD
TXN-00001698,SIG-00185,2024-08-11 21:21:08.705498,1512.81,in,card_purchase,US,USD
TXN-00002793,SIG-00307,2024-08-09 01:18:15.212708,566.43,in,deposit,PA,CHF
TXN-00002223,SIG-00244,2024-10-10 02:36:57.485359,597.99,out,wire,US,USD
TXN-00005819,SIG-00652,2024-04-09 10:52:54.798741,234.57,in,wire,US,USD
TXN-00010533,SIG-01162,2024-06-29 12:12:03.739381,4204.82,in,bill_pay,US,USD
TXN-00003765,SIG-00417,2024-05-19 20:29:39.552094,1794.51,in,card_purchase,US,USD
TXN-00003867,SIG-00429,2024-10-05 05:05:11.494205,452.81,in,transfer,US,USD
TXN-00007676,SIG-00855,2024-02-26 16:32:21.312323,502.29,out,fx_exchange,US,USD
TXN-00009450,SIG-01043,2024-07-31 09:15:18.071451,1593.93,out,deposit,US,USD
TXN-00009752,SIG-01080,2024-03-02 19:14:20.689615,1428.91,in,card_purchase,US,USD
TXN-00010055,SIG-01108,2023-12-27 12:16:02.398145,1151.48,in,deposit,UA,GBP
TXN-00002513,SIG-00275,2024-06-21 23:39:09.018597,358.04,out,card_purchase,US,USD
TXN-00003759,SIG-00416,2024-09-24 00:29:10.360830,939.2,out,transfer,US,USD
TXN-00002832,SIG-00313,2024-03-03 23:44:22.262776,4603.44,in,payment,US,USD
TXN-00003228,SIG-00358,2024-11-30 13:36:32.134277,524.97,out,deposit,AE,CHF
TXN-00004215,SIG-00467,2024-10-14 21:10:20.816728,796.97,in,deposit,US,USD
TXN-00003924,SIG-00437,2024-07-03 19:50:49.833014,372.04,out,card_purchase,US,USD
TXN-00003905,SIG-00434,2024-02-17 17:56:41.306841,445.34,out,transfer,US,USD
TXN-00002278,SIG-00248,2024-07-31 10:51:45.649055,130.83,out,withdrawal,US,USD
TXN-00007002,SIG-00785,2024-06-29 16:40:38.758684,46344.71,out,card_purchase,RU,GBP
TXN-00008145,SIG-00900,2024-07-13 05:44:10.918446,734.6,out,card_purchase,US,USD
TXN-00001402,SIG-00150,2024-12-03 11:29:03.613559,625.28,out,transfer,RU,EUR
TXN-00000740,SIG-00078,2024-08-10 03:31:37.441345,411.94,in,wire,US,USD
TXN-00006553,SIG-00733,2024-05-27 01:25:20.774845,660.13,in,payment,US,USD
TXN-00004267,SIG-00474,2024-11-23 02:32:02.328445,1385.77,in,deposit,US,USD
TXN-00010744,SIG-01186,2024-01-28 02:30:47.566761,105.39,in,transfer,US,USD
TXN-00004980,SIG-00555,2024-02-23 19:55:59.476817,2343.12,out,card_purchase,US,USD
TXN-00003254,SIG-00362,2024-06-30 16:12:19.173712,331.52,in,wire,US,USD
TXN-00003852,SIG-00428,2024-05-15 16:27:51.654546,4418.98,in,payment,US,USD
TXN-00009417,SIG-01039,2024-06-23 11:09:01.398450,7160.74,out,deposit,US,USD
TXN-00002662,SIG-00292,2024-07-13 04:50:00.337291,38.75,in,card_purchase,US,USD
TXN-00007787,SIG-00865,2024-02-21 11:10:27.089363,875.12,out,transfer,IN,GBP
TXN-00008186,SIG-00905,2023-12-21 16:24:51.733929,2948.17,out,withdrawal,CN,JPY
TXN-00000675,SIG-00071,2024-02-07 20:31:04.437258,3127.18,in,transfer,US,USD
TXN-00007306,SIG-00815,2024-05-20 14:25:12.071133,1599.39,out,payment,US,USD
TXN-00008329,SIG-00919,2024-04-02 21:31:13.143038,2133.23,in,payment,US,USD
TXN-00007012,SIG-00785,2024-07-14 03:44:31.354562,5861.19,in,card_purchase,NG,CHF
TXN-00007608,SIG-00850,2024-06-12 16:46:13.710964,594.88,out,fx_exchange,KY,EUR
TXN-00003842,SIG-00427,2024-05-15 19:03:15.936979,2138.04,out,fx_exchange,NG,USD
TXN-00001816,SIG-00198,2024-11-04 06:35:58.210397,909.59,in,refund,US,USD
TXN-00009091,SIG-01009,2024-09-03 05:54:01.322081,2013.28,out,fx_exchange,AE,USD
TXN-00010717,SIG-01183,2024-12-21 15:20:16.967803,446.67,in,withdrawal,US,USD
TXN-00010037,SIG-01106,2024-01-06 06:21:00.567904,4893.12,out,refund,US,USD
TXN-00004654,SIG-00518,2024-08-31 20:07:22.973777,7105.66,in,withdrawal,NG,USD
TXN-00003658,SIG-00406,2024-07-31 06:22:25.007140,3856.96,out,bill_pay,US,USD
TXN-00002101,SIG-00228,2024-04-17 04:03:49.927029,3296.79,out,card_purchase,US,USD
TXN-00005164,SIG-00575,2024-05-19 21:18:36.897115,587.69,in,withdrawal,US,USD
TXN-00006709,SIG-00750,2024-10-14 10:11:38.946423,281.64,out,deposit,US,USD
TXN-00001674,SIG-00183,2024-09-28 13:39:39.415597,2509.59,out,atm_withdrawal,PA,CHF
TXN-00002102,SIG-00228,2024-04-03 06:30:11.263918,6154.32,in,transfer,UA,CHF
TXN-00004214,SIG-00467,2024-10-15 19:02:22.131881,2596.22,in,payment,US,USD
TXN-00010803,SIG-01192,2024-06-06 22:11:17.183913,543.03,out,deposit,US,USD
TXN-00010395,SIG-01149,2024-04-14 16:17:31.162194,287.88,in,transfer,KY,GBP
TXN-00001549,SIG-00167,2024-05-19 20:07:51.354634,1495.98,out,fx_exchange,US,USD
TXN-00008371,SIG-00923,2024-02-17 00:54:59.317740,1909.27,in,wire,US,USD
TXN-00009487,SIG-01046,2024-01-29 11:10:43.204522,792.68,out,deposit,US,USD
TXN-00003324,SIG-00369,2024-06-15 17:02:45.329469,8293.59,in,transfer,BR,USD
TXN-00008425,SIG-00932,2024-07-27 17:52:30.693165,2019.72,out,atm_withdrawal,US,USD
TXN-00000356,SIG-00036,2024-07-23 09:45:47.641204,4788.32,out,wire,KY,USD
TXN-00005185,SIG-00576,2024-08-20 09:47:01.322446,3103.71,out,payment,US,USD
TXN-00001462,SIG-00158,2024-05-07 11:28:42.068993,717.55,out,card_purchase,US,USD
TXN-00008873,SIG-00981,2024-04-19 13:28:17.746684,1560.1,out,card_purchase,US,USD
TXN-00006632,SIG-00742,2024-12-04 15:00:35.537622,2318.55,out,fx_exchange,US,USD
TXN-00010232,SIG-01128,2024-06-02 04:49:38.833751,295.68,out,payment,US,USD
TXN-00003221,SIG-00357,2024-09-05 00:42:05.055058,983.76,in,payment,US,USD
TXN-00000940,SIG-00099,2024-09-03 05:25:32.872045,513.69,out,payment,US,USD
TXN-00009990,SIG-01104,2024-02-02 04:11:09.672072,460.39,out,payment,TR,JPY
TXN-00005148,SIG-00573,2024-04-03 10:09:57.717214,89.31,in,payment,US,USD
TXN-00007171,SIG-00803,2024-12-10 00:21:13.684594,4335.75,in,transfer,US,USD
TXN-00006418,SIG-00720,2024-05-12 08:06:28.847882,1920.6,in,payment,US,USD
TXN-00005924,SIG-00662,2024-06-12 22:24:42.008543,2253.56,in,transfer,US,USD
TXN-00007431,SIG-00830,2024-03-25 06:18:19.304244,4927.8,in,wire,US,USD
TXN-00008764,SIG-00971,2024-10-17 15:11:17.874059,5771.05,out,card_purchase,US,USD
TXN-00001752,SIG-00189,2024-01-13 17:10:54.351968,275.07,out,payment,US,USD
TXN-00003977,SIG-00443,2024-01-12 09:14:48.943235,112.1,in,transfer,US,USD
TXN-00008615,SIG-00953,2024-04-17 18:43:34.450622,2012.5,out,card_purchase,BR,USD
TXN-00001773,SIG-00193,2024-05-17 11:36:52.378670,1348.06,in,card_purchase,US,USD
TXN-00001197,SIG-00127,2024-05-18 11:57:15.209330,2134.26,out,card_purchase,US,USD
TXN-00001879,SIG-00202,2024-01-17 18:31:46.043266,2993.08,out,card_purchase,US,USD
TXN-00002669,SIG-00293,2024-09-29 05:39:03.843100,569.92,in,withdrawal,US,USD
TXN-00003172,SIG-00353,2024-06-14 16:17:47.471390,8482.25,out,payment,US,USD
TXN-00002017,SIG-00218,2024-11-10 21:34:31.065756,96.13,out,card_purchase,US,USD
TXN-00002006,SIG-00216,2024-02-10 23:00:47.643970,2981.04,in,deposit,US,USD
TXN-00009022,SIG-01000,2024-03-08 19:37:41.751903,798.48,in,bill_pay,US,USD
TXN-00003894,SIG-00432,2024-03-01 22:28:20.345194,2889.82,in,card_purchase,US,USD
TXN-00010885,SIG-01200,2024-05-21 09:56:27.485338,5017.09,out,atm_withdrawal,US,USD
TXN-00003238,SIG-00359,2024-08-04 12:51:09.207421,1066.32,out,withdrawal,US,USD
TXN-00004425,SIG-00491,2024-07-13 11:56:28.049276,302.9,out,fx_exchange,AE,GBP
TXN-00004745,SIG-00529,2024-06-09 07:35:40.403060,7011.13,out,card_purchase,US,USD
TXN-00009969,SIG-01103,2024-03-27 18:46:36.019630,1653.69,in,card_purchase,US,USD
TXN-00002079,SIG-00225,2024-11-07 17:45:09.283557,7080.02,out,wire,US,USD
TXN-00005220,SIG-00580,2024-03-18 19:45:04.405673,394.56,in,transfer,US,USD
TXN-00000397,SIG-00040,2024-07-29 02:39:13.437788,6173.95,out,wire,US,USD
TXN-00002789,SIG-00307,2024-07-31 08:42:19.299859,422.52,out,wire,US,USD
TXN-00002258,SIG-00247,2024-05-23 16:01:56.107721,666.25,out,withdrawal,US,USD
TXN-00008750,SIG-00970,2024-03-23 12:20:47.320513,559.26,out,atm_withdrawal,US,USD
TXN-00004073,SIG-00454,2024-07-24 22:33:13.273035,10733.57,in,card_purchase,US,USD
TXN-00005575,SIG-00622,2024-07-08 22:47:52.521969,9433.37,out,payment,US,USD
TXN-00009125,SIG-01013,2024-04-03 21:51:23.640087,1242.1,in,deposit,US,USD
TXN-00010365,SIG-01145,2024-07-25 09:17:59.449547,2793.49,in,card_purchase,US,USD
TXN-00005356,SIG-00598,2023-12-13 18:49:59.258369,371.06,out,atm_withdrawal,US,USD
TXN-00008411,SIG-00930,2024-09-30 16:04:49.618685,4118.06,out,wire,US,USD
TXN-00006094,SIG-00684,2024-09-18 11:23:05.569442,16092.33,in,wire,US,USD
TXN-00010775,SIG-01190,2024-05-03 02:07:47.077979,1203.34,in,deposit,US,USD
TXN-00001520,SIG-00163,2024-03-15 20:06:36.356176,1756.67,in,transfer,US,USD
TXN-00008941,SIG-00990,2024-01-25 03:57:20.711789,1898.92,in,payment,US,USD
TXN-00001379,SIG-00146,2024-09-02 21:49:53.505247,2181.44,in,atm_withdrawal,US,USD
TXN-00005673,SIG-00635,2024-04-02 09:31:36.117551,689.93,in,atm_withdrawal,US,USD
TXN-00001024,SIG-00106,2024-01-01 12:49:17.441445,1647.99,in,withdrawal,UA,USD
TXN-00002588,SIG-00284,2024-11-10 16:30:21.536342,9829.19,out,withdrawal,NG,JPY
TXN-00009283,SIG-01027,2024-09-19 19:21:33.348955,472.98,in,atm_withdrawal,US,USD
TXN-00010640,SIG-01174,2024-04-01 22:26:24.773685,57.18,in,card_purchase,US,USD
TXN-00005622,SIG-00627,2024-10-13 04:43:08.125377,371.68,out,card_purchase,US,USD
TXN-00008638,SIG-00956,2024-02-24 06:51:07.934518,160.67,in,payment,CN,GBP
TXN-00005009,SIG-00560,2024-08-14 12:25:18.633382,163.09,out,atm_withdrawal,US,USD
TXN-00002858,SIG-00316,2024-06-06 11:38:23.633718,5049.9,in,refund,US,USD
TXN-00009004,SIG-00998,2024-09-06 02:16:37.950079,1125.93,in,wire,US,USD
TXN-00005772,SIG-00647,2024-07-12 21:26:24.220876,16954.77,in,deposit,PA,JPY
TXN-00005843,SIG-00654,2024-09-23 03:00:15.938330,2008.58,out,fx_exchange,CN,GBP
TXN-00007123,SIG-00796,2024-02-08 03:04:05.634616,411.92,in,wire,US,USD
TXN-00008372,SIG-00923,2024-02-09 22:44:05.175407,716.86,out,bill_pay,US,USD
TXN-00005833,SIG-00653,2024-12-16 10:27:50.934170,847.81,out,transfer,US,USD
TXN-00001630,SIG-00176,2023-12-15 08:47:29.119669,467.26,out,deposit,US,USD
TXN-00004889,SIG-00545,2024-04-30 16:18:31.255618,705.79,in,payment,US,USD
TXN-00004527,SIG-00504,2024-07-29 20:23:06.345664,3910.91,in,transfer,US,USD
TXN-00003524,SIG-00393,2024-07-28 10:11:28.570595,1039.7,in,deposit,US,USD
TXN-00005905,SIG-00659,2024-03-22 20:51:52.934199,1740.65,out,payment,US,USD
TXN-00000523,SIG-00053,2024-11-25 22:15:13.501476,29.42,in,wire,US,USD
TXN-00003608,SIG-00402,2024-02-04 00:35:47.646429,2623.62,out,card_purchase,US,USD
TXN-00010267,SIG-01133,2024-03-29 01:30:05.820130,5176.83,in,refund,US,USD
TXN-00005221,SIG-00581,2024-04-16 07:10:32.447365,2517.46,out,transfer,US,USD
TXN-00007181,SIG-00803,2024-12-10 12:58:50.992305,2794.73,in,deposit,US,USD
TXN-00000235,SIG-00022,2024-12-11 18:04:05.515298,1750.17,out,transfer,US,USD
TXN-00003989,SIG-00444,2024-06-08 04:37:03.101940,2309.55,out,transfer,US,USD
TXN-00003797,SIG-00420,2024-12-07 00:38:35.050008,4277.91,out,transfer,US,USD
TXN-00004119,SIG-00458,2024-04-03 10:42:15.549133,832.34,in,refund,US,USD
TXN-00006319,SIG-00708,2024-12-13 22:25:20.234495,2494.01,in,wire,IN,JPY
TXN-00005002,SIG-00560,2024-07-31 05:52:25.911168,26556.73,out,bill_pay,US,USD
TXN-00007095,SIG-00793,2024-11-28 05:28:40.865847,1590.71,in,payment,US,USD
TXN-00006776,SIG-00757,2024-02-27 13:03:09.288579,515.12,in,card_purchase,US,USD
TXN-00003801,SIG-00421,2024-02-01 06:45:29.753608,179.8,in,transfer,US,USD
TXN-00008594,SIG-00951,2024-08-13 04:41:43.570501,6132.41,out,card_purchase,US,USD
TXN-00003900,SIG-00434,2024-02-04 02:50:45.771031,932.35,out,atm_withdrawal,US,USD
TXN-00005025,SIG-00560,2024-08-22 19:30:21.964348,1120.2,out,payment,US,USD
TXN-00001949,SIG-00207,2024-10-03 14:01:03.801414,3193.4,in,withdrawal,US,USD
TXN-00006362,SIG-00714,2024-01-31 05:26:08.078354,1130.97,in,payment,CN,CHF
TXN-00000471,SIG-00049,2024-05-14 16:13:09.845898,3618.37,in,transfer,US,USD
TXN-00002449,SIG-00269,2024-01-04 12:53:02.438692,1634.21,in,payment,US,USD
TXN-00003493,SIG-00389,2023-12-25 04:49:37.185112,4203.44,out,card_purchase,US,USD
TXN-00006835,SIG-00764,2024-03-03 19:36:55.726984,66.41,out,payment,US,USD
TXN-00006092,SIG-00684,2024-09-23 07:43:50.245089,7290.39,in,payment,US,USD
TXN-00002672,SIG-00293,2024-09-18 15:57:10.030284,410.75,in,payment,US,USD
TXN-00010677,SIG-01179,2024-09-20 23:47:31.824245,5384.41,in,withdrawal,US,USD
TXN-00002225,SIG-00245,2024-05-14 11:33:35.445237,2300.32,in,card_purchase,US,USD
TXN-00001107,SIG-00116,2024-11-21 15:15:52.335144,2055.52,out,refund,US,USD
TXN-00002189,SIG-00240,2024-10-17 04:47:38.295840,11686.13,in,card_purchase,BR,USD
TXN-00000819,SIG-00085,2024-02-04 07:28:29.448586,906.72,in,deposit,US,USD
TXN-00007055,SIG-00789,2024-10-25 10:19:58.783840,752.51,out,bill_pay,US,USD
TXN-00006756,SIG-00755,2024-08-23 16:41:35.191289,36.02,in,deposit,KY,JPY
TXN-00005572,SIG-00622,2024-06-08 00:26:48.548237,2258.23,in,bill_pay,US,USD
TXN-00004524,SIG-00503,2024-12-05 21:24:31.501750,552.49,out,refund,US,USD
TXN-00005794,SIG-00649,2024-06-16 12:57:47.837073,283.13,out,transfer,US,USD
TXN-00010228,SIG-01127,2024-03-27 19:04:48.890851,6073.73,in,card_purchase,KY,EUR
TXN-00009584,SIG-01060,2024-09-19 04:18:52.324391,702.4,out,payment,US,USD
TXN-00005739,SIG-00643,2023-12-31 16:15:54.192099,330.38,in,card_purchase,UA,CHF
TXN-00002625,SIG-00288,2024-10-20 15:41:41.925187,293.12,out,transfer,US,USD
TXN-00004729,SIG-00527,2024-11-13 13:22:00.523517,207.09,in,deposit,US,USD
TXN-00010239,SIG-01130,2024-02-18 23:35:14.593034,9793.71,in,card_purchase,PA,GBP
TXN-00010800,SIG-01192,2024-06-17 01:15:03.161991,874.91,in,card_purchase,US,USD
TXN-00009945,SIG-01099,2024-04-09 02:31:54.016870,4122.57,in,refund,US,USD
TXN-00000889,SIG-00092,2024-09-14 08:48:33.032373,6618.49,in,atm_withdrawal,UA,USD
TXN-00010592,SIG-01169,2024-07-26 00:40:02.832819,1108.66,out,wire,US,USD
TXN-00008092,SIG-00896,2024-05-29 10:47:33.524161,1379.91,out,bill_pay,UA,USD
TXN-00002438,SIG-00268,2024-01-17 16:24:41.467088,132.59,in,payment,US,USD
TXN-00006057,SIG-00679,2024-09-30 04:25:33.861822,1729.66,in,bill_pay,US,USD
TXN-00009173,SIG-01017,2024-10-29 14:41:34.837206,1643.58,out,fx_exchange,US,USD
TXN-00000818,SIG-00085,2024-01-30 05:32:20.151341,126.67,out,transfer,TR,GBP
TXN-00009748,SIG-01080,2024-03-12 17:08:26.808500,1303.98,in,fx_exchange,US,USD
TXN-00003415,SIG-00381,2024-10-28 21:33:23.465166,1325.56,out,bill_pay,US,USD
TXN-00006353,SIG-00712,2024-05-01 11:43:02.873104,742.47,in,card_purchase,US,USD
TXN-00002342,SIG-00256,2024-07-26 12:39:09.184244,4838.11,in,withdrawal,CN,JPY
TXN-00009849,SIG-01088,2024-06-17 14:11:52.326550,1213.63,in,card_purchase,US,USD
TXN-00003168,SIG-00353,2024-06-29 08:26:17.485202,8990.14,out,bill_pay,AE,JPY
TXN-00001810,SIG-00196,2024-04-23 23:15:34.146860,635.19,in,card_purchase,US,USD
TXN-00008631,SIG-00955,2024-08-16 23:08:43.881258,505.51,out,payment,US,USD
TXN-00008851,SIG-00979,2024-04-03 01:41:22.556127,3867.04,in,deposit,US,USD
TXN-00007162,SIG-00801,2024-09-25 12:58:08.576510,573.66,in,transfer,US,USD
TXN-00001265,SIG-00134,2024-03-01 22:50:30.075793,2833.01,out,wire,US,USD
TXN-00005087,SIG-00568,2024-05-24 06:42:49.303029,1806.73,out,payment,US,USD
TXN-00008538,SIG-00945,2024-04-25 10:10:03.049858,336.22,out,card_purchase,US,USD
TXN-00005836,SIG-00654,2024-09-24 04:16:19.110777,2135.73,in,withdrawal,BR,GBP
TXN-00007017,SIG-00786,2024-05-27 02:50:18.057186,458.16,in,payment,RU,EUR
TXN-00005195,SIG-00577,2024-05-30 01:11:45.429179,790.65,in,transfer,US,USD
TXN-00004450,SIG-00493,2024-03-25 01:19:15.016181,1440.84,out,atm_withdrawal,US,USD
TXN-00004946,SIG-00552,2024-09-15 13:15:45.793415,509.29,out,atm_withdrawal,US,USD
TXN-00007458,SIG-00832,2024-03-28 13:03:35.540978,62.52,in,deposit,US,USD
TXN-00004046,SIG-00451,2024-04-13 03:36:04.555979,1894.68,in,bill_pay,US,USD
TXN-00007786,SIG-00865,2024-02-22 22:26:26.673147,7974.8,out,wire,US,USD
TXN-00003703,SIG-00411,2024-07-29 05:42:46.679080,761.1,out,payment,US,USD
TXN-00001036,SIG-00108,2024-02-21 06:07:41.488078,368.46,in,deposit,US,USD
TXN-00010093,SIG-01113,2024-01-03 23:42:20.413437,658.15,out,transfer,US,USD
TXN-00006920,SIG-00773,2024-05-20 16:55:24.610495,7555.6,in,bill_pay,US,USD
TXN-00005591,SIG-00624,2024-07-07 05:22:10.898547,30788.3,out,payment,US,USD
TXN-00007227,SIG-00811,2024-12-04 13:32:53.833700,22482.43,in,wire,US,USD
TXN-00001229,SIG-00130,2024-06-24 08:45:13.216304,1019.33,out,deposit,US,USD
TXN-00008433,SIG-00933,2024-08-21 17:06:17.257512,605.11,out,deposit,US,USD
TXN-00007826,SIG-00869,2024-10-16 03:49:57.977633,107.08,out,withdrawal,US,USD
TXN-00008146,SIG-00900,2024-08-18 21:54:38.312776,4324.57,in,atm_withdrawal,US,USD
TXN-00005142,SIG-00572,2024-08-03 07:27:39.064214,4567.83,in,transfer,US,USD
TXN-00008137,SIG-00899,2024-08-04 06:11:41.765625,8505.81,out,card_purchase,PA,USD
TXN-00006552,SIG-00733,2024-05-31 20:09:03.899092,816.28,in,withdrawal,US,USD
TXN-00000053,SIG-00006,2024-06-10 16:14:18.330663,1546.15,out,payment,US,USD
TXN-00001012,SIG-00105,2024-09-19 22:37:42.684896,158.76,in,atm_withdrawal,BR,JPY
TXN-00006556,SIG-00734,2024-02-19 12:16:29.320470,4767.58,in,payment,US,USD
TXN-00008515,SIG-00943,2024-07-28 09:06:30.304027,953.87,out,fx_exchange,RU,JPY
TXN-00007182,SIG-00803,2024-12-13 14:06:17.409520,273.72,out,withdrawal,US,USD
TXN-00009153,SIG-01015,2024-02-27 15:30:57.564591,516.04,in,wire,US,USD
TXN-00000160,SIG-00017,2024-10-23 23:15:46.005273,689.74,out,transfer,RU,USD
TXN-00008595,SIG-00951,2024-08-07 22:52:13.334929,7757.53,in,atm_withdrawal,US,USD
TXN-00001588,SIG-00172,2024-06-23 19:00:48.549387,72822.01,in,refund,US,USD
TXN-00001590,SIG-00172,2024-06-23 04:25:39.723049,253.29,out,deposit,US,USD
TXN-00010720,SIG-01184,2024-03-07 09:15:58.295041,5991.62,out,card_purchase,US,USD
TXN-00010340,SIG-01142,2024-02-28 20:35:13.658730,386.48,out,withdrawal,US,USD
TXN-00008770,SIG-00972,2024-11-16 02:50:15.216340,309.15,in,atm_withdrawal,US,USD
TXN-00010321,SIG-01139,2023-12-24 21:02:09.542041,1606.5,out,transfer,AE,EUR
TXN-00010172,SIG-01122,2024-11-03 13:00:01.313854,1424.39,out,payment,KY,CHF
TXN-00006688,SIG-00747,2024-02-02 02:28:18.734824,2582.68,out,wire,US,USD
TXN-00010184,SIG-01123,2024-02-12 15:32:05.858334,2907.92,out,fx_exchange,US,USD
TXN-00008242,SIG-00910,2024-03-08 17:44:08.332628,30085.74,in,transfer,US,USD
TXN-00007894,SIG-00876,2024-01-15 08:23:01.219811,1578.07,in,fx_exchange,US,USD
TXN-00006175,SIG-00693,2024-04-28 12:14:30.553979,3227.92,in,card_purchase,US,USD
TXN-00008763,SIG-00971,2024-10-20 10:54:05.428197,6378.53,in,fx_exchange,US,USD
TXN-00009702,SIG-01072,2024-07-24 20:04:50.122185,1703.74,out,atm_withdrawal,US,USD
TXN-00007481,SIG-00836,2024-03-03 20:48:39.327176,1858.57,out,transfer,US,USD
TXN-00003859,SIG-00428,2024-05-18 02:56:14.751377,4763.21,out,wire,US,USD
TXN-00010692,SIG-01181,2024-01-22 16:30:42.767188,454.98,out,withdrawal,AE,JPY
TXN-00010096,SIG-01113,2024-01-17 19:33:56.900283,3245.61,out,deposit,US,USD
TXN-00010411,SIG-01150,2024-12-12 10:23:54.713580,611.27,out,bill_pay,US,USD
TXN-00002829,SIG-00313,2024-02-18 10:13:38.681589,438.66,in,payment,PA,GBP
TXN-00000437,SIG-00043,2024-03-01 19:24:14.510960,8444.87,in,payment,NG,GBP
TXN-00005790,SIG-00649,2024-06-27 02:47:27.802993,1289.31,in,transfer,AE,EUR
TXN-00010356,SIG-01144,2024-09-24 18:35:46.491710,32687.96,out,withdrawal,US,USD
TXN-00010318,SIG-01139,2024-01-05 18:59:05.619842,4781.56,out,wire,US,USD
TXN-00010327,SIG-01140,2024-03-09 07:59:03.119516,285.67,out,deposit,US,USD
TXN-00003879,SIG-00430,2024-08-19 17:31:51.493378,1917.46,in,wire,US,USD
TXN-00001589,SIG-00172,2024-06-22 20:44:08.138877,12628.51,out,fx_exchange,US,USD
TXN-00007399,SIG-00825,2024-07-20 04:44:49.625522,150.54,out,payment,UA,CHF
TXN-00002781,SIG-00306,2024-05-19 18:24:02.976562,980.11,in,transfer,NG,CHF
TXN-00009798,SIG-01083,2024-05-15 07:14:39.735342,2881.52,in,transfer,US,USD
TXN-00010237,SIG-01129,2024-10-17 06:35:05.446159,195.85,in,payment,PA,USD
TXN-00005687,SIG-00636,2024-10-31 18:24:21.910777,5196.3,out,wire,TR,EUR
TXN-00003966,SIG-00441,2024-07-19 13:56:02.021163,2312.19,out,card_purchase,CN,GBP
TXN-00004728,SIG-00527,2024-11-13 14:31:32.814657,270.81,in,transfer,US,USD
TXN-00000974,SIG-00101,2024-10-13 12:49:17.060582,399.33,out,wire,US,USD
TXN-00001239,SIG-00131,2024-06-18 15:48:31.979837,2233.65,in,bill_pay,US,USD
TXN-00002952,SIG-00328,2024-04-07 13:34:59.857458,1448.29,in,withdrawal,UA,JPY
TXN-00007619,SIG-00850,2024-05-25 07:59:28.959988,343.38,in,withdrawal,US,USD
TXN-00002343,SIG-00256,2024-07-19 13:05:20.383403,1543.02,out,card_purchase,US,USD
TXN-00010542,SIG-01163,2024-12-07 01:58:56.303028,1422.01,out,card_purchase,US,USD
TXN-00008460,SIG-00937,2024-08-31 23:27:30.495108,1501.03,out,atm_withdrawal,US,USD
TXN-00006047,SIG-00679,2024-10-28 17:15:54.096684,380.46,in,atm_withdrawal,NG,JPY
TXN-00002159,SIG-00237,2024-10-24 15:05:47.170079,4725.21,in,transfer,PA,JPY
TXN-00010126,SIG-01117,2024-10-25 09:32:26.120936,778.12,out,payment,NG,GBP
TXN-00007884,SIG-00875,2024-04-11 12:05:12.825832,5283.3,in,card_purchase,US,USD
TXN-00001498,SIG-00162,2024-10-09 13:36:22.599588,1290.4,in,wire,US,USD
TXN-00004546,SIG-00506,2024-01-02 18:36:41.983140,751.91,in,bill_pay,US,USD
TXN-00006466,SIG-00725,2024-08-29 15:45:36.412211,493.82,out,wire,US,USD
TXN-00007356,SIG-00821,2024-09-12 19:07:53.759539,356.75,in,payment,PA,USD
TXN-00007526,SIG-00840,2024-04-04 21:43:42.258590,611.79,out,bill_pay,US,USD
TXN-00007548,SIG-00843,2024-07-24 01:41:52.630666,1706.27,in,transfer,US,USD
TXN-00004258,SIG-00473,2024-08-05 01:41:34.149245,2129.24,out,card_purchase,US,USD
TXN-00002423,SIG-00266,2024-09-26 09:50:53.473796,1904.38,out,card_purchase,US,USD
TXN-00009343,SIG-01033,2024-10-05 02:50:44.023928,1274.85,in,card_purchase,US,USD
TXN-00010488,SIG-01158,2024-01-24 02:16:19.214902,530.49,in,deposit,UA,EUR
TXN-00005186,SIG-00576,2024-08-05 05:10:36.724744,745.42,in,card_purchase,IN,GBP
TXN-00005648,SIG-00631,2024-11-07 08:03:09.007006,2148.55,out,card_purchase,US,USD
TXN-00000358,SIG-00036,2024-08-01 06:00:19.646989,2278.02,in,payment,US,USD
TXN-00005243,SIG-00585,2024-08-31 18:13:52.025760,16529.95,in,payment,US,USD
TXN-00002131,SIG-00232,2024-03-25 19:23:47.989006,2243.97,in,card_purchase,US,USD
TXN-00010076,SIG-01110,2024-01-27 12:33:09.979779,531.2,in,card_purchase,US,USD
TXN-00002093,SIG-00227,2024-03-22 01:31:14.647587,110.51,in,payment,US,USD
TXN-00005410,SIG-00604,2024-06-09 01:06:10.886878,2334.18,out,card_purchase,US,USD
TXN-00002016,SIG-00218,2024-11-03 05:44:08.666126,1316.27,in,withdrawal,US,USD
TXN-00010372,SIG-01146,2024-02-25 05:30:02.400168,1540.93,in,payment,US,USD
TXN-00004045,SIG-00450,2024-03-18 10:05:21.113390,6589.22,in,withdrawal,US,USD
TXN-00000188,SIG-00019,2024-08-04 16:07:05.906108,32831.29,in,card_purchase,US,USD
TXN-00000910,SIG-00094,2024-06-03 06:53:12.492420,3771.77,in,bill_pay,PA,EUR
TXN-00003656,SIG-00406,2024-07-17 20:36:07.161764,766.0,out,wire,TR,EUR
TXN-00003427,SIG-00383,2024-08-12 08:25:42.671497,410.65,out,atm_withdrawal,US,USD
TXN-00008395,SIG-00927,2024-01-10 02:14:05.098287,737.98,out,card_purchase,KY,GBP
TXN-00001382,SIG-00147,2024-10-06 00:32:03.139992,474.63,out,deposit,CN,JPY
TXN-00008548,SIG-00946,2024-10-09 07:17:21.616531,942.49,out,withdrawal,US,USD
TXN-00000414,SIG-00041,2024-08-31 19:14:56.108240,464.27,in,transfer,US,USD
TXN-00007428,SIG-00830,2024-03-29 17:32:14.686260,10129.96,in,transfer,PA,USD
TXN-00007552,SIG-00843,2024-07-22 04:49:56.165069,12154.32,in,wire,US,USD
TXN-00005038,SIG-00562,2024-06-16 04:08:36.096398,371.55,out,bill_pay,US,USD
TXN-00004898,SIG-00546,2024-05-20 16:03:04.822152,558.43,in,wire,US,USD
TXN-00003337,SIG-00371,2024-10-31 18:52:06.695243,470.34,in,payment,UA,GBP
TXN-00003607,SIG-00402,2024-01-14 18:55:51.766886,926.94,in,card_purchase,US,USD
TXN-00003176,SIG-00353,2024-06-21 10:02:01.184146,5011.05,in,transfer,US,USD
TXN-00006847,SIG-00765,2024-10-04 18:56:36.162631,680.6,in,payment,US,USD
TXN-00002242,SIG-00247,2024-05-23 05:42:18.572969,520.94,out,payment,TR,EUR
TXN-00010581,SIG-01167,2024-08-11 06:23:47.200313,2968.75,out,card_purchase,US,USD
TXN-00008723,SIG-00967,2024-08-15 00:32:11.365541,1369.91,in,transfer,CN,JPY
TXN-00000257,SIG-00025,2024-01-17 05:34:27.463147,500.42,in,wire,AE,EUR
TXN-00008314,SIG-00917,2024-11-02 22:22:29.423002,680.14,in,deposit,US,USD
TXN-00000201,SIG-00019,2024-08-07 06:48:23.342427,1085.8,out,withdrawal,RU,GBP
TXN-00008674,SIG-00961,2024-01-05 10:50:05.738076,1911.37,in,payment,TR,USD
TXN-00002236,SIG-00246,2024-05-29 07:42:56.604170,836.52,in,refund,US,USD
TXN-00004744,SIG-00529,2024-05-17 22:28:16.797067,237.14,out,payment,US,USD
TXN-00001768,SIG-00192,2024-03-27 00:00:37.015872,3927.38,in,payment,US,USD
TXN-00004237,SIG-00470,2024-02-13 19:33:24.047919,4373.44,in,card_purchase,US,USD
TXN-00008050,SIG-00892,2024-11-03 19:33:03.421912,1688.55,in,fx_exchange,US,USD
TXN-00009322,SIG-01031,2024-06-29 14:12:44.530989,20855.12,in,wire,US,USD
TXN-00008380,SIG-00925,2024-08-06 15:16:04.932291,256.95,out,deposit,US,USD
TXN-00001573,SIG-00171,2024-07-22 05:15:42.188756,178.52,out,payment,US,USD
TXN-00000025,SIG-00003,2024-02-04 09:12:43.089657,3192.46,in,atm_withdrawal,KY,GBP
TXN-00003364,SIG-00374,2024-11-24 04:56:22.855067,1458.94,out,withdrawal,NG,GBP
TXN-00001089,SIG-00114,2024-06-13 04:45:53.304739,143.81,out,payment,US,USD
TXN-00004675,SIG-00520,2024-07-29 02:05:07.840594,3607.8,out,deposit,US,USD
TXN-00002695,SIG-00296,2024-04-12 05:30:09.200364,5158.37,in,card_purchase,US,USD
TXN-00008609,SIG-00953,2024-04-17 17:07:54.672775,1132.73,in,deposit,US,USD
TXN-00003399,SIG-00377,2024-08-01 18:00:39.333271,2161.37,in,transfer,US,USD
TXN-00003560,SIG-00396,2024-04-10 08:10:00.726337,407.22,out,transfer,US,USD
TXN-00009986,SIG-01103,2024-04-07 09:39:20.467530,842.74,in,atm_withdrawal,US,USD
TXN-00002842,SIG-00314,2024-08-04 00:42:28.435872,304.55,out,atm_withdrawal,US,USD
TXN-00002312,SIG-00252,2024-09-19 00:05:40.784233,1984.9,out,payment,US,USD
TXN-00007538,SIG-00841,2024-01-13 23:28:24.963610,29.59,out,card_purchase,US,USD
TXN-00009089,SIG-01009,2024-08-31 04:27:01.208378,4313.42,out,fx_exchange,US,USD
TXN-00003235,SIG-00359,2024-08-05 22:28:44.039178,2117.96,out,withdrawal,US,USD
TXN-00007471,SIG-00833,2024-09-24 02:05:11.578903,8256.25,out,card_purchase,US,USD
TXN-00004153,SIG-00461,2024-09-28 20:11:05.200419,182.48,in,refund,NG,EUR
TXN-00001310,SIG-00138,2024-08-11 06:01:34.968586,10138.13,in,withdrawal,US,USD
TXN-00000696,SIG-00073,2024-04-06 19:28:16.151588,14574.21,in,card_purchase,US,USD
TXN-00010219,SIG-01126,2024-04-04 22:48:46.473139,2223.56,in,wire,CN,USD
TXN-00007978,SIG-00883,2024-01-21 03:21:37.415884,404.47,in,deposit,US,USD
TXN-00003753,SIG-00416,2024-09-30 19:30:39.108190,109.24,in,bill_pay,US,USD
TXN-00006338,SIG-00712,2024-04-06 01:48:48.535737,545.75,in,payment,US,USD
TXN-00001228,SIG-00130,2024-06-15 01:14:52.317376,1495.12,out,payment,US,USD
TXN-00002000,SIG-00215,2024-06-04 21:23:31.043097,6345.94,out,refund,US,USD
TXN-00000277,SIG-00029,2024-12-05 07:53:38.530063,1218.41,in,card_purchase,US,USD
TXN-00008098,SIG-00896,2024-05-27 09:28:19.674998,3034.29,in,transfer,RU,EUR
TXN-00002368,SIG-00258,2024-09-01 11:53:55.724733,6181.16,out,wire,US,USD
TXN-00005930,SIG-00662,2024-06-08 04:17:19.969611,7059.66,out,card_purchase,US,USD
TXN-00002954,SIG-00328,2024-04-02 11:36:16.799834,2088.03,in,fx_exchange,US,USD
TXN-00003638,SIG-00405,2024-11-19 22:57:17.687368,2330.66,out,fx_exchange,US,USD
TXN-00003907,SIG-00434,2024-02-16 21:00:46.740031,301.04,out,payment,US,USD
TXN-00004779,SIG-00533,2024-08-17 07:03:04.692092,1179.55,out,payment,PA,USD
TXN-00005846,SIG-00654,2024-09-26 17:06:23.770860,6070.67,out,refund,TR,GBP
TXN-00010571,SIG-01166,2024-09-15 00:49:54.054582,532.96,out,card_purchase,US,USD
TXN-00004118,SIG-00458,2024-03-16 08:53:49.108046,2002.0,in,transfer,US,USD
TXN-00002528,SIG-00278,2024-01-17 08:46:43.966123,115.47,in,card_purchase,US,USD
TXN-00001138,SIG-00120,2024-03-21 13:38:55.484294,4374.61,in,bill_pay,US,USD
TXN-00002768,SIG-00304,2024-05-01 11:17:23.326793,467.7,out,atm_withdrawal,US,USD
TXN-00002335,SIG-00256,2024-07-15 14:22:48.878300,2951.51,in,card_purchase,UA,GBP
TXN-00008682,SIG-00961,2023-12-28 21:52:26.610556,402.85,in,transfer,US,USD
TXN-00007662,SIG-00854,2024-03-30 22:57:18.483356,2074.07,out,wire,US,USD
TXN-00000943,SIG-00099,2024-08-14 10:04:55.401307,1573.77,in,card_purchase,KY,EUR
TXN-00008655,SIG-00959,2024-09-03 13:58:01.603839,446.07,in,card_purchase,US,USD
TXN-00008078,SIG-00894,2024-01-19 11:09:57.527939,173.07,in,atm_withdrawal,US,USD
TXN-00002491,SIG-00272,2024-08-14 13:29:14.100425,590.96,out,card_purchase,US,USD
TXN-00010550,SIG-01165,2024-04-17 09:29:16.938876,1591.14,out,withdrawal,US,USD
TXN-00007743,SIG-00861,2024-05-15 15:43:44.198736,648.76,in,bill_pay,US,USD
TXN-00006291,SIG-00706,2024-03-25 03:11:11.318137,3980.64,in,atm_withdrawal,US,USD
TXN-00004936,SIG-00551,2024-02-06 11:35:20.294076,1646.35,in,atm_withdrawal,US,USD
TXN-00003936,SIG-00439,2024-11-03 00:48:40.139202,783.44,in,transfer,BR,JPY
TXN-00006881,SIG-00770,2024-01-23 11:56:06.908460,809.17,out,fx_exchange,US,USD
TXN-00008952,SIG-00991,2024-08-11 02:01:22.901989,858.92,out,atm_withdrawal,US,USD
TXN-00002385,SIG-00260,2024-08-02 12:37:02.472432,1120.54,in,fx_exchange,US,USD
TXN-00007085,SIG-00792,2024-02-13 20:25:04.550028,827.62,in,card_purchase,US,USD
TXN-00000116,SIG-00011,2024-01-17 21:47:43.411712,509.63,in,transfer,CN,CHF
TXN-00001864,SIG-00201,2024-12-16 15:40:22.191032,7133.49,in,bill_pay,US,USD
TXN-00007497,SIG-00838,2024-08-15 15:30:35.802765,314.31,out,card_purchase,US,USD
TXN-00010869,SIG-01199,2024-08-26 04:19:02.535055,588.49,out,withdrawal,US,USD
TXN-00003120,SIG-00348,2024-11-08 15:00:58.712210,481.19,out,payment,US,USD
TXN-00004259,SIG-00473,2024-07-22 06:30:26.280348,594.36,in,atm_withdrawal,US,USD
TXN-00008020,SIG-00888,2024-04-23 18:10:59.518398,11318.0,in,transfer,US,USD
TXN-00000903,SIG-00094,2024-06-08 05:03:35.919312,156.46,in,payment,KY,EUR
TXN-00002820,SIG-00312,2024-02-26 18:25:48.065952,373.03,in,withdrawal,US,USD
TXN-00003823,SIG-00424,2023-12-24 20:08:35.884692,431.7,out,refund,NG,EUR
TXN-00008348,SIG-00921,2024-11-27 22:35:49.328809,3374.9,in,bill_pay,US,USD
TXN-00008218,SIG-00908,2024-10-06 18:37:27.939108,72871.05,out,card_purchase,US,USD
TXN-00010104,SIG-01114,2024-04-04 14:43:32.128982,130.98,out,transfer,US,USD
TXN-00004700,SIG-00522,2024-12-11 21:21:09.594808,750.86,out,card_purchase,UA,GBP
TXN-00009729,SIG-01077,2024-10-25 22:36:08.521236,177.86,out,payment,CN,USD
TXN-00003803,SIG-00422,2024-06-17 00:51:53.548039,483.51,in,payment,US,USD
TXN-00009066,SIG-01006,2024-11-10 18:16:51.981812,100.98,out,payment,US,USD
TXN-00006069,SIG-00681,2024-11-18 05:55:26.470535,578.27,out,payment,US,USD
TXN-00005811,SIG-00651,2024-02-11 23:41:53.119933,3651.31,out,bill_pay,US,USD
TXN-00003537,SIG-00394,2024-10-02 11:29:32.244814,749.1,in,payment,US,USD
TXN-00003826,SIG-00425,2024-08-24 18:38:13.810325,290.13,out,card_purchase,US,USD
TXN-00006643,SIG-00742,2024-12-15 11:11:49.951328,8995.97,in,fx_exchange,US,USD
TXN-00009429,SIG-01039,2024-06-08 02:09:21.021014,2041.36,out,card_purchase,US,USD
TXN-00009392,SIG-01036,2024-03-24 02:01:21.327968,330.15,out,payment,US,USD
TXN-00004811,SIG-00537,2024-01-06 04:58:09.701167,943.74,in,payment,US,USD
TXN-00001947,SIG-00207,2024-09-28 17:56:33.861351,1317.66,in,payment,US,USD
TXN-00009517,SIG-01051,2024-09-04 01:47:13.168847,846.06,in,refund,US,USD
TXN-00009743,SIG-01080,2024-02-19 18:03:31.510064,406.37,in,deposit,US,USD
TXN-00005336,SIG-00596,2024-07-29 18:36:46.891501,3766.04,out,atm_withdrawal,US,USD
TXN-00003489,SIG-00388,2024-09-24 04:25:27.899730,465.4,in,refund,US,USD
TXN-00001611,SIG-00174,2024-02-08 06:24:06.692771,25903.25,out,transfer,US,USD
TXN-00007270,SIG-00814,2024-06-03 23:08:48.233395,559.63,out,bill_pay,US,USD
TXN-00008543,SIG-00945,2024-04-15 19:25:35.692002,4949.86,out,card_purchase,US,USD
TXN-00010480,SIG-01157,2024-01-07 04:18:43.018074,3565.73,out,payment,CN,GBP
TXN-00007167,SIG-00802,2024-09-20 11:31:35.669551,1317.83,in,withdrawal,IN,JPY
TXN-00004678,SIG-00520,2024-08-20 01:39:36.939975,3159.15,in,withdrawal,CN,GBP
TXN-00004960,SIG-00553,2024-09-04 18:28:25.187765,228.3,out,transfer,US,USD
TXN-00006964,SIG-00778,2024-04-24 03:51:54.677396,2515.74,in,fx_exchange,US,USD
TXN-00005868,SIG-00657,2024-11-13 07:18:54.603073,740.97,out,atm_withdrawal,US,USD
TXN-00009564,SIG-01057,2023-12-30 23:39:54.250834,204.3,in,payment,US,USD
TXN-00007472,SIG-00834,2024-09-18 22:44:36.433498,1161.27,out,card_purchase,US,USD
TXN-00004762,SIG-00532,2024-08-04 15:57:52.787823,856.09,in,wire,US,USD
TXN-00002195,SIG-00241,2024-11-30 14:45:54.737891,8844.76,out,withdrawal,US,USD
TXN-00000883,SIG-00092,2024-09-18 14:15:50.959595,1950.57,in,atm_withdrawal,US,USD
TXN-00007697,SIG-00857,2024-09-18 12:42:35.870791,1988.66,out,wire,US,USD
TXN-00005702,SIG-00637,2024-06-01 05:49:16.008430,2218.24,out,bill_pay,US,USD
TXN-00007692,SIG-00856,2024-10-08 08:41:55.026183,985.77,out,wire,US,USD
TXN-00005114,SIG-00571,2024-10-04 17:02:42.919944,2681.63,in,transfer,US,USD
TXN-00000558,SIG-00056,2024-02-27 11:54:46.262582,1375.62,out,card_purchase,US,USD
TXN-00008870,SIG-00981,2024-04-07 02:59:54.623844,1197.22,in,card_purchase,US,USD
TXN-00005140,SIG-00572,2024-07-29 16:25:47.312494,3436.46,out,atm_withdrawal,US,USD
TXN-00001208,SIG-00127,2024-05-30 21:34:39.608753,642.42,in,transfer,US,USD
TXN-00000977,SIG-00101,2024-10-28 15:30:10.472637,1159.74,out,card_purchase,US,USD
TXN-00007685,SIG-00856,2024-10-07 09:30:58.973075,87.69,out,payment,US,USD
TXN-00008459,SIG-00937,2024-09-07 10:32:53.889748,4830.24,in,payment,AE,EUR
TXN-00001511,SIG-00162,2024-10-04 10:32:01.081732,923.27,in,wire,NG,GBP
TXN-00010538,SIG-01163,2024-11-23 02:27:16.487143,3387.85,in,wire,US,USD
TXN-00003830,SIG-00426,2024-06-04 09:31:22.875738,404.54,in,atm_withdrawal,US,USD
TXN-00003733,SIG-00415,2024-04-17 21:03:52.086825,420.95,in,atm_withdrawal,US,USD
TXN-00008811,SIG-00975,2024-11-23 11:56:59.064694,6236.39,out,bill_pay,US,USD
TXN-00003212,SIG-00356,2024-04-17 04:30:27.327437,644.7,in,card_purchase,AE,USD
TXN-00003631,SIG-00405,2024-12-12 17:05:25.365959,1881.82,in,card_purchase,US,USD
TXN-00001709,SIG-00186,2024-11-16 12:32:26.343071,56436.94,in,payment,US,USD
TXN-00001846,SIG-00199,2024-08-17 21:24:22.076111,626.02,in,transfer,US,USD
TXN-00000267,SIG-00027,2024-12-04 08:28:59.959074,303.33,out,transfer,US,USD
TXN-00005986,SIG-00669,2024-05-16 20:15:39.009760,4555.73,out,card_purchase,US,USD
TXN-00001141,SIG-00120,2024-03-21 07:54:11.031165,271.6,out,deposit,US,USD
TXN-00003163,SIG-00353,2024-06-20 07:40:25.105021,205.15,out,card_purchase,IN,EUR
TXN-00006208,SIG-00697,2024-03-02 16:09:52.730548,3146.28,out,wire,US,USD
TXN-00002047,SIG-00222,2024-12-09 05:33:52.989675,3328.69,in,card_purchase,NG,GBP
TXN-00003731,SIG-00414,2024-01-19 11:47:48.145850,1276.58,in,payment,US,USD
TXN-00001910,SIG-00205,2024-11-30 12:26:07.550156,2842.29,out,refund,US,USD
TXN-00002212,SIG-00242,2024-02-27 03:36:23.543570,208.51,out,bill_pay,US,USD
TXN-00002661,SIG-00292,2024-08-07 17:31:37.380711,631.73,in,payment,US,USD
TXN-00000657,SIG-00067,2024-12-27 17:59:45.260078,1348.56,out,refund,US,USD
TXN-00006661,SIG-00744,2024-11-01 19:13:44.520176,19.4,in,card_purchase,US,USD
TXN-00001308,SIG-00138,2024-08-23 01:08:04.333608,1911.61,out,withdrawal,US,USD
TXN-00002568,SIG-00281,2024-11-28 02:49:14.678844,1478.81,in,bill_pay,US,USD
TXN-00000999,SIG-00103,2024-10-01 05:39:28.756547,1081.63,in,deposit,US,USD
TXN-00008525,SIG-00943,2024-07-28 23:40:29.750691,3079.11,out,fx_exchange,US,USD
TXN-00002835,SIG-00314,2024-08-08 00:53:12.762827,7516.43,in,payment,UA,EUR
TXN-00010433,SIG-01153,2023-11-17 09:29:03.663787,925.97,in,bill_pay,US,USD
TXN-00010010,SIG-01106,2024-01-15 22:23:22.188381,2951.58,out,fx_exchange,RU,EUR
TXN-00005881,SIG-00657,2024-11-12 05:59:10.710126,158.93,out,deposit,US,USD
TXN-00001238,SIG-00131,2024-06-24 22:57:02.405207,534.82,in,atm_withdrawal,US,USD
TXN-00002152,SIG-00235,2024-12-09 23:48:38.701146,87.87,out,atm_withdrawal,US,USD
TXN-00003836,SIG-00426,2024-05-02 16:00:39.087310,382.22,out,transfer,US,USD
TXN-00010568,SIG-01166,2024-09-21 11:53:45.910269,169.36,in,deposit,US,USD
TXN-00008392,SIG-00927,2024-01-06 03:22:28.125429,212.04,in,withdrawal,US,USD
TXN-00008982,SIG-00995,2024-02-04 14:45:01.596346,6742.21,out,payment,US,USD
TXN-00006579,SIG-00735,2024-03-17 04:21:57.172814,506.33,in,atm_withdrawal,US,USD
TXN-00005092,SIG-00568,2024-06-23 01:13:37.775422,780.61,in,payment,US,USD
TXN-00002187,SIG-00240,2024-09-23 23:18:30.377473,598.07,out,deposit,US,USD
TXN-00009416,SIG-01039,2024-06-22 14:40:30.435737,74733.63,out,refund,US,USD
TXN-00001135,SIG-00119,2024-02-16 20:39:22.651025,2487.22,in,withdrawal,UA,USD
TXN-00005005,SIG-00560,2024-07-31 09:43:32.942173,2653.2,in,withdrawal,CN,CHF
TXN-00006627,SIG-00741,2024-01-31 07:21:54.724258,866.61,out,deposit,US,USD
TXN-00008317,SIG-00917,2024-10-31 05:07:16.456381,2413.67,in,card_purchase,US,USD
TXN-00001304,SIG-00137,2024-02-04 21:26:12.982099,265.07,out,bill_pay,US,USD
TXN-00009229,SIG-01022,2024-05-24 13:13:09.570066,2209.08,in,withdrawal,BR,GBP
TXN-00001628,SIG-00175,2024-01-14 19:59:08.305987,224.98,out,payment,US,USD
TXN-00008751,SIG-00970,2024-04-13 21:57:56.782592,595.63,in,wire,US,USD
TXN-00001523,SIG-00164,2024-09-26 15:07:47.675427,82.88,in,atm_withdrawal,US,USD
TXN-00010687,SIG-01180,2024-08-05 01:42:22.196324,1452.57,out,atm_withdrawal,US,USD
TXN-00000359,SIG-00036,2024-07-31 20:56:21.134490,240.21,in,fx_exchange,US,USD
TXN-00000139,SIG-00015,2024-10-09 12:51:25.256263,436.92,in,card_purchase,US,USD
TXN-00000300,SIG-00032,2024-10-15 11:48:58.397716,485.17,out,deposit,KY,EUR
TXN-00001557,SIG-00168,2024-11-09 10:27:48.076417,2701.5,in,card_purchase,PA,CHF
TXN-00005100,SIG-00569,2024-01-17 23:37:37.845995,92.98,in,payment,US,USD
TXN-00000383,SIG-00039,2024-01-29 11:50:54.778098,1868.15,out,deposit,US,USD
TXN-00009942,SIG-01099,2024-04-12 07:10:53.180508,699.79,out,transfer,BR,GBP
TXN-00008254,SIG-00911,2024-12-05 09:55:08.425385,665.6,in,withdrawal,US,USD
TXN-00007665,SIG-00854,2024-04-14 10:46:54.102008,591.25,out,atm_withdrawal,US,USD
TXN-00004858,SIG-00542,2024-04-16 12:15:25.728862,1294.25,in,transfer,US,USD
TXN-00010131,SIG-01117,2024-11-05 12:45:45.049480,24407.53,in,withdrawal,US,USD
TXN-00003181,SIG-00353,2024-07-01 07:18:48.576917,2456.23,in,payment,US,USD
TXN-00001440,SIG-00157,2024-03-23 07:12:16.507393,1703.56,out,wire,US,USD
TXN-00008355,SIG-00922,2024-08-30 05:03:06.264774,1421.26,out,payment,PA,EUR
TXN-00005674,SIG-00635,2024-04-27 10:04:06.513496,2344.73,in,wire,US,USD
TXN-00007043,SIG-00788,2024-01-05 22:55:17.574774,840.07,in,wire,US,USD
TXN-00000947,SIG-00099,2024-07-20 22:15:16.727381,576.21,in,payment,US,USD
TXN-00002391,SIG-00261,2024-04-10 19:09:10.068367,17376.13,in,refund,US,USD
TXN-00005499,SIG-00614,2024-11-04 04:31:00.569631,415.73,out,payment,US,USD
TXN-00004917,SIG-00548,2024-10-02 14:33:14.009756,1363.64,out,wire,US,USD
TXN-00010066,SIG-01109,2024-06-09 06:57:04.693035,640.46,out,bill_pay,US,USD
TXN-00002722,SIG-00299,2024-04-18 07:05:23.108041,1557.43,out,card_purchase,US,USD
TXN-00001933,SIG-00207,2024-09-30 21:21:21.766310,2236.59,out,fx_exchange,US,USD
TXN-00002353,SIG-00257,2024-02-05 11:49:20.573346,117.72,out,card_purchase,US,USD
TXN-00007657,SIG-00854,2024-04-01 02:43:53.246201,8840.77,out,card_purchase,US,USD
TXN-00003237,SIG-00359,2024-07-03 07:01:14.216400,915.39,out,payment,UA,USD
TXN-00003141,SIG-00352,2024-09-10 02:08:03.201890,1108.42,out,card_purchase,US,USD
TXN-00004164,SIG-00462,2024-02-21 08:36:28.556626,2327.93,in,card_purchase,US,USD
TXN-00009699,SIG-01072,2024-07-20 23:20:00.749651,5141.66,in,card_purchase,US,USD
TXN-00009041,SIG-01002,2024-11-21 13:33:21.002477,732.7,out,deposit,NG,CHF
TXN-00003808,SIG-00423,2024-07-11 02:38:41.296916,1102.81,in,withdrawal,TR,CHF
TXN-00010336,SIG-01141,2024-09-04 19:19:55.618036,247.3,out,payment,US,USD
TXN-00001937,SIG-00207,2024-10-03 12:44:49.123921,16861.68,out,withdrawal,US,USD
TXN-00009715,SIG-01075,2024-02-13 16:23:24.643672,579.65,out,bill_pay,US,USD
TXN-00006782,SIG-00757,2024-03-08 12:35:05.903948,253.49,in,deposit,US,USD
TXN-00009383,SIG-01035,2024-05-18 01:03:31.910540,213.27,out,payment,US,USD
TXN-00004155,SIG-00461,2024-10-19 07:24:56.885927,5533.06,in,withdrawal,AE,JPY
TXN-00004173,SIG-00463,2024-04-07 00:09:10.314663,276.32,in,payment,US,USD
TXN-00000797,SIG-00083,2024-11-26 21:25:13.105266,159.82,in,withdrawal,US,USD
TXN-00002417,SIG-00265,2024-04-01 23:38:12.391951,4694.58,out,payment,US,USD
TXN-00008399,SIG-00928,2024-04-01 06:12:57.848929,1701.43,in,atm_withdrawal,US,USD
TXN-00006140,SIG-00689,2024-06-28 04:00:36.617933,1172.93,out,fx_exchange,US,USD
TXN-00000786,SIG-00083,2024-11-20 01:12:30.198961,413.58,out,payment,US,USD
TXN-00010849,SIG-01197,2024-07-28 18:13:55.928756,660.27,in,transfer,US,USD
TXN-00006790,SIG-00759,2024-04-16 01:37:54.106081,609.7,in,payment,US,USD
TXN-00003159,SIG-00353,2024-06-17 01:40:10.818408,819.44,out,transfer,US,USD
TXN-00007203,SIG-00807,2024-09-05 14:55:17.771998,134.63,in,wire,US,USD
TXN-00008037,SIG-00889,2024-07-31 16:33:19.653826,319.36,out,bill_pay,US,USD
TXN-00000124,SIG-00012,2024-11-27 15:03:07.475207,121.15,in,refund,US,USD
TXN-00010314,SIG-01139,2024-01-01 23:14:21.027761,4345.77,in,deposit,US,USD
TXN-00005669,SIG-00635,2024-04-09 19:59:29.052512,982.39,in,wire,US,USD
TXN-00002173,SIG-00239,2024-04-15 21:15:47.651486,132.46,in,card_purchase,US,USD
TXN-00002170,SIG-00239,2024-05-09 09:35:49.121028,214.13,in,bill_pay,US,USD
TXN-00006629,SIG-00742,2024-12-03 12:34:44.742298,637.63,in,withdrawal,US,USD
TXN-00004010,SIG-00448,2024-05-23 07:50:53.377547,506.53,out,withdrawal,US,USD
TXN-00010134,SIG-01118,2024-05-08 11:18:45.702671,1260.87,in,card_purchase,BR,JPY
TXN-00004341,SIG-00480,2024-12-13 22:29:24.323208,859.95,out,atm_withdrawal,US,USD
TXN-00000911,SIG-00095,2024-09-23 02:57:04.530211,2375.52,out,card_purchase,IN,CHF
TXN-00006269,SIG-00705,2024-11-19 12:20:51.877535,2307.89,out,deposit,US,USD
TXN-00008711,SIG-00964,2023-12-31 00:56:41.758987,458.88,in,wire,TR,USD
TXN-00002310,SIG-00252,2024-09-21 07:52:11.139196,1212.97,in,bill_pay,US,USD
TXN-00010529,SIG-01161,2024-01-05 10:55:01.359115,1596.57,in,bill_pay,US,USD
TXN-00003635,SIG-00405,2024-12-09 22:09:07.418414,618.24,out,fx_exchange,US,USD
TXN-00001258,SIG-00133,2023-12-12 21:57:33.033420,174.25,in,bill_pay,CN,JPY
TXN-00006592,SIG-00738,2023-12-10 05:20:12.837376,630.9,out,transfer,US,USD
TXN-00004459,SIG-00494,2024-01-12 17:28:09.286317,539.09,out,transfer,AE,JPY
TXN-00006134,SIG-00688,2024-01-14 14:04:55.820378,1140.47,out,card_purchase,US,USD
TXN-00007598,SIG-00848,2024-10-22 10:12:21.980546,2354.78,out,bill_pay,US,USD
TXN-00001179,SIG-00124,2024-05-23 09:52:33.199316,318.22,out,withdrawal,US,USD
TXN-00008413,SIG-00930,2024-09-30 21:06:18.479912,281.49,in,payment,US,USD
TXN-00010173,SIG-01122,2024-10-29 22:09:26.411806,224.12,in,transfer,NG,EUR
TXN-00004653,SIG-00518,2024-08-25 05:26:30.562353,17085.29,in,withdrawal,US,USD
TXN-00006219,SIG-00698,2024-01-27 05:12:55.022938,358.82,out,refund,RU,CHF
TXN-00003651,SIG-00406,2024-07-19 11:30:45.103988,2136.77,out,transfer,US,USD
TXN-00000443,SIG-00043,2024-03-15 09:05:30.176690,2418.08,out,payment,US,USD
TXN-00003416,SIG-00381,2024-10-23 14:49:26.648265,649.08,out,payment,US,USD
TXN-00001400,SIG-00149,2024-04-14 02:28:16.699170,73.63,out,deposit,TR,GBP
TXN-00009535,SIG-01052,2024-03-01 18:55:46.986368,5992.85,in,payment,US,USD
TXN-00008391,SIG-00927,2024-01-04 14:19:48.313504,1042.85,out,withdrawal,US,USD
TXN-00001458,SIG-00158,2024-05-02 06:27:42.553330,323.23,out,card_purchase,US,USD
TXN-00008579,SIG-00949,2024-07-09 15:45:58.625966,351.66,in,transfer,US,USD
TXN-00005745,SIG-00644,2024-09-13 11:40:00.973766,961.05,out,deposit,US,USD
TXN-00010830,SIG-01194,2024-07-02 21:56:56.272038,2947.47,in,bill_pay,US,USD
TXN-00001055,SIG-00110,2024-12-06 06:28:17.689472,243.01,out,wire,BR,JPY
TXN-00008113,SIG-00897,2024-07-25 14:26:10.610212,110.04,out,fx_exchange,US,USD
TXN-00007654,SIG-00854,2024-04-22 10:41:59.042195,11464.01,in,withdrawal,US,USD
TXN-00003276,SIG-00363,2024-05-23 02:25:08.912150,710.12,out,card_purchase,US,USD
TXN-00001464,SIG-00159,2024-04-03 03:36:37.955051,1547.21,out,card_purchase,US,USD
TXN-00003700,SIG-00411,2024-07-29 23:30:36.479897,5295.8,in,withdrawal,US,USD
TXN-00003760,SIG-00416,2024-09-26 13:27:38.026421,464.48,in,card_purchase,US,USD
TXN-00000930,SIG-00097,2024-10-01 09:01:37.542131,7179.74,in,card_purchase,US,USD
TXN-00005512,SIG-00614,2024-11-06 17:50:42.729197,2135.31,in,withdrawal,US,USD
TXN-00006469,SIG-00726,2024-10-30 17:46:11.218284,184.97,in,atm_withdrawal,US,USD
TXN-00009170,SIG-01016,2024-07-29 09:24:31.349981,48.56,in,card_purchase,US,USD
TXN-00001830,SIG-00198,2024-11-02 17:48:33.477178,1350.5,in,transfer,AE,EUR
TXN-00002929,SIG-00325,2024-05-17 04:20:31.322460,12612.16,in,card_purchase,US,USD
TXN-00009492,SIG-01047,2024-06-02 21:23:33.021758,2337.91,out,fx_exchange,US,USD
TXN-00006539,SIG-00732,2024-07-30 07:00:52.380296,127.11,out,bill_pay,US,USD
TXN-00004222,SIG-00469,2024-06-25 00:31:01.808870,189.75,out,deposit,US,USD
TXN-00003547,SIG-00396,2024-05-09 20:39:23.001918,759.89,out,atm_withdrawal,AE,GBP
TXN-00005599,SIG-00624,2024-07-05 19:28:59.137759,3749.46,out,transfer,US,USD
TXN-00009751,SIG-01080,2024-02-23 09:17:55.250055,558.71,in,atm_withdrawal,US,USD
TXN-00009959,SIG-01100,2024-05-15 20:52:05.434343,2303.89,out,card_purchase,US,USD
TXN-00008900,SIG-00984,2024-06-01 22:16:02.232457,394.98,out,bill_pay,US,USD
TXN-00002012,SIG-00218,2024-11-13 06:03:33.351879,1397.56,out,withdrawal,KY,GBP
TXN-00000914,SIG-00095,2024-09-30 10:20:13.522756,238.21,out,withdrawal,US,USD
TXN-00007612,SIG-00850,2024-06-12 12:28:05.363074,1590.47,in,deposit,US,USD
TXN-00008998,SIG-00998,2024-09-10 18:27:54.572643,1001.53,out,refund,NG,JPY
TXN-00007837,SIG-00871,2024-03-17 01:54:31.945933,1499.5,out,withdrawal,US,USD
TXN-00008872,SIG-00981,2024-04-12 05:55:06.258517,516.86,out,fx_exchange,US,USD
TXN-00003220,SIG-00357,2024-08-28 19:22:00.228886,1276.89,out,bill_pay,US,USD
TXN-00002607,SIG-00286,2024-10-18 13:21:20.487640,631.97,out,fx_exchange,US,USD
TXN-00003265,SIG-00362,2024-07-10 18:44:17.459298,6605.6,in,atm_withdrawal,US,USD
TXN-00004929,SIG-00550,2024-11-05 10:54:13.571989,1880.0,out,card_purchase,TR,EUR
TXN-00009449,SIG-01042,2024-01-17 07:41:34.441826,787.7,out,deposit,US,USD
TXN-00006565,SIG-00734,2024-02-20 00:31:47.462646,1939.89,out,card_purchase,CN,CHF
TXN-00008903,SIG-00984,2024-06-15 04:38:14.861009,2667.8,out,withdrawal,US,USD
TXN-00000007,SIG-00001,2024-03-31 22:46:17.969634,90.38,in,payment,US,USD
TXN-00002981,SIG-00332,2024-10-28 03:49:22.432001,428.85,in,card_purchase,KY,CHF
TXN-00007836,SIG-00870,2024-05-27 09:34:42.005083,542.24,out,payment,US,USD
TXN-00006584,SIG-00736,2024-10-10 02:51:07.811279,1412.98,in,withdrawal,US,USD
TXN-00003362,SIG-00373,2024-08-26 15:10:26.519557,4272.63,out,withdrawal,US,USD
TXN-00004775,SIG-00533,2024-09-11 05:23:27.331782,8082.14,in,withdrawal,US,USD
TXN-00001944,SIG-00207,2024-09-28 17:22:50.077582,136.37,out,bill_pay,US,USD
TXN-00008536,SIG-00944,2024-09-28 21:13:51.716909,2969.53,out,bill_pay,US,USD
TXN-00005500,SIG-00614,2024-11-06 02:05:03.090306,874.52,in,refund,US,USD
TXN-00001636,SIG-00177,2023-12-26 02:35:11.874959,12065.04,out,card_purchase,US,USD
TXN-00001142,SIG-00120,2024-03-19 18:24:59.526538,641.72,out,transfer,US,USD
TXN-00009682,SIG-01070,2024-04-06 05:57:39.587952,1021.4,in,card_purchase,AE,GBP
TXN-00002042,SIG-00221,2024-06-09 11:19:30.883299,660.1,out,payment,US,USD
TXN-00006816,SIG-00762,2024-04-25 00:05:03.996682,1547.06,out,card_purchase,US,USD
TXN-00006704,SIG-00749,2024-07-20 09:47:14.567037,1282.29,out,payment,US,USD
TXN-00007243,SIG-00812,2024-02-14 05:12:28.492497,365.55,out,card_purchase,US,USD
TXN-00000360,SIG-00037,2024-02-19 05:53:01.256152,1220.77,out,transfer,US,USD
TXN-00002071,SIG-00225,2024-11-04 05:38:02.032625,149.28,in,card_purchase,PA,EUR
TXN-00003135,SIG-00351,2023-12-30 10:08:45.204817,2834.42,in,payment,KY,GBP
TXN-00005161,SIG-00575,2024-05-02 07:21:35.117930,682.47,out,fx_exchange,US,USD
TXN-00006991,SIG-00783,2024-06-22 15:59:10.614836,340.17,in,payment,US,USD
TXN-00003244,SIG-00360,2024-05-16 16:49:12.021566,1799.35,out,payment,US,USD
TXN-00005276,SIG-00589,2024-08-02 19:40:33.693294,1134.78,in,withdrawal,NG,EUR
TXN-00002243,SIG-00247,2024-05-22 11:37:55.043252,7125.76,out,bill_pay,US,USD
TXN-00001475,SIG-00159,2024-04-02 23:45:32.573591,350.55,in,withdrawal,US,USD
TXN-00009370,SIG-01034,2024-01-02 02:38:37.705421,186.03,in,card_purchase,TR,CHF
TXN-00001890,SIG-00203,2024-11-18 00:07:12.800687,64.37,out,payment,US,USD
TXN-00003436,SIG-00384,2024-10-05 22:22:29.221957,6265.91,in,transfer,US,USD
TXN-00003260,SIG-00362,2024-07-01 06:26:03.118955,1217.04,in,atm_withdrawal,US,USD
TXN-00005150,SIG-00574,2024-06-02 22:22:48.367093,1646.83,in,fx_exchange,US,USD
TXN-00003706,SIG-00411,2024-08-09 11:27:43.040593,1510.74,out,atm_withdrawal,US,USD
TXN-00002022,SIG-00218,2024-11-20 07:25:58.965875,5485.68,in,card_purchase,US,USD
TXN-00004021,SIG-00449,2024-11-08 09:13:01.012139,456.16,in,card_purchase,US,USD
TXN-00009637,SIG-01066,2024-10-06 21:16:05.712496,14035.82,in,withdrawal,US,USD
TXN-00009201,SIG-01019,2024-08-14 03:27:38.911188,267.34,out,wire,US,USD
TXN-00003501,SIG-00389,2024-01-23 05:46:54.316307,914.19,in,transfer,US,USD
TXN-00002659,SIG-00292,2024-07-12 19:59:43.334936,2419.94,in,atm_withdrawal,US,USD
TXN-00009215,SIG-01021,2024-12-16 12:48:20.810124,5552.24,in,withdrawal,CN,JPY
TXN-00008856,SIG-00979,2024-04-02 21:00:51.637324,260.32,in,withdrawal,AE,JPY
TXN-00001131,SIG-00119,2024-02-10 17:27:47.805859,2286.38,out,payment,US,USD
TXN-00005558,SIG-00620,2024-10-25 21:08:48.639122,244.78,out,card_purchase,US,USD
TXN-00008486,SIG-00939,2024-09-04 02:52:31.355395,13794.25,out,transfer,KY,USD
TXN-00001820,SIG-00198,2024-10-30 08:26:32.386472,241.46,out,withdrawal,AE,JPY
TXN-00007462,SIG-00832,2024-04-06 03:26:29.268410,1017.78,in,atm_withdrawal,US,USD
TXN-00009314,SIG-01030,2024-12-08 18:31:25.820888,858.29,in,atm_withdrawal,US,USD
TXN-00008557,SIG-00947,2024-01-27 17:56:39.464435,209.25,in,card_purchase,US,USD
TXN-00008930,SIG-00988,2024-08-17 03:20:02.138971,846.02,in,refund,US,USD
TXN-00007065,SIG-00790,2024-06-17 15:42:29.687919,745.4,in,transfer,US,USD
TXN-00004319,SIG-00478,2023-12-30 07:25:12.224713,402.27,in,transfer,US,USD
TXN-00010472,SIG-01157,2023-12-30 06:30:31.111569,1056.35,out,transfer,US,USD
TXN-00004145,SIG-00460,2024-01-05 09:20:18.903740,4226.75,out,transfer,NG,CHF
TXN-00004670,SIG-00519,2024-10-01 15:43:10.141443,192.16,out,transfer,US,USD
TXN-00001237,SIG-00131,2024-06-15 15:04:32.640875,2006.98,out,card_purchase,PA,CHF
TXN-00005477,SIG-00611,2024-10-31 01:58:55.930742,857.69,in,transfer,US,USD
TXN-00007130,SIG-00797,2024-10-14 14:46:04.303160,297.64,out,wire,US,USD
TXN-00010715,SIG-01183,2024-12-11 00:25:50.598650,1166.74,in,fx_exchange,US,USD
TXN-00009563,SIG-01057,2024-01-01 12:43:43.132301,1207.74,out,atm_withdrawal,US,USD
TXN-00007479,SIG-00835,2024-06-13 17:13:10.762998,1954.81,out,withdrawal,KY,CHF
TXN-00001857,SIG-00200,2023-12-21 18:38:25.059494,568.79,in,fx_exchange,US,USD
TXN-00002283,SIG-00249,2024-11-15 05:47:57.806919,1085.86,out,card_purchase,US,USD
TXN-00009486,SIG-01046,2024-01-28 23:14:53.764143,531.09,out,wire,US,USD
TXN-00010162,SIG-01122,2024-10-31 05:40:23.694107,4093.08,in,card_purchase,US,USD
TXN-00004094,SIG-00456,2024-01-20 21:33:04.614676,8899.38,out,card_purchase,US,USD
TXN-00004009,SIG-00448,2024-05-25 13:04:36.941337,1561.87,out,transfer,US,USD
TXN-00005201,SIG-00577,2024-05-31 07:23:07.435945,258.34,in,deposit,US,USD
TXN-00006402,SIG-00719,2024-04-29 22:39:05.297323,17694.15,out,withdrawal,US,USD
TXN-00010813,SIG-01193,2024-06-12 23:12:52.699499,754.7,in,payment,US,USD
TXN-00003422,SIG-00382,2024-07-09 07:18:18.209801,4493.68,in,payment,US,USD
TXN-00010107,SIG-01115,2024-02-14 13:33:04.091457,9164.54,out,deposit,US,USD
TXN-00000387,SIG-00039,2024-02-12 20:26:18.600809,1151.97,out,wire,CN,USD
TXN-00009323,SIG-01031,2024-07-03 09:54:30.311312,679.03,in,transfer,US,USD
TXN-00001629,SIG-00176,2023-12-16 10:53:53.939905,15654.61,in,transfer,KY,USD
TXN-00003586,SIG-00399,2024-11-09 19:23:40.336979,1561.69,in,transfer,US,USD
TXN-00004725,SIG-00526,2024-07-18 23:06:37.430553,377.45,out,payment,US,USD
TXN-00002715,SIG-00298,2024-03-03 18:54:24.998300,5469.54,in,bill_pay,AE,USD
TXN-00002502,SIG-00273,2024-03-29 05:38:25.294348,550.62,in,card_purchase,KY,EUR
TXN-00009193,SIG-01018,2024-06-25 13:15:20.676108,2148.18,out,atm_withdrawal,US,USD
TXN-00010163,SIG-01122,2024-11-09 04:02:20.738702,6442.99,out,fx_exchange,TR,GBP
TXN-00007719,SIG-00859,2024-04-19 04:44:48.363677,102.65,out,deposit,US,USD
TXN-00009610,SIG-01063,2024-08-19 21:09:44.546303,1478.8,in,deposit,US,USD
TXN-00010860,SIG-01197,2024-08-08 23:09:11.384989,6249.61,in,wire,IN,CHF
TXN-00001843,SIG-00199,2024-08-12 18:48:17.978648,2632.58,in,card_purchase,US,USD
TXN-00002498,SIG-00273,2024-03-15 10:53:34.191632,953.63,out,card_purchase,US,USD
TXN-00000202,SIG-00019,2024-08-07 11:49:32.313006,215.49,in,transfer,US,USD
TXN-00008779,SIG-00973,2024-08-15 17:31:57.096072,3089.56,out,transfer,US,USD
TXN-00003869,SIG-00429,2024-10-23 14:56:40.014480,1165.15,out,withdrawal,US,USD
TXN-00005055,SIG-00564,2024-08-10 04:38:07.580749,84.45,out,deposit,US,USD
TXN-00005890,SIG-00657,2024-11-09 10:42:02.636298,426.28,out,transfer,CN,USD
TXN-00002703,SIG-00297,2024-01-15 15:45:46.732614,424.36,out,card_purchase,US,USD
TXN-00007923,SIG-00878,2024-01-15 17:55:21.780537,3809.76,in,transfer,US,USD
TXN-00000332,SIG-00036,2024-07-18 01:47:36.409721,356.2,in,fx_exchange,US,USD
TXN-00003809,SIG-00423,2024-07-14 14:54:13.879483,815.79,out,transfer,NG,CHF
TXN-00000936,SIG-00098,2024-06-03 10:15:04.410489,100.52,out,bill_pay,US,USD
TXN-00001775,SIG-00193,2024-05-25 17:29:20.821251,2557.48,out,card_purchase,US,USD
TXN-00008614,SIG-00953,2024-04-18 21:02:28.993049,683.95,in,deposit,US,USD
TXN-00009976,SIG-01103,2024-04-01 15:04:11.414425,929.42,in,transfer,AE,CHF
TXN-00000990,SIG-00103,2024-10-06 10:49:06.783414,1590.22,in,deposit,AE,USD
TXN-00005444,SIG-00608,2024-02-16 21:24:57.503804,392.27,in,transfer,US,USD
TXN-00009104,SIG-01010,2024-08-19 13:51:14.437825,2498.76,in,deposit,UA,JPY
TXN-00006994,SIG-00783,2024-06-24 13:56:31.536423,387.56,in,card_purchase,US,USD
TXN-00009326,SIG-01031,2024-06-30 05:03:04.153965,1448.24,out,wire,US,USD
TXN-00005807,SIG-00651,2024-01-30 21:32:53.426337,238.44,in,payment,RU,CHF
TXN-00009530,SIG-01052,2024-02-16 19:28:50.373279,11972.56,in,payment,US,USD
TXN-00009490,SIG-01047,2024-06-01 23:15:02.715587,313.53,in,deposit,US,USD
TXN-00006575,SIG-00735,2024-02-21 18:14:08.995236,2075.75,in,bill_pay,US,USD
TXN-00003053,SIG-00340,2024-06-13 18:46:22.245530,590.43,in,deposit,US,USD
TXN-00009424,SIG-01039,2024-05-28 01:19:05.073034,5894.31,in,card_purchase,CN,CHF
TXN-00004616,SIG-00512,2024-07-02 18:31:00.091145,739.48,out,card_purchase,US,USD
TXN-00003322,SIG-00369,2024-06-17 05:58:33.671881,24670.6,in,wire,US,USD
TXN-00008318,SIG-00918,2024-10-07 13:42:16.513369,646.05,in,atm_withdrawal,BR,CHF
TXN-00006247,SIG-00702,2024-09-26 11:00:27.984113,626.02,in,payment,US,USD
TXN-00006049,SIG-00679,2024-10-20 02:47:11.897921,775.82,in,transfer,US,USD
TXN-00003312,SIG-00368,2024-03-04 23:45:44.806908,814.76,in,payment,US,USD
TXN-00008517,SIG-00943,2024-08-09 08:10:02.702733,7795.72,out,atm_withdrawal,US,USD
TXN-00010224,SIG-01126,2024-04-09 07:12:07.597753,158.16,out,wire,US,USD
TXN-00008211,SIG-00908,2024-09-24 12:18:41.203582,889.2,in,payment,US,USD
TXN-00003629,SIG-00405,2024-12-03 02:54:09.940984,553.32,out,card_purchase,US,USD
TXN-00009672,SIG-01069,2024-10-02 18:12:12.427835,1106.74,out,deposit,KY,EUR
TXN-00001357,SIG-00143,2024-07-26 02:01:43.077929,1288.62,in,deposit,US,USD
TXN-00005003,SIG-00560,2024-08-07 13:11:21.212561,88622.64,out,wire,US,USD
TXN-00008501,SIG-00941,2024-01-23 23:25:50.741027,1261.33,in,payment,US,USD
TXN-00005824,SIG-00652,2024-04-09 07:04:25.236152,5980.73,out,payment,US,USD
TXN-00010360,SIG-01145,2024-07-16 02:32:33.046867,611.83,in,fx_exchange,US,USD
TXN-00005671,SIG-00635,2024-04-06 16:06:59.052778,466.99,out,card_purchase,US,USD
TXN-00003113,SIG-00348,2024-11-09 17:31:22.375141,492.98,in,payment,US,USD
TXN-00000183,SIG-00018,2024-04-27 01:48:37.307724,305.12,out,wire,UA,GBP
TXN-00009667,SIG-01068,2024-02-16 05:05:19.401235,7982.67,in,transfer,US,USD
TXN-00000856,SIG-00089,2024-09-04 06:18:55.662559,976.59,in,payment,US,USD
TXN-00009200,SIG-01019,2024-08-10 12:04:03.283158,29511.13,out,card_purchase,US,USD
TXN-00004913,SIG-00548,2024-10-21 04:38:26.641603,336.76,in,card_purchase,US,USD
TXN-00009316,SIG-01031,2024-06-10 14:01:52.003007,2131.45,in,transfer,US,USD
TXN-00001801,SIG-00196,2024-05-13 04:04:35.956540,993.45,out,wire,US,USD
TXN-00010088,SIG-01112,2024-06-01 21:39:04.343388,2187.18,out,fx_exchange,US,USD
TXN-00005483,SIG-00611,2024-11-06 11:55:55.741823,415.49,out,bill_pay,US,USD
TXN-00009102,SIG-01010,2024-08-17 09:51:17.860933,3923.43,out,transfer,US,USD
TXN-00001969,SIG-00211,2024-10-25 08:50:25.718220,26306.87,out,bill_pay,IN,CHF
TXN-00009227,SIG-01022,2024-05-25 09:31:01.856034,1114.63,out,card_purchase,US,USD
TXN-00008910,SIG-00985,2024-09-18 10:58:29.862500,135.96,in,deposit,RU,USD
TXN-00004698,SIG-00522,2024-12-11 08:24:40.013889,72510.73,out,card_purchase,US,USD
TXN-00004988,SIG-00557,2024-12-12 04:17:57.135752,730.57,out,payment,US,USD
TXN-00004651,SIG-00517,2024-06-22 21:47:48.333883,1239.58,in,withdrawal,US,USD
TXN-00001160,SIG-00122,2024-10-12 19:32:57.724486,985.32,out,deposit,US,USD
TXN-00008476,SIG-00938,2024-10-24 09:51:00.445447,356.55,out,deposit,US,USD
TXN-00001326,SIG-00140,2024-09-01 12:17:06.834867,21288.74,out,transfer,US,USD
TXN-00008607,SIG-00952,2024-04-17 14:36:09.181810,3179.51,in,withdrawal,US,USD
TXN-00004797,SIG-00536,2024-12-14 16:58:18.746349,103.45,in,bill_pay,US,USD
TXN-00006797,SIG-00760,2024-12-16 13:15:24.741899,4315.82,out,payment,BR,GBP
TXN-00005809,SIG-00651,2024-02-20 02:19:19.798205,1644.45,out,transfer,BR,USD
TXN-00010747,SIG-01186,2024-01-14 15:32:06.504249,177.23,in,transfer,US,USD
TXN-00001456,SIG-00157,2024-04-04 03:04:00.833577,935.72,in,atm_withdrawal,US,USD
TXN-00005411,SIG-00604,2024-07-18 17:40:21.808859,362.08,in,wire,US,USD
TXN-00002801,SIG-00309,2024-07-11 11:06:30.064327,1021.11,in,refund,US,USD
TXN-00007617,SIG-00850,2024-05-18 11:05:27.488886,5067.65,in,withdrawal,US,USD
TXN-00009765,SIG-01081,2024-08-13 07:11:00.272198,3614.37,out,transfer,US,USD
TXN-00007816,SIG-00867,2024-06-11 03:28:26.569786,1848.86,in,atm_withdrawal,US,USD
TXN-00004379,SIG-00485,2024-07-15 11:06:14.381402,3211.85,out,payment,US,USD
TXN-00008701,SIG-00963,2024-05-16 20:57:14.930864,2338.87,out,atm_withdrawal,US,USD
TXN-00006717,SIG-00751,2024-10-19 09:15:17.022627,443.92,out,card_purchase,US,USD
TXN-00003737,SIG-00415,2024-04-25 19:52:19.277521,921.74,out,bill_pay,US,USD
TXN-00002262,SIG-00248,2024-07-18 12:21:18.202468,11254.71,out,card_purchase,KY,JPY
TXN-00007430,SIG-00830,2024-03-24 02:18:48.132721,2074.48,out,bill_pay,US,USD
TXN-00004006,SIG-00447,2024-08-18 07:21:25.484229,183.32,out,bill_pay,US,USD
TXN-00002395,SIG-00261,2024-05-07 12:19:46.869338,373.26,in,card_purchase,US,USD
TXN-00001186,SIG-00126,2024-07-04 02:05:27.718533,1774.95,out,bill_pay,US,USD
TXN-00002008,SIG-00217,2024-03-22 22:20:37.608333,1730.12,out,bill_pay,US,USD
TXN-00000194,SIG-00019,2024-08-07 20:50:59.027260,3115.93,out,wire,US,USD
TXN-00005526,SIG-00616,2024-09-14 06:38:16.385512,1352.19,out,payment,US,USD
TXN-00000772,SIG-00080,2024-03-27 22:50:36.836564,997.05,in,card_purchase,US,USD
TXN-00001479,SIG-00159,2024-04-13 23:21:46.194468,602.19,in,card_purchase,US,USD
TXN-00001847,SIG-00199,2024-08-11 17:02:19.671837,3895.97,in,payment,KY,USD
TXN-00003741,SIG-00415,2024-04-23 23:06:34.858048,285.07,out,card_purchase,UA,USD
TXN-00007987,SIG-00884,2024-07-05 20:13:04.725425,2376.09,in,refund,US,USD
TXN-00000406,SIG-00040,2024-08-02 09:13:14.889143,203.12,in,card_purchase,US,USD
TXN-00010399,SIG-01149,2024-05-06 00:19:08.815228,2117.06,in,withdrawal,US,USD
TXN-00009328,SIG-01031,2024-06-09 10:57:19.068958,1805.11,out,payment,AE,CHF
TXN-00006318,SIG-00708,2024-12-13 23:18:54.755560,10130.56,out,deposit,US,USD
TXN-00006582,SIG-00736,2024-09-09 15:15:52.515266,458.41,in,transfer,US,USD
TXN-00001448,SIG-00157,2024-02-27 19:13:38.717220,167.31,in,deposit,US,USD
TXN-00000343,SIG-00036,2024-07-08 21:46:28.134858,850.31,out,transfer,PA,CHF
TXN-00007469,SIG-00833,2024-09-16 12:48:41.823596,687.4,out,payment,US,USD
TXN-00000728,SIG-00077,2024-02-11 10:16:44.677973,7132.07,out,fx_exchange,US,USD
TXN-00004578,SIG-00508,2024-03-27 03:14:14.134343,1160.81,in,transfer,IN,CHF
TXN-00003517,SIG-00392,2024-01-09 07:31:32.124403,6794.82,in,card_purchase,US,USD
TXN-00009701,SIG-01072,2024-07-27 06:02:17.639183,27.68,out,fx_exchange,AE,USD
TXN-00008818,SIG-00976,2024-11-14 15:14:05.147605,2317.75,in,payment,US,USD
TXN-00007157,SIG-00801,2024-09-07 07:24:01.934837,66666.15,out,payment,US,USD
TXN-00007852,SIG-00873,2024-02-05 02:56:42.292674,2756.35,in,withdrawal,UA,GBP
TXN-00001349,SIG-00142,2024-11-22 14:40:27.308894,534.1,out,deposit,US,USD
TXN-00000661,SIG-00068,2024-02-24 19:55:54.827149,769.54,in,card_purchase,US,USD
TXN-00001493,SIG-00160,2024-04-15 08:21:21.215606,4792.59,out,deposit,BR,GBP
TXN-00009302,SIG-01029,2024-07-05 02:22:11.500423,1443.7,in,card_purchase,US,USD
TXN-00005155,SIG-00574,2024-05-28 20:36:06.993116,359.97,out,atm_withdrawal,US,USD
TXN-00010444,SIG-01155,2024-09-14 20:52:31.126452,489.81,out,withdrawal,NG,GBP
TXN-00002525,SIG-00277,2024-03-26 10:42:44.527339,3088.15,out,deposit,US,USD
TXN-00010160,SIG-01121,2024-08-12 21:54:28.271201,3804.11,out,payment,US,USD
TXN-00009240,SIG-01023,2024-11-16 18:08:40.170359,991.44,in,refund,US,USD
TXN-00005375,SIG-00600,2024-10-31 01:01:09.550241,377.83,in,withdrawal,US,USD
TXN-00003199,SIG-00355,2024-02-15 04:55:24.347743,5419.31,out,withdrawal,US,USD
TXN-00005718,SIG-00639,2024-03-13 13:29:01.495081,5963.15,in,transfer,US,USD
TXN-00008338,SIG-00920,2024-11-19 06:44:57.888022,18067.6,in,wire,UA,GBP
TXN-00010689,SIG-01180,2024-08-04 08:38:56.370736,11593.43,in,card_purchase,US,USD
TXN-00008987,SIG-00996,2024-11-19 06:16:35.650011,1492.34,in,transfer,US,USD
TXN-00008260,SIG-00912,2024-06-14 07:31:13.705075,220.14,out,fx_exchange,US,USD
TXN-00010363,SIG-01145,2024-07-16 19:26:12.341666,222.39,in,payment,US,USD
TXN-00000041,SIG-00005,2024-04-03 08:28:25.154093,627.15,in,atm_withdrawal,RU,JPY
TXN-00009645,SIG-01066,2024-10-11 17:48:19.452007,537.31,in,deposit,CN,EUR
TXN-00006817,SIG-00762,2024-04-22 15:44:36.828193,2221.91,in,wire,US,USD
TXN-00008410,SIG-00929,2024-02-25 21:00:20.764381,317.32,in,atm_withdrawal,US,USD
TXN-00008924,SIG-00987,2024-04-27 21:25:17.412973,483.34,out,atm_withdrawal,KY,GBP
TXN-00002724,SIG-00299,2024-04-11 01:59:37.596470,2876.64,out,payment,US,USD
TXN-00010204,SIG-01125,2024-02-20 15:14:04.827147,459.74,out,bill_pay,US,USD
TXN-00009357,SIG-01033,2024-10-15 00:28:35.315169,2920.63,out,withdrawal,US,USD
TXN-00010609,SIG-01171,2024-08-27 14:20:41.896430,2041.72,out,payment,US,USD
TXN-00007156,SIG-00801,2024-09-12 06:45:35.753799,2045.43,in,wire,KY,JPY
TXN-00008406,SIG-00929,2024-02-16 08:54:25.072528,1125.66,out,transfer,AE,CHF
TXN-00010056,SIG-01108,2023-12-06 17:27:55.009410,559.02,in,deposit,US,USD
TXN-00007231,SIG-00811,2024-12-06 04:34:16.213946,883.52,out,payment,NG,GBP
TXN-00005076,SIG-00566,2024-02-09 04:00:17.581430,126.35,out,bill_pay,US,USD
TXN-00007881,SIG-00875,2024-03-23 19:57:16.493627,534.8,in,payment,US,USD
TXN-00005395,SIG-00602,2024-09-23 02:26:40.579879,5651.54,out,card_purchase,US,USD
TXN-00009330,SIG-01031,2024-06-24 02:43:56.263921,1646.38,in,deposit,US,USD
TXN-00007790,SIG-00865,2024-02-20 20:57:58.217479,210.64,out,withdrawal,US,USD
TXN-00010180,SIG-01123,2024-02-06 18:05:11.283182,202.77,out,payment,US,USD
TXN-00004089,SIG-00455,2024-10-31 23:00:48.960548,8727.01,out,card_purchase,US,USD
TXN-00001968,SIG-00210,2024-10-25 13:36:53.026782,205.17,in,atm_withdrawal,US,USD
TXN-00009806,SIG-01083,2024-06-17 03:34:15.401652,1595.42,in,atm_withdrawal,US,USD
TXN-00009606,SIG-01063,2024-07-31 19:31:49.088177,3142.49,in,refund,US,USD
TXN-00010453,SIG-01155,2024-09-09 06:20:54.465163,1113.41,out,atm_withdrawal,US,USD
TXN-00007000,SIG-00784,2024-02-22 00:20:42.244888,149.7,out,wire,US,USD
TXN-00000424,SIG-00042,2024-05-01 09:52:56.223500,6762.78,in,atm_withdrawal,US,USD
TXN-00010515,SIG-01160,2024-03-16 20:53:44.312017,1277.01,out,wire,RU,CHF
TXN-00006143,SIG-00689,2024-06-13 04:06:57.359743,1007.93,in,payment,US,USD
TXN-00005662,SIG-00634,2024-07-27 21:18:08.228710,6667.64,in,card_purchase,US,USD
TXN-00004597,SIG-00510,2024-09-07 09:08:14.588580,9930.93,in,payment,CN,GBP
TXN-00002660,SIG-00292,2024-08-03 16:11:41.571215,1473.77,out,card_purchase,US,USD
TXN-00000142,SIG-00015,2024-09-24 21:37:36.369035,11610.21,out,card_purchase,US,USD
TXN-00002598,SIG-00285,2024-03-07 13:33:37.720766,963.2,in,fx_exchange,BR,EUR
TXN-00006702,SIG-00749,2024-07-19 02:43:00.253173,1013.69,out,fx_exchange,US,USD
TXN-00001378,SIG-00146,2024-09-01 02:37:29.256946,1141.96,in,card_purchase,US,USD
TXN-00003675,SIG-00409,2024-11-03 20:51:50.600296,245.67,out,withdrawal,TR,CHF
TXN-00010778,SIG-01191,2024-03-24 09:47:07.213907,1707.26,out,transfer,US,USD
TXN-00006363,SIG-00714,2024-02-12 20:35:54.313789,205.93,out,card_purchase,US,USD
TXN-00010207,SIG-01125,2024-02-22 19:30:24.505301,2222.87,in,fx_exchange,US,USD
TXN-00004742,SIG-00529,2024-05-14 00:44:32.146425,8737.23,out,withdrawal,US,USD
TXN-00001139,SIG-00120,2024-03-20 12:01:34.410875,674.83,out,withdrawal,US,USD
TXN-00007375,SIG-00822,2024-08-03 11:36:54.450028,422.65,in,card_purchase,US,USD
TXN-00001788,SIG-00194,2024-10-18 01:03:22.532763,597.89,out,payment,US,USD
TXN-00008776,SIG-00972,2024-11-25 02:48:04.195337,167.9,in,deposit,US,USD
TXN-00004647,SIG-00517,2024-06-28 10:58:51.479962,1258.43,out,deposit,US,USD
TXN-00007569,SIG-00844,2024-02-12 19:48:37.403733,512.11,in,atm_withdrawal,US,USD
TXN-00000460,SIG-00047,2024-01-27 03:52:17.198639,1522.36,out,refund,US,USD
TXN-00006116,SIG-00686,2024-10-28 11:38:53.894123,796.2,in,payment,US,USD
TXN-00008180,SIG-00904,2024-09-27 21:01:14.803859,299.11,in,payment,US,USD
TXN-00000949,SIG-00099,2024-08-17 09:37:26.830488,866.87,in,transfer,US,USD
TXN-00006371,SIG-00714,2024-02-14 17:06:31.089846,1244.37,out,withdrawal,US,USD
TXN-00004629,SIG-00514,2024-04-19 22:24:18.595437,2989.09,out,transfer,US,USD
TXN-00007359,SIG-00821,2024-09-13 09:16:40.387807,975.91,out,payment,US,USD
TXN-00005926,SIG-00662,2024-06-12 00:12:18.161840,544.0,in,atm_withdrawal,TR,USD
TXN-00006041,SIG-00678,2024-01-27 11:46:46.036189,327.95,out,withdrawal,US,USD
TXN-00000442,SIG-00043,2024-03-01 00:15:58.859168,1608.0,out,wire,US,USD
TXN-00006660,SIG-00744,2024-10-28 23:02:24.144964,2496.98,in,refund,US,USD
TXN-00003831,SIG-00426,2024-04-19 14:44:09.103045,809.11,in,bill_pay,US,USD
TXN-00010242,SIG-01130,2024-02-15 09:42:16.236242,2841.52,in,deposit,RU,JPY
TXN-00006145,SIG-00689,2024-07-02 14:44:13.513671,5003.57,out,payment,PA,EUR
TXN-00010303,SIG-01137,2024-08-28 21:45:05.056899,147.31,in,payment,US,USD
TXN-00006345,SIG-00712,2024-04-13 17:31:56.505680,1060.9,out,payment,US,USD
TXN-00001959,SIG-00209,2024-07-18 05:42:12.223573,162.65,out,deposit,US,USD
TXN-00000156,SIG-00016,2024-11-15 05:15:11.801383,2743.86,in,transfer,US,USD
TXN-00004579,SIG-00508,2024-03-12 13:10:51.456273,2110.37,in,fx_exchange,US,USD
TXN-00001090,SIG-00114,2024-06-19 07:37:52.482863,933.64,out,atm_withdrawal,US,USD
TXN-00006050,SIG-00679,2024-10-19 11:46:26.616565,599.78,out,card_purchase,US,USD
TXN-00007951,SIG-00882,2024-06-08 13:24:16.994238,155.59,out,card_purchase,US,USD
TXN-00001675,SIG-00183,2024-09-26 02:33:39.953077,351.52,in,refund,US,USD
TXN-00006764,SIG-00756,2024-08-25 07:48:54.591554,2995.52,in,transfer,US,USD
TXN-00009146,SIG-01014,2024-08-16 15:28:14.278681,700.05,in,deposit,US,USD
TXN-00006417,SIG-00720,2024-04-21 07:58:42.930063,775.15,in,fx_exchange,US,USD
TXN-00002327,SIG-00254,2024-12-16 01:11:59.681875,480.72,out,bill_pay,US,USD
TXN-00007097,SIG-00793,2024-11-09 10:37:11.320149,531.9,out,card_purchase,US,USD
TXN-00009372,SIG-01034,2023-12-14 15:58:24.637604,265.61,in,card_purchase,US,USD
TXN-00008608,SIG-00953,2024-04-18 07:33:10.315933,1347.91,in,payment,PA,USD
TXN-00006451,SIG-00724,2024-03-01 22:09:48.394848,226.16,in,withdrawal,US,USD
TXN-00001716,SIG-00187,2024-10-05 07:09:46.125432,1361.1,out,card_purchase,US,USD
TXN-00008382,SIG-00925,2024-08-12 10:11:59.300075,992.23,in,deposit,US,USD
TXN-00003832,SIG-00426,2024-05-12 15:09:47.746408,9582.81,in,card_purchase,US,USD
TXN-00006300,SIG-00707,2024-01-28 13:06:57.512265,3559.46,in,card_purchase,US,USD
TXN-00003349,SIG-00372,2024-03-04 09:02:16.942708,1049.28,in,payment,US,USD
TXN-00010377,SIG-01146,2024-03-10 19:56:32.872272,544.51,out,card_purchase,KY,JPY
TXN-00000588,SIG-00059,2024-01-31 11:29:49.721149,2342.53,in,card_purchase,UA,CHF
TXN-00010381,SIG-01147,2024-10-29 21:13:39.896618,6868.71,in,withdrawal,US,USD
TXN-00002991,SIG-00333,2024-07-06 13:05:20.692766,1618.83,in,transfer,US,USD
TXN-00010118,SIG-01116,2024-11-26 00:51:21.983321,1158.75,out,deposit,US,USD
TXN-00008646,SIG-00957,2024-03-12 13:16:26.490682,208.26,in,transfer,US,USD
TXN-00009681,SIG-01070,2024-04-06 17:42:51.583897,1335.97,in,transfer,US,USD
TXN-00000265,SIG-00027,2024-11-30 08:37:44.710490,102.94,in,payment,US,USD
TXN-00008632,SIG-00955,2024-09-02 16:46:44.282074,2668.93,in,wire,US,USD
TXN-00006789,SIG-00759,2024-04-30 22:47:29.378568,298.53,out,atm_withdrawal,BR,CHF
TXN-00009286,SIG-01027,2024-10-19 12:09:06.190470,1355.03,out,transfer,US,USD
TXN-00003865,SIG-00429,2024-10-07 21:37:00.353460,189.5,out,card_purchase,US,USD
TXN-00006275,SIG-00705,2024-11-15 13:24:04.335877,65089.42,in,atm_withdrawal,US,USD
TXN-00010680,SIG-01179,2024-09-23 23:17:31.587615,1312.6,in,withdrawal,US,USD
TXN-00003712,SIG-00412,2024-08-31 09:30:01.290125,2651.92,in,bill_pay,US,USD
TXN-00001530,SIG-00165,2024-07-30 02:07:27.536279,1100.13,in,atm_withdrawal,US,USD
TXN-00008970,SIG-00993,2024-07-17 09:46:36.118678,3785.85,in,fx_exchange,US,USD
TXN-00000924,SIG-00096,2024-09-14 19:41:30.887296,581.63,out,wire,US,USD
TXN-00009222,SIG-01021,2024-11-18 14:47:38.370051,5122.11,in,payment,US,USD
TXN-00007330,SIG-00818,2024-02-27 02:53:13.190351,113.82,out,transfer,US,USD
TXN-00004365,SIG-00482,2024-07-04 07:21:24.004769,507.45,in,transfer,US,USD
TXN-00000670,SIG-00070,2024-04-23 05:33:21.616844,29106.77,in,transfer,CN,JPY
TXN-00003605,SIG-00401,2024-11-03 23:44:28.073354,621.95,out,payment,AE,CHF
TXN-00005109,SIG-00570,2024-05-04 07:28:36.488910,1546.23,in,atm_withdrawal,US,USD
TXN-00005249,SIG-00585,2024-09-27 23:12:07.940012,1177.18,in,withdrawal,US,USD
TXN-00007184,SIG-00804,2024-03-25 04:47:07.396285,1710.52,in,bill_pay,US,USD
TXN-00002592,SIG-00284,2024-11-16 23:10:58.012246,6537.97,in,payment,TR,GBP
TXN-00005907,SIG-00660,2024-10-07 07:16:50.390173,6650.7,in,transfer,RU,GBP
TXN-00006510,SIG-00729,2024-02-29 06:36:13.230052,11521.63,out,card_purchase,US,USD
TXN-00007134,SIG-00797,2024-10-21 10:21:18.505726,1253.99,in,payment,TR,JPY
TXN-00002308,SIG-00252,2024-09-16 17:40:37.834406,1810.97,out,transfer,PA,JPY
TXN-00003691,SIG-00410,2024-01-17 16:30:00.640327,314.33,in,bill_pay,US,USD
TXN-00000688,SIG-00073,2024-04-12 07:44:21.441691,7294.4,out,deposit,BR,CHF
TXN-00000613,SIG-00062,2024-08-07 02:18:57.739076,4931.99,in,deposit,UA,JPY
TXN-00007168,SIG-00802,2024-09-15 19:54:33.071722,2478.98,out,card_purchase,US,USD
TXN-00008641,SIG-00956,2024-02-19 03:58:24.297927,1324.89,out,fx_exchange,US,USD
TXN-00003201,SIG-00355,2024-02-12 16:13:12.879989,307.87,in,card_purchase,US,USD
TXN-00006630,SIG-00742,2024-11-28 17:59:23.829891,754.23,in,payment,US,USD
TXN-00004136,SIG-00460,2024-01-07 13:09:04.296481,10452.38,out,atm_withdrawal,US,USD
TXN-00001899,SIG-00203,2024-11-18 05:09:02.316037,768.11,in,payment,US,USD
TXN-00000283,SIG-00030,2024-07-05 02:57:22.762798,3171.35,out,transfer,US,USD
TXN-00000259,SIG-00026,2024-04-04 21:48:53.265155,1434.12,out,atm_withdrawal,US,USD
TXN-00010274,SIG-01134,2024-03-17 01:59:21.963507,6590.01,out,transfer,US,USD
TXN-00004944,SIG-00552,2024-09-24 12:07:47.233978,982.31,in,withdrawal,US,USD
TXN-00002823,SIG-00312,2024-02-24 09:09:03.485653,2801.33,out,transfer,US,USD
TXN-00003526,SIG-00393,2024-07-28 11:19:50.154790,380.46,in,refund,US,USD
TXN-00010527,SIG-01161,2024-01-01 11:12:27.327299,11468.25,in,card_purchase,RU,GBP
TXN-00005224,SIG-00581,2024-04-06 06:53:46.360522,2882.73,in,withdrawal,TR,JPY
TXN-00002286,SIG-00249,2024-11-13 18:29:34.858006,12444.27,out,payment,NG,EUR
TXN-00006064,SIG-00680,2024-09-11 10:19:16.565657,1170.86,out,bill_pay,KY,CHF
TXN-00008079,SIG-00894,2024-01-20 07:02:14.972485,1068.62,out,bill_pay,US,USD
TXN-00004655,SIG-00518,2024-08-29 23:36:26.344128,228.51,out,atm_withdrawal,US,USD
TXN-00005001,SIG-00559,2024-01-19 17:23:26.193795,3146.57,in,card_purchase,US,USD
TXN-00006711,SIG-00750,2024-10-07 16:36:12.286885,296.05,in,payment,US,USD
TXN-00010167,SIG-01122,2024-11-02 16:50:51.655303,8975.12,in,withdrawal,BR,EUR
TXN-00005417,SIG-00605,2024-06-27 09:41:17.740133,864.05,out,withdrawal,IN,GBP
TXN-00000476,SIG-00049,2024-05-25 00:02:41.977688,2360.28,in,bill_pay,US,USD
TXN-00002556,SIG-00280,2024-07-30 17:03:47.099099,358.5,in,card_purchase,US,USD
TXN-00008088,SIG-00895,2024-03-18 03:07:24.867211,464.58,in,payment,US,USD
TXN-00000008,SIG-00001,2024-04-06 02:47:20.942338,266.29,in,wire,BR,EUR
TXN-00006412,SIG-00719,2024-04-23 14:45:28.469610,732.56,out,bill_pay,US,USD
TXN-00009995,SIG-01105,2024-06-02 03:05:14.733513,316.58,out,payment,US,USD
TXN-00009727,SIG-01076,2024-07-08 16:54:39.670474,555.29,out,card_purchase,US,USD
TXN-00005547,SIG-00618,2024-09-25 18:24:28.425194,8247.56,in,wire,US,USD
TXN-00002427,SIG-00266,2024-09-18 00:43:07.260766,7623.15,in,payment,US,USD
TXN-00006745,SIG-00753,2024-01-06 14:30:29.385940,1184.0,in,withdrawal,US,USD
TXN-00010494,SIG-01158,2024-01-22 10:58:37.246400,967.31,out,deposit,US,USD
TXN-00002275,SIG-00248,2024-07-27 18:17:54.719209,2636.09,out,payment,US,USD
TXN-00001578,SIG-00171,2024-07-28 16:06:28.019398,1466.24,in,card_purchase,IN,EUR
TXN-00007265,SIG-00814,2024-06-04 01:27:38.365609,10090.04,out,withdrawal,US,USD
TXN-00003971,SIG-00442,2024-10-12 06:37:36.591578,52984.4,in,transfer,US,USD
TXN-00005880,SIG-00657,2024-11-10 11:17:13.537727,9221.08,in,withdrawal,US,USD
TXN-00009188,SIG-01017,2024-11-01 02:30:33.652149,382.86,in,withdrawal,US,USD
TXN-00010170,SIG-01122,2024-11-02 11:56:24.196577,435.24,out,fx_exchange,US,USD
TXN-00007194,SIG-00806,2024-10-27 11:47:45.327898,526.37,in,fx_exchange,US,USD
TXN-00003868,SIG-00429,2024-10-02 22:47:04.292172,2160.03,in,wire,US,USD
TXN-00010264,SIG-01133,2024-03-12 20:55:51.312941,2551.74,in,deposit,US,USD
TXN-00006824,SIG-00762,2024-05-10 07:55:30.846427,1529.78,out,transfer,US,USD
TXN-00007549,SIG-00843,2024-07-22 05:13:03.703527,653.27,in,withdrawal,US,USD
TXN-00000782,SIG-00082,2024-03-16 04:37:50.819778,332.01,out,transfer,US,USD
TXN-00001750,SIG-00189,2024-02-22 08:00:52.220741,2061.99,out,wire,US,USD
TXN-00006520,SIG-00730,2024-01-10 12:29:33.654890,2440.51,in,fx_exchange,US,USD
TXN-00005775,SIG-00647,2024-08-04 14:34:31.206462,4301.41,in,withdrawal,KY,CHF
TXN-00002325,SIG-00254,2024-12-20 01:47:35.912534,5144.01,in,refund,AE,JPY
TXN-00005056,SIG-00564,2024-08-19 12:43:43.417071,1916.64,in,payment,US,USD
TXN-00009839,SIG-01087,2024-06-10 21:43:15.505616,385.09,out,transfer,US,USD
TXN-00001728,SIG-00187,2024-09-27 08:39:44.774004,628.3,in,card_purchase,US,USD
TXN-00000611,SIG-00062,2024-08-23 21:22:26.178159,435.12,in,wire,US,USD
TXN-00004667,SIG-00519,2024-09-19 04:04:06.221792,340.1,in,payment,RU,CHF
TXN-00005414,SIG-00604,2024-06-23 09:25:13.455981,340.45,out,atm_withdrawal,US,USD
TXN-00008104,SIG-00897,2024-07-06 12:57:38.885114,4056.18,in,withdrawal,US,USD
TXN-00008175,SIG-00903,2024-10-15 11:51:47.600936,597.18,out,deposit,US,USD
TXN-00003751,SIG-00416,2024-10-02 23:48:41.908650,1363.39,out,refund,US,USD
TXN-00000098,SIG-00010,2024-08-15 23:55:46.744751,5487.15,in,refund,US,USD
TXN-00006986,SIG-00783,2024-06-18 07:06:16.456808,258.44,out,card_purchase,US,USD
TXN-00003138,SIG-00351,2024-01-11 09:19:45.078906,3708.07,in,payment,US,USD
TXN-00001538,SIG-00166,2024-01-24 22:41:23.240627,226.99,out,payment,US,USD
TXN-00003649,SIG-00406,2024-07-27 11:04:36.221168,1025.76,in,card_purchase,US,USD
TXN-00001518,SIG-00163,2024-02-26 11:02:30.129642,3697.87,in,wire,US,USD
TXN-00010194,SIG-01123,2024-02-22 14:02:46.533383,4305.24,in,refund,US,USD
TXN-00004625,SIG-00514,2024-04-07 09:12:21.398031,335.51,out,bill_pay,US,USD
TXN-00006567,SIG-00734,2024-02-16 12:31:21.032605,5052.69,out,atm_withdrawal,TR,USD
TXN-00002091,SIG-00227,2024-04-07 13:49:26.505703,2161.04,out,atm_withdrawal,US,USD
TXN-00007098,SIG-00793,2024-11-20 03:24:30.395294,865.48,out,card_purchase,US,USD
TXN-00006172,SIG-00693,2024-05-14 22:21:31.821251,5982.63,in,transfer,KY,JPY
TXN-00007522,SIG-00839,2024-11-13 03:36:15.460037,3021.8,out,transfer,US,USD
TXN-00000573,SIG-00058,2024-06-25 21:50:50.909024,1438.72,in,fx_exchange,US,USD
TXN-00009895,SIG-01094,2024-03-07 14:52:30.611849,577.99,out,refund,US,USD
TXN-00003063,SIG-00341,2024-02-26 14:06:59.862473,2832.08,in,card_purchase,UA,USD
TXN-00000598,SIG-00060,2024-11-13 17:20:24.824346,768.64,in,atm_withdrawal,NG,GBP
TXN-00006634,SIG-00742,2024-12-08 02:56:45.168895,2719.96,in,payment,US,USD
TXN-00007876,SIG-00875,2024-03-17 12:48:14.468990,739.73,in,withdrawal,US,USD
TXN-00007346,SIG-00819,2024-02-21 03:59:16.732448,75.08,out,payment,US,USD
TXN-00006305,SIG-00708,2024-12-03 13:03:55.258822,3096.7,out,bill_pay,RU,JPY
TXN-00010292,SIG-01135,2024-07-01 08:43:24.832911,95.88,out,deposit,US,USD
TXN-00005977,SIG-00668,2024-04-25 15:25:46.756793,636.16,out,card_purchase,US,USD
TXN-00001939,SIG-00207,2024-10-06 18:37:57.409946,133.39,in,card_purchase,US,USD
TXN-00008101,SIG-00896,2024-06-04 21:16:46.900180,19932.11,in,card_purchase,US,USD
TXN-00001754,SIG-00190,2024-01-22 14:31:15.391093,155.54,in,deposit,US,USD
TXN-00003671,SIG-00408,2024-02-19 01:45:05.104815,851.67,in,transfer,US,USD
TXN-00009421,SIG-01039,2024-06-27 09:20:26.954364,3829.28,in,transfer,PA,CHF
TXN-00002362,SIG-00257,2024-02-17 04:38:07.395912,682.7,out,payment,RU,EUR
TXN-00004261,SIG-00473,2024-08-02 11:16:58.093588,8458.1,out,withdrawal,US,USD
TXN-00005433,SIG-00607,2024-03-10 07:09:54.859808,6495.21,in,transfer,US,USD
TXN-00006286,SIG-00705,2024-11-24 03:21:02.802521,3742.57,in,withdrawal,US,USD
TXN-00008616,SIG-00953,2024-04-17 16:02:01.602122,24.67,out,transfer,US,USD
TXN-00010319,SIG-01139,2023-11-27 06:48:11.252271,509.55,out,bill_pay,NG,JPY
TXN-00008576,SIG-00949,2024-07-19 15:29:48.717446,3059.98,out,transfer,US,USD
TXN-00009336,SIG-01031,2024-07-03 16:17:21.231783,2930.1,out,payment,UA,USD
TXN-00005592,SIG-00624,2024-07-08 03:40:45.589367,650.89,out,payment,US,USD
TXN-00001172,SIG-00123,2024-05-04 10:34:06.996020,233.44,in,card_purchase,US,USD
TXN-00007928,SIG-00879,2024-04-18 09:21:50.691070,3862.42,out,card_purchase,US,USD
TXN-00008798,SIG-00974,2024-03-04 23:56:15.779950,859.12,in,transfer,US,USD
TXN-00010195,SIG-01123,2024-02-22 04:47:33.633554,1025.91,out,transfer,US,USD
TXN-00008841,SIG-00978,2024-07-31 12:59:52.052494,145.78,out,fx_exchange,US,USD
TXN-00009994,SIG-01105,2024-05-11 10:59:39.159415,2432.46,in,fx_exchange,UA,GBP
TXN-00000875,SIG-00090,2024-05-01 01:51:15.277432,689.36,out,atm_withdrawal,US,USD
TXN-00002298,SIG-00251,2024-03-06 14:28:26.476868,215.56,in,card_purchase,US,USD
TXN-00010143,SIG-01118,2024-05-17 08:43:29.547892,2744.54,out,wire,US,USD
TXN-00002644,SIG-00291,2024-05-07 10:13:49.460308,9313.16,in,wire,RU,JPY
TXN-00005348,SIG-00598,2023-12-13 21:58:16.523989,144.38,out,refund,US,USD
TXN-00010822,SIG-01194,2024-06-28 13:08:35.724499,20268.62,in,withdrawal,US,USD
TXN-00000582,SIG-00059,2024-01-12 20:59:13.878680,2291.56,in,refund,US,USD
TXN-00000205,SIG-00020,2024-12-07 10:08:39.667752,2799.53,in,transfer,RU,CHF
TXN-00007897,SIG-00876,2024-01-12 19:51:06.715858,1627.12,out,deposit,US,USD
TXN-00002015,SIG-00218,2024-11-14 21:41:32.406809,665.29,in,deposit,US,USD
TXN-00000906,SIG-00094,2024-06-10 19:08:02.369040,5998.6,in,deposit,US,USD
TXN-00000632,SIG-00064,2024-09-16 02:12:24.122246,2081.09,out,bill_pay,US,USD
TXN-00008462,SIG-00938,2024-10-21 19:55:21.402991,458.41,in,card_purchase,TR,JPY
TXN-00009105,SIG-01010,2024-08-21 10:26:15.513776,942.66,out,refund,US,USD
TXN-00001975,SIG-00211,2024-10-26 06:59:19.177780,675.59,out,withdrawal,US,USD
TXN-00000163,SIG-00017,2024-10-23 10:21:07.968764,5592.39,out,card_purchase,US,USD
TXN-00004999,SIG-00559,2024-01-07 02:03:13.649652,817.04,out,wire,UA,EUR
TXN-00004714,SIG-00524,2024-11-16 11:31:06.107697,4058.23,in,payment,US,USD
TXN-00001432,SIG-00155,2024-09-13 07:03:27.899216,1370.6,out,atm_withdrawal,US,USD
TXN-00006869,SIG-00768,2024-10-02 16:26:10.807656,682.07,in,bill_pay,US,USD
TXN-00009966,SIG-01102,2024-03-11 14:52:35.852129,376.22,out,atm_withdrawal,IN,JPY
TXN-00007711,SIG-00859,2024-04-19 02:42:05.725729,1846.59,in,withdrawal,US,USD
TXN-00007737,SIG-00861,2024-05-09 10:08:22.479421,5182.19,out,payment,US,USD
TXN-00004284,SIG-00476,2024-11-29 01:39:58.967983,249.34,out,card_purchase,US,USD
TXN-00007532,SIG-00841,2024-01-09 22:02:20.208852,2531.56,out,transfer,PA,CHF
TXN-00009728,SIG-01076,2024-06-07 04:06:12.793131,249.2,in,deposit,CN,GBP
TXN-00003385,SIG-00375,2024-02-29 08:41:46.411054,400.99,out,withdrawal,US,USD
TXN-00010427,SIG-01152,2024-10-19 02:43:59.878309,582.69,in,withdrawal,US,USD
TXN-00008881,SIG-00981,2024-04-02 09:35:17.202027,384.73,in,bill_pay,US,USD
TXN-00009103,SIG-01010,2024-08-21 09:17:44.711281,2006.51,in,bill_pay,US,USD
TXN-00007463,SIG-00832,2024-04-09 05:20:15.301953,1258.81,out,card_purchase,US,USD
TXN-00003332,SIG-00370,2024-12-02 05:18:41.582362,14895.42,in,fx_exchange,CN,EUR
TXN-00006405,SIG-00719,2024-04-21 02:20:07.002286,3190.78,out,card_purchase,KY,GBP
TXN-00002097,SIG-00228,2024-04-06 06:28:06.117198,2764.13,in,bill_pay,US,USD
TXN-00009165,SIG-01016,2024-08-06 08:52:33.246930,285.86,in,deposit,NG,GBP
TXN-00008000,SIG-00885,2024-05-23 22:11:45.817281,1329.05,out,payment,US,USD
TXN-00005018,SIG-00560,2024-08-21 22:02:47.922043,1431.24,in,transfer,RU,USD
TXN-00001450,SIG-00157,2024-04-02 12:31:48.392681,1167.14,out,wire,US,USD
TXN-00006901,SIG-00771,2024-09-28 04:59:44.218836,27006.46,out,payment,US,USD
TXN-00002611,SIG-00287,2024-08-17 18:02:54.572070,240.94,out,transfer,US,USD
TXN-00001901,SIG-00204,2024-05-25 17:39:15.318180,2940.13,out,withdrawal,US,USD
TXN-00008187,SIG-00905,2023-12-30 02:18:51.355875,1314.64,in,payment,US,USD
TXN-00003921,SIG-00436,2024-03-28 00:34:28.953082,694.54,in,withdrawal,BR,JPY
TXN-00002758,SIG-00302,2023-12-29 06:12:50.413732,10606.83,in,transfer,US,USD
TXN-00006398,SIG-00718,2024-09-24 14:38:33.324954,1146.21,out,payment,US,USD
TXN-00009537,SIG-01053,2024-06-01 19:51:20.813156,442.99,in,bill_pay,US,USD
TXN-00002098,SIG-00228,2024-04-15 18:49:22.305432,442.79,out,atm_withdrawal,PA,USD
TXN-00008330,SIG-00919,2024-03-29 17:44:26.383999,1221.2,out,atm_withdrawal,US,USD
TXN-00005625,SIG-00628,2024-03-19 01:57:49.168222,184.49,out,bill_pay,US,USD
TXN-00003472,SIG-00387,2024-04-26 20:36:11.409218,945.43,out,payment,AE,GBP
TXN-00008267,SIG-00913,2024-07-11 14:32:02.400418,1565.44,in,payment,US,USD
TXN-00002172,SIG-00239,2024-05-14 19:30:13.233670,862.03,in,bill_pay,US,USD
TXN-00010067,SIG-01109,2024-06-25 11:38:01.172641,2702.78,in,payment,US,USD
TXN-00010169,SIG-01122,2024-11-07 05:17:55.200918,3068.69,in,fx_exchange,US,USD
TXN-00008591,SIG-00951,2024-07-26 16:21:02.276950,365.02,out,refund,US,USD
TXN-00002011,SIG-00217,2024-03-21 03:44:29.225396,2009.21,in,wire,US,USD
TXN-00010668,SIG-01179,2024-09-23 07:53:58.988650,1554.97,out,withdrawal,US,USD
TXN-00001284,SIG-00134,2024-03-15 15:31:51.308068,1071.55,in,deposit,KY,EUR
TXN-00010464,SIG-01156,2024-06-07 12:13:44.634623,1020.99,in,card_purchase,US,USD
TXN-00001020,SIG-00106,2023-12-21 04:33:29.844367,1160.55,in,deposit,US,USD
TXN-00002811,SIG-00310,2024-10-26 12:29:23.950718,954.95,out,payment,US,USD
TXN-00009418,SIG-01039,2024-06-27 00:42:47.899889,38641.13,in,wire,US,USD
TXN-00001652,SIG-00180,2024-08-06 08:04:02.528444,5626.01,out,fx_exchange,US,USD
TXN-00010479,SIG-01157,2024-01-26 02:13:50.457363,4283.87,in,bill_pay,US,USD
TXN-00001170,SIG-00123,2024-05-17 12:26:09.422240,2377.19,out,transfer,US,USD
TXN-00006257,SIG-00702,2024-09-24 18:14:14.374270,2625.21,in,fx_exchange,UA,GBP
TXN-00005470,SIG-00610,2024-03-26 10:04:51.595892,192.76,out,withdrawal,US,USD
TXN-00000868,SIG-00090,2024-04-17 22:22:11.191181,930.94,in,card_purchase,US,USD
TXN-00005094,SIG-00568,2024-06-11 17:34:58.658637,86.71,in,withdrawal,US,USD
TXN-00005434,SIG-00607,2024-03-16 08:05:39.920461,3386.68,in,transfer,US,USD
TXN-00000542,SIG-00055,2024-09-20 22:52:30.747661,30178.56,out,withdrawal,US,USD
TXN-00010716,SIG-01183,2024-12-21 18:51:13.762452,616.17,out,card_purchase,NG,JPY
TXN-00006355,SIG-00713,2024-04-30 10:25:52.470321,405.73,out,deposit,US,USD
TXN-00010177,SIG-01122,2024-11-07 07:27:38.683525,9424.08,out,bill_pay,CN,GBP
TXN-00003391,SIG-00376,2024-04-09 16:18:39.519413,642.12,out,atm_withdrawal,RU,JPY
TXN-00008785,SIG-00973,2024-08-16 04:48:52.261401,1983.39,in,payment,US,USD
TXN-00010821,SIG-01194,2024-06-27 12:46:00.448966,4460.64,out,wire,US,USD
TXN-00003960,SIG-00441,2024-08-04 17:45:15.744518,1539.67,out,transfer,US,USD
TXN-00006644,SIG-00742,2024-12-05 14:29:55.612257,144.89,out,card_purchase,US,USD
TXN-00006842,SIG-00764,2024-04-05 04:31:35.277486,1192.04,out,wire,US,USD
TXN-00009051,SIG-01004,2024-07-26 02:58:15.825181,841.04,out,atm_withdrawal,US,USD
TXN-00003587,SIG-00400,2024-01-26 15:31:05.824815,2457.57,out,payment,UA,USD
TXN-00008826,SIG-00976,2024-11-19 18:34:30.064202,291.61,in,payment,CN,EUR
TXN-00002564,SIG-00281,2024-11-29 09:32:45.470340,197.29,in,card_purchase,US,USD
TXN-00005037,SIG-00562,2024-05-25 17:04:02.724654,130.77,out,card_purchase,US,USD
TXN-00001081,SIG-00113,2024-07-11 04:36:14.066945,1833.58,out,fx_exchange,US,USD
TXN-00005892,SIG-00658,2024-03-24 12:00:33.183634,3403.69,in,bill_pay,RU,GBP
TXN-00004967,SIG-00553,2024-08-25 21:05:46.057170,729.79,in,bill_pay,US,USD
TXN-00002024,SIG-00218,2024-11-17 00:24:05.599808,727.94,out,payment,US,USD
TXN-00009804,SIG-01083,2024-05-20 16:20:23.478403,150.44,in,deposit,US,USD
TXN-00007910,SIG-00877,2024-05-11 17:18:26.615882,736.49,out,wire,US,USD
TXN-00009513,SIG-01050,2024-08-18 14:28:08.158155,248.46,in,transfer,RU,JPY
TXN-00007322,SIG-00817,2024-03-09 08:12:56.465863,2016.21,in,deposit,US,USD
TXN-00000227,SIG-00021,2024-09-23 17:08:49.557055,1779.6,in,card_purchase,UA,GBP
TXN-00001014,SIG-00105,2024-09-27 12:20:54.511345,487.96,in,wire,US,USD
TXN-00001930,SIG-00207,2024-10-03 01:22:13.757536,27442.76,out,withdrawal,PA,EUR
TXN-00005252,SIG-00586,2024-01-26 12:23:27.185432,974.92,out,payment,US,USD
TXN-00002180,SIG-00240,2024-10-07 05:20:30.409978,1885.28,out,deposit,CN,EUR
TXN-00000698,SIG-00073,2024-04-06 07:02:25.651293,1243.35,out,transfer,KY,GBP
TXN-00001125,SIG-00118,2024-03-10 22:26:01.974137,3288.97,out,refund,US,USD
TXN-00007379,SIG-00822,2024-08-15 01:11:50.346258,297.53,out,transfer,US,USD
TXN-00008964,SIG-00993,2024-07-22 06:27:40.788895,2668.02,out,card_purchase,US,USD
TXN-00005111,SIG-00570,2024-05-05 22:05:36.294489,138.25,out,transfer,US,USD
TXN-00007903,SIG-00876,2024-01-03 12:05:36.912769,3934.98,in,payment,US,USD
TXN-00001779,SIG-00193,2024-06-08 03:38:27.543098,812.03,out,atm_withdrawal,US,USD
TXN-00010528,SIG-01161,2024-01-02 12:50:30.776099,2517.34,in,fx_exchange,US,USD
TXN-00002635,SIG-00290,2024-01-06 15:49:03.714045,512.91,in,transfer,US,USD
TXN-00007545,SIG-00842,2024-06-12 06:04:28.956643,247.59,out,payment,US,USD
TXN-00007605,SIG-00849,2024-10-28 22:49:54.880207,80.56,out,transfer,US,USD
TXN-00003490,SIG-00388,2024-10-12 05:04:51.078658,1975.63,in,wire,US,USD
TXN-00001038,SIG-00108,2024-01-30 21:21:49.805251,177.37,in,payment,UA,USD
TXN-00008935,SIG-00989,2024-02-07 05:42:55.192887,708.37,in,withdrawal,US,USD
TXN-00008506,SIG-00942,2024-05-28 22:42:31.228685,1645.57,out,deposit,US,USD
TXN-00002650,SIG-00291,2024-05-05 01:06:16.666075,320.85,in,payment,US,USD
TXN-00002980,SIG-00332,2024-09-20 17:11:21.072340,499.3,out,payment,US,USD
TXN-00002548,SIG-00279,2024-10-13 00:30:41.226927,263.37,out,card_purchase,BR,JPY
TXN-00005133,SIG-00571,2024-10-20 14:38:51.359248,677.07,out,transfer,AE,GBP
TXN-00002160,SIG-00237,2024-10-13 06:08:23.374087,9369.13,out,wire,US,USD
TXN-00006446,SIG-00723,2024-02-23 17:30:49.200786,1453.67,out,payment,US,USD
TXN-00003968,SIG-00442,2024-10-06 05:55:07.583879,126.11,in,fx_exchange,US,USD
TXN-00001429,SIG-00155,2024-10-08 23:19:05.686266,238.04,out,wire,US,USD
TXN-00009472,SIG-01045,2024-08-18 16:33:39.076413,936.61,out,payment,US,USD
TXN-00002521,SIG-00277,2024-04-05 02:24:52.666016,298.4,in,payment,US,USD
TXN-00008034,SIG-00889,2024-08-06 12:04:56.851575,756.92,in,deposit,US,USD
TXN-00009419,SIG-01039,2024-07-02 16:28:20.365325,1512.16,out,wire,US,USD
TXN-00010751,SIG-01187,2024-11-25 00:15:04.623556,268.91,out,withdrawal,US,USD
TXN-00000449,SIG-00045,2024-02-11 18:57:56.209290,1167.92,out,atm_withdrawal,US,USD
TXN-00009254,SIG-01024,2024-03-07 20:58:03.406084,654.54,in,card_purchase,US,USD
TXN-00005996,SIG-00671,2024-07-23 13:33:39.301845,1123.06,in,card_purchase,UA,CHF
TXN-00008774,SIG-00972,2024-11-28 06:57:01.339512,626.03,out,card_purchase,PA,EUR
TXN-00003728,SIG-00414,2024-01-09 18:04:18.969939,5043.46,out,withdrawal,US,USD
TXN-00007354,SIG-00820,2024-06-04 12:56:58.712944,231.4,out,withdrawal,US,USD
TXN-00008554,SIG-00947,2024-01-07 04:35:45.759005,1447.91,in,payment,US,USD
TXN-00006280,SIG-00705,2024-11-21 06:29:12.323454,1935.06,out,payment,AE,GBP
TXN-00009756,SIG-01081,2024-08-20 20:26:27.292652,4140.08,out,deposit,TR,EUR
TXN-00007296,SIG-00814,2024-07-03 08:01:28.713836,2233.63,out,transfer,US,USD
TXN-00006252,SIG-00702,2024-09-15 10:52:57.693484,3748.33,out,payment,US,USD
TXN-00005927,SIG-00662,2024-06-09 09:41:25.456360,4431.61,in,fx_exchange,US,USD
TXN-00002461,SIG-00270,2024-02-05 02:00:00.107751,1178.57,out,wire,US,USD
TXN-00000023,SIG-00003,2024-02-03 14:46:06.210775,625.58,in,bill_pay,US,USD
TXN-00002067,SIG-00225,2024-10-23 10:55:02.320240,1376.32,in,card_purchase,BR,CHF
TXN-00001654,SIG-00180,2024-09-06 17:42:55.388581,157.7,out,wire,US,USD
TXN-00001377,SIG-00146,2024-09-01 17:58:28.110577,3549.57,in,payment,CN,EUR
TXN-00001725,SIG-00187,2024-10-15 05:49:18.113971,955.27,in,payment,US,USD
TXN-00003755,SIG-00416,2024-10-01 07:35:16.925691,1167.17,in,card_purchase,US,USD
TXN-00008653,SIG-00958,2024-01-28 03:03:17.122922,3289.0,in,payment,US,USD
TXN-00004184,SIG-00464,2023-12-31 06:15:57.584521,1137.86,out,atm_withdrawal,US,USD
TXN-00004083,SIG-00455,2024-10-30 00:42:59.010730,4105.13,in,payment,US,USD
TXN-00008475,SIG-00938,2024-10-28 01:50:18.049870,1399.23,out,atm_withdrawal,US,USD
TXN-00006580,SIG-00736,2024-10-01 07:19:51.684125,2325.02,in,card_purchase,US,USD
TXN-00004559,SIG-00508,2024-03-26 16:35:24.381302,8931.17,in,deposit,US,USD
TXN-00003538,SIG-00395,2024-02-13 06:26:25.793921,1586.94,in,wire,US,USD
TXN-00007004,SIG-00785,2024-07-01 20:05:53.952011,88.45,in,payment,AE,USD
TXN-00010326,SIG-01140,2024-03-31 15:38:06.339306,1211.26,out,atm_withdrawal,US,USD
TXN-00000647,SIG-00066,2024-02-05 11:03:30.090326,1651.29,in,refund,US,USD
TXN-00006382,SIG-00715,2024-06-21 12:02:57.546258,1590.87,in,wire,US,USD
TXN-00007528,SIG-00840,2024-04-06 01:56:16.966584,98.29,in,deposit,US,USD
TXN-00010570,SIG-01166,2024-09-30 03:41:48.697423,102.0,in,atm_withdrawal,US,USD
TXN-00007166,SIG-00802,2024-09-15 22:40:04.567131,238.79,in,payment,US,USD
TXN-00008724,SIG-00967,2024-08-07 11:01:29.532607,796.84,in,card_purchase,US,USD
TXN-00007698,SIG-00857,2024-09-17 07:05:24.597091,2015.77,out,payment,BR,JPY
TXN-00010255,SIG-01132,2024-05-18 07:26:27.976910,1314.81,out,atm_withdrawal,US,USD
TXN-00004876,SIG-00544,2024-02-15 18:23:34.524736,1787.75,in,transfer,US,USD
TXN-00009376,SIG-01035,2024-05-13 11:48:07.293187,1338.29,out,payment,IN,CHF
TXN-00005342,SIG-00597,2024-06-26 01:51:29.314808,9058.35,in,refund,US,USD
TXN-00007032,SIG-00787,2024-11-12 19:21:30.135642,2563.4,in,payment,PA,EUR
TXN-00002161,SIG-00237,2024-10-13 03:39:11.376360,22118.53,in,wire,KY,GBP
TXN-00000686,SIG-00073,2024-04-11 14:06:18.907058,9333.97,out,transfer,US,USD
TXN-00002462,SIG-00270,2024-01-29 12:49:57.870212,390.94,in,deposit,US,USD
TXN-00007129,SIG-00797,2024-10-21 10:31:57.634097,1454.65,in,fx_exchange,US,USD
TXN-00006268,SIG-00704,2024-11-20 14:20:57.159018,2787.94,in,transfer,US,USD
TXN-00004942,SIG-00552,2024-08-24 15:23:35.418602,4033.94,out,withdrawal,US,USD
TXN-00005947,SIG-00664,2024-01-21 17:21:17.243693,410.64,in,payment,US,USD
TXN-00004584,SIG-00509,2024-09-17 07:41:28.154499,335.87,out,fx_exchange,US,USD
TXN-00005785,SIG-00649,2024-06-20 19:45:20.179989,1966.56,in,atm_withdrawal,US,USD
TXN-00007570,SIG-00844,2024-02-22 21:48:16.054019,1281.09,in,fx_exchange,US,USD
TXN-00000522,SIG-00053,2024-11-17 13:39:53.152863,2266.61,out,atm_withdrawal,AE,GBP
TXN-00008715,SIG-00965,2024-08-19 21:03:54.850428,701.5,in,payment,US,USD
TXN-00003984,SIG-00444,2024-06-04 23:28:33.635304,234.04,in,deposit,US,USD
TXN-00010423,SIG-01151,2024-06-06 15:42:46.148249,5509.83,in,card_purchase,US,USD
TXN-00000781,SIG-00082,2024-03-14 03:50:15.911088,813.07,in,atm_withdrawal,US,USD
TXN-00008978,SIG-00994,2024-10-03 11:05:48.152591,284.62,out,card_purchase,US,USD
TXN-00005608,SIG-00625,2024-10-18 01:12:45.464542,1649.74,in,withdrawal,US,USD
TXN-00005979,SIG-00668,2024-04-07 23:39:13.207413,5013.7,in,deposit,US,USD
TXN-00003748,SIG-00416,2024-10-08 11:33:05.938773,2404.52,out,payment,US,USD
TXN-00002197,SIG-00241,2024-11-28 05:01:23.529540,976.25,in,wire,US,USD
TXN-00008562,SIG-00948,2024-05-03 19:46:23.911351,721.96,in,bill_pay,US,USD
TXN-00010767,SIG-01189,2024-11-12 16:47:50.245711,2548.54,in,withdrawal,US,USD
TXN-00004286,SIG-00476,2024-11-15 09:53:18.964104,346.61,out,transfer,US,USD
TXN-00008570,SIG-00948,2024-05-08 05:49:45.977227,6961.17,out,atm_withdrawal,IN,GBP
TXN-00006980,SIG-00782,2024-05-07 17:46:26.110495,154.27,out,transfer,US,USD
TXN-00001828,SIG-00198,2024-11-26 17:04:35.296875,356.55,in,withdrawal,US,USD
TXN-00010543,SIG-01164,2024-08-11 01:49:09.170503,507.55,out,payment,US,USD
TXN-00002377,SIG-00260,2024-06-28 00:16:11.769307,2781.22,in,refund,US,USD
TXN-00008552,SIG-00947,2023-12-19 04:45:02.732083,377.76,out,payment,US,USD
TXN-00003840,SIG-00427,2024-04-28 14:06:04.430002,486.52,in,transfer,US,USD
TXN-00001247,SIG-00133,2023-12-11 14:33:48.539720,3313.99,in,atm_withdrawal,UA,USD
TXN-00007505,SIG-00839,2024-11-23 17:15:32.069870,2717.97,in,fx_exchange,US,USD
TXN-00006512,SIG-00729,2024-03-04 11:22:20.904301,9012.62,out,transfer,US,USD
TXN-00005440,SIG-00607,2024-03-17 08:02:29.447293,4809.57,in,payment,BR,USD
TXN-00010079,SIG-01111,2024-08-16 10:30:28.871643,1591.43,in,withdrawal,US,USD
TXN-00005511,SIG-00614,2024-11-05 01:01:58.610260,3255.13,in,payment,US,USD
TXN-00005331,SIG-00595,2024-01-02 13:58:12.218477,2026.89,out,transfer,US,USD
TXN-00004532,SIG-00504,2024-08-08 16:51:58.642655,7687.11,out,deposit,US,USD
TXN-00000366,SIG-00037,2024-02-28 06:13:34.866054,431.03,out,deposit,US,USD
TXN-00010876,SIG-01199,2024-09-15 05:34:29.345554,313.82,out,transfer,US,USD
TXN-00000148,SIG-00015,2024-09-23 15:11:22.888553,2642.6,in,deposit,US,USD
TXN-00001669,SIG-00182,2024-12-11 15:06:25.750466,708.17,in,withdrawal,US,USD
TXN-00009652,SIG-01066,2024-09-30 11:18:02.448382,866.95,in,atm_withdrawal,US,USD
TXN-00007651,SIG-00853,2024-08-21 16:17:50.435098,4527.88,out,wire,RU,CHF
TXN-00008600,SIG-00952,2024-05-04 00:44:17.428985,325.97,in,transfer,US,USD
TXN-00007789,SIG-00865,2024-02-25 01:51:36.092033,397.64,out,card_purchase,US,USD
TXN-00003457,SIG-00386,2024-05-12 15:18:12.838263,2425.06,out,atm_withdrawal,US,USD
TXN-00003272,SIG-00363,2024-05-15 23:51:04.495081,51.32,in,refund,PA,USD
TXN-00004941,SIG-00552,2024-08-27 13:29:08.453461,3162.71,out,card_purchase,IN,JPY
TXN-00006231,SIG-00700,2024-07-19 16:42:43.840810,815.94,in,transfer,US,USD
TXN-00009717,SIG-01075,2024-02-18 20:29:41.870013,2562.94,in,refund,US,USD
TXN-00008861,SIG-00980,2024-04-08 06:49:17.877424,884.0,out,wire,US,USD
TXN-00003927,SIG-00438,2024-04-27 09:44:10.805315,3886.45,out,withdrawal,KY,USD
TXN-00009321,SIG-01031,2024-06-17 16:16:20.976252,8354.51,out,payment,US,USD
TXN-00008081,SIG-00894,2024-01-20 04:19:28.470856,2158.46,in,refund,US,USD
TXN-00000079,SIG-00008,2024-05-11 23:12:02.945254,1177.97,in,withdrawal,US,USD
TXN-00007089,SIG-00792,2024-03-18 12:48:13.655105,4067.46,in,refund,US,USD
TXN-00002248,SIG-00247,2024-05-23 15:18:12.433382,1427.47,in,refund,US,USD
TXN-00009013,SIG-01000,2024-04-09 22:27:07.400817,366.73,out,transfer,KY,USD
TXN-00010836,SIG-01195,2024-04-30 13:41:41.755270,509.68,out,atm_withdrawal,US,USD
TXN-00007452,SIG-00831,2024-02-23 21:52:42.848382,2121.16,in,payment,KY,EUR
TXN-00002280,SIG-00249,2024-11-14 01:13:33.706034,1559.1,in,wire,US,USD
TXN-00008124,SIG-00899,2024-07-29 18:53:06.508985,5642.35,in,transfer,US,USD
TXN-00003898,SIG-00433,2023-12-29 22:05:31.662050,480.51,out,card_purchase,US,USD
TXN-00009679,SIG-01069,2024-10-08 13:15:39.680414,111.8,in,wire,US,USD
TXN-00007178,SIG-00803,2024-12-13 13:36:05.137044,604.22,out,payment,US,USD
TXN-00010309,SIG-01138,2024-08-17 05:15:26.808272,684.18,out,deposit,RU,EUR
TXN-00003632,SIG-00405,2024-11-28 18:17:51.689227,475.9,in,deposit,US,USD
TXN-00010311,SIG-01139,2023-12-30 10:48:16.980203,1620.27,in,refund,US,USD
TXN-00006273,SIG-00705,2024-11-22 01:50:30.844334,10426.43,out,transfer,CN,USD
TXN-00008617,SIG-00953,2024-04-18 00:13:21.395474,868.05,in,payment,US,USD
TXN-00000393,SIG-00040,2024-08-01 21:53:14.767239,515.31,in,withdrawal,US,USD
TXN-00003192,SIG-00355,2024-02-13 08:18:52.755961,19210.72,in,withdrawal,US,USD
TXN-00000017,SIG-00002,2024-10-14 00:52:16.188853,1482.84,out,payment,IN,JPY
TXN-00004201,SIG-00465,2024-11-09 15:05:10.794579,437.81,in,bill_pay,IN,CHF
TXN-00002673,SIG-00293,2024-09-25 00:02:42.552882,2087.6,out,transfer,US,USD
TXN-00006165,SIG-00693,2024-05-28 11:23:51.896203,3057.03,out,atm_withdrawal,US,USD
TXN-00003494,SIG-00389,2024-01-01 20:05:56.335797,659.54,out,atm_withdrawal,US,USD
TXN-00007395,SIG-00825,2024-07-20 04:23:12.388523,17172.57,in,transfer,AE,CHF
TXN-00004840,SIG-00541,2024-07-08 12:49:38.201154,1381.19,in,wire,US,USD
TXN-00000594,SIG-00060,2024-11-22 08:39:20.270598,964.31,in,payment,US,USD
TXN-00010154,SIG-01120,2024-01-27 18:04:46.286436,5305.21,in,card_purchase,US,USD
TXN-00008738,SIG-00968,2024-05-22 22:54:17.257655,7984.23,in,card_purchase,US,USD
TXN-00005828,SIG-00652,2024-04-15 12:51:19.907815,8368.76,out,withdrawal,US,USD
TXN-00007962,SIG-00882,2024-06-08 01:50:52.662533,2350.12,in,card_purchase,US,USD
TXN-00005888,SIG-00657,2024-11-12 19:38:54.520321,731.85,in,wire,US,USD
TXN-00002356,SIG-00257,2024-02-09 19:23:27.571627,3726.29,in,payment,NG,JPY
TXN-00006037,SIG-00677,2024-05-10 07:43:21.226268,4034.31,out,payment,US,USD
TXN-00004799,SIG-00537,2024-01-05 02:58:19.618255,1129.74,out,fx_exchange,US,USD
TXN-00009433,SIG-01040,2024-04-22 17:50:02.596328,292.82,in,payment,US,USD
TXN-00004593,SIG-00510,2024-09-02 12:33:08.835962,6590.12,in,transfer,US,USD
TXN-00008657,SIG-00959,2024-08-16 11:43:16.528121,947.1,in,deposit,AE,JPY
TXN-00000164,SIG-00017,2024-10-23 10:28:05.766244,1966.63,in,withdrawal,US,USD
TXN-00010098,SIG-01113,2024-01-14 11:14:51.811321,2340.88,in,transfer,IN,USD
TXN-00010286,SIG-01134,2024-03-18 01:39:55.329723,2367.46,out,wire,US,USD
TXN-00010653,SIG-01176,2024-05-29 01:17:34.994520,217.58,in,payment,TR,CHF
TXN-00007381,SIG-00823,2024-04-08 01:12:44.556093,22069.64,out,fx_exchange,US,USD
TXN-00010847,SIG-01196,2024-02-21 05:50:37.073964,598.65,out,bill_pay,US,USD
TXN-00006357,SIG-00713,2024-05-01 01:07:09.837656,1732.0,out,withdrawal,US,USD
TXN-00005543,SIG-00618,2024-09-13 18:38:59.543490,2740.31,out,wire,US,USD
TXN-00006008,SIG-00672,2024-05-16 16:14:32.802636,132.47,out,card_purchase,US,USD
TXN-00007994,SIG-00884,2024-07-05 22:30:49.049326,3843.77,out,withdrawal,US,USD
TXN-00007639,SIG-00852,2024-12-03 07:32:13.495603,2731.27,in,deposit,US,USD
TXN-00006794,SIG-00759,2024-04-19 16:52:21.978269,167.47,out,card_purchase,US,USD
TXN-00007759,SIG-00863,2024-08-24 13:57:40.294384,516.66,out,wire,US,USD
TXN-00004838,SIG-00540,2024-09-11 22:43:11.413532,816.75,in,card_purchase,US,USD
TXN-00002294,SIG-00250,2024-01-14 01:12:34.856692,646.65,in,payment,US,USD
TXN-00006549,SIG-00733,2024-05-23 04:51:16.235620,6501.52,in,withdrawal,US,USD
TXN-00007899,SIG-00876,2024-01-09 07:40:44.844578,4636.1,out,atm_withdrawal,US,USD
TXN-00004482,SIG-00498,2024-08-22 16:17:28.975182,279.76,out,atm_withdrawal,UA,CHF
TXN-00003717,SIG-00412,2024-08-26 23:56:50.401284,374.07,out,withdrawal,US,USD
TXN-00006141,SIG-00689,2024-06-12 23:17:11.705854,1101.61,out,fx_exchange,US,USD
TXN-00001550,SIG-00168,2024-11-28 16:11:15.815214,1279.87,out,card_purchase,US,USD
TXN-00002045,SIG-00221,2024-05-25 08:29:34.508627,96.43,out,payment,US,USD
TXN-00000768,SIG-00080,2024-04-05 19:03:38.087398,882.87,out,payment,US,USD
TXN-00005694,SIG-00637,2024-06-07 16:55:17.770566,1552.79,in,wire,US,USD
TXN-00007871,SIG-00874,2024-12-15 21:56:02.014843,197.86,in,card_purchase,US,USD
TXN-00007858,SIG-00873,2024-01-16 22:36:36.280508,402.13,in,refund,US,USD
TXN-00003303,SIG-00366,2024-01-12 06:51:04.117288,2986.44,in,withdrawal,US,USD
TXN-00004518,SIG-00502,2024-03-29 06:54:58.995960,867.58,out,transfer,US,USD
TXN-00009899,SIG-01094,2024-03-05 03:09:32.100208,78.52,out,payment,US,USD
TXN-00003293,SIG-00365,2024-08-09 15:11:19.330506,5692.88,out,card_purchase,US,USD
TXN-00001404,SIG-00150,2024-11-21 16:08:13.548371,466.14,out,transfer,US,USD
TXN-00001383,SIG-00147,2024-10-07 05:41:04.076456,1604.64,out,payment,US,USD
TXN-00006929,SIG-00775,2024-09-14 05:04:37.271454,1731.04,out,atm_withdrawal,US,USD
TXN-00005672,SIG-00635,2024-04-13 09:56:23.240575,5816.76,out,deposit,AE,USD
TXN-00001639,SIG-00178,2024-06-21 14:16:17.614889,702.64,in,fx_exchange,BR,CHF
TXN-00010673,SIG-01179,2024-09-24 04:44:35.736843,173.73,in,withdrawal,US,USD
TXN-00006908,SIG-00772,2024-05-08 11:45:43.278577,1475.99,in,withdrawal,US,USD
TXN-00008592,SIG-00951,2024-07-26 11:01:09.730101,337.23,in,card_purchase,US,USD
TXN-00006407,SIG-00719,2024-04-20 22:09:29.187635,933.95,out,card_purchase,US,USD
TXN-00001180,SIG-00125,2024-10-13 17:56:51.019583,531.6,in,refund,US,USD
TXN-00005449,SIG-00608,2024-03-15 13:25:53.859034,4051.26,out,bill_pay,US,USD
TXN-00005079,SIG-00566,2024-02-10 20:32:04.084866,224.7,out,wire,CN,EUR
TXN-00008649,SIG-00958,2024-02-08 05:51:47.568869,5808.89,in,payment,US,USD
TXN-00005176,SIG-00575,2024-05-07 05:54:18.815291,27128.26,in,payment,US,USD
TXN-00000690,SIG-00073,2024-04-08 21:32:51.791413,1313.59,in,wire,US,USD
TXN-00009662,SIG-01068,2024-02-17 08:56:20.418397,4146.06,in,transfer,US,USD
TXN-00006526,SIG-00731,2024-03-11 05:34:03.622213,2297.26,out,card_purchase,US,USD
TXN-00010699,SIG-01181,2024-02-24 02:21:20.718703,1026.86,in,card_purchase,US,USD
TXN-00006489,SIG-00728,2024-09-30 20:21:57.804016,341.92,in,fx_exchange,US,USD
TXN-00007155,SIG-00801,2024-09-25 06:34:40.573617,1902.09,in,deposit,TR,GBP
TXN-00009792,SIG-01083,2024-06-21 00:40:18.930838,10056.61,out,payment,US,USD
TXN-00006611,SIG-00741,2024-01-29 15:21:24.535212,636.19,out,card_purchase,US,USD
TXN-00009346,SIG-01033,2024-10-01 10:33:48.232613,5257.96,in,bill_pay,US,USD
TXN-00004350,SIG-00481,2024-03-10 13:39:34.031477,151.21,in,refund,US,USD
TXN-00001885,SIG-00202,2024-01-05 13:25:34.436419,1885.09,out,bill_pay,US,USD
TXN-00009426,SIG-01039,2024-06-24 17:46:08.408212,1623.07,in,transfer,US,USD
TXN-00002495,SIG-00272,2024-08-14 10:01:51.005917,4754.91,in,card_purchase,PA,JPY
TXN-00005948,SIG-00664,2024-01-30 01:36:42.171305,2069.37,in,wire,US,USD
TXN-00003037,SIG-00337,2024-10-23 21:00:41.587980,1627.52,in,card_purchase,CN,EUR
TXN-00005778,SIG-00648,2024-09-24 18:28:04.811561,6733.36,in,wire,RU,CHF
TXN-00000846,SIG-00088,2024-04-01 21:57:06.731979,477.18,out,fx_exchange,CN,JPY
TXN-00008735,SIG-00968,2024-05-22 20:26:00.193046,719.43,in,deposit,US,USD
TXN-00007968,SIG-00883,2023-12-13 08:38:07.743492,33295.22,out,bill_pay,US,USD
TXN-00009249,SIG-01024,2024-03-01 07:27:42.711706,719.28,out,card_purchase,US,USD
TXN-00007341,SIG-00818,2024-03-03 13:21:52.006227,2096.4,out,fx_exchange,CN,JPY
TXN-00009825,SIG-01085,2024-07-10 08:24:06.633748,68.89,in,payment,US,USD
TXN-00009485,SIG-01046,2024-01-31 17:33:55.199400,225.81,in,card_purchase,NG,CHF
TXN-00007138,SIG-00798,2024-04-03 16:03:10.806027,588.94,in,card_purchase,US,USD
TXN-00002965,SIG-00330,2024-09-07 19:17:01.599529,204.57,out,payment,US,USD
TXN-00002530,SIG-00278,2024-01-17 17:31:15.348809,2141.42,in,deposit,US,USD
TXN-00005773,SIG-00647,2024-07-26 17:04:21.025847,1506.49,in,card_purchase,US,USD
TXN-00001049,SIG-00109,2024-09-08 16:34:51.618779,1753.25,in,card_purchase,US,USD
TXN-00007046,SIG-00788,2024-01-16 07:54:24.706736,831.9,out,atm_withdrawal,US,USD
TXN-00001961,SIG-00209,2024-07-23 15:19:02.395698,612.85,in,payment,US,USD
TXN-00002531,SIG-00278,2024-01-25 09:50:32.450400,966.22,out,card_purchase,US,USD
TXN-00008430,SIG-00932,2024-07-29 05:56:15.478220,4530.31,in,withdrawal,US,USD
TXN-00004918,SIG-00548,2024-10-09 05:45:49.575798,3167.03,in,wire,US,USD
TXN-00005902,SIG-00659,2024-03-28 04:40:10.125913,1944.73,out,withdrawal,US,USD
TXN-00008287,SIG-00916,2024-02-06 09:15:14.236170,1032.55,in,transfer,US,USD
TXN-00004260,SIG-00473,2024-07-19 05:01:42.277039,1038.73,in,card_purchase,US,USD
TXN-00005657,SIG-00632,2024-04-07 14:50:06.848434,1336.65,in,withdrawal,UA,JPY
TXN-00006098,SIG-00684,2024-09-18 00:54:26.703290,1704.0,out,payment,US,USD
TXN-00005908,SIG-00660,2024-09-27 22:17:42.727851,167.84,in,refund,US,USD
TXN-00007374,SIG-00822,2024-08-08 21:50:40.775852,701.75,out,payment,US,USD
TXN-00002979,SIG-00332,2024-11-11 18:28:29.036275,2535.61,out,transfer,US,USD
TXN-00010838,SIG-01195,2024-05-31 01:18:35.875883,1442.26,out,card_purchase,US,USD
TXN-00010140,SIG-01118,2024-05-20 06:37:16.494612,8488.72,out,wire,AE,JPY
TXN-00006722,SIG-00751,2024-11-13 11:37:42.433627,1265.89,in,wire,CN,EUR
TXN-00007843,SIG-00872,2024-09-03 20:29:23.402639,1834.72,out,atm_withdrawal,US,USD
TXN-00008265,SIG-00912,2024-06-16 01:22:30.738133,8383.49,in,withdrawal,US,USD
TXN-00009568,SIG-01057,2023-12-30 15:41:35.012306,1721.09,out,deposit,US,USD
TXN-00003139,SIG-00351,2024-01-02 12:53:23.687497,3915.62,out,transfer,US,USD
TXN-00008326,SIG-00919,2024-03-20 04:04:32.599194,138.03,in,deposit,US,USD
TXN-00010817,SIG-01194,2024-07-02 09:04:34.531799,3644.77,out,wire,US,USD
TXN-00001827,SIG-00198,2024-12-05 10:11:36.961316,2713.53,in,refund,TR,EUR
TXN-00005549,SIG-00619,2024-02-09 00:34:25.788334,3240.03,out,atm_withdrawal,US,USD
TXN-00008786,SIG-00973,2024-08-17 01:01:50.184584,184.72,in,card_purchase,US,USD
TXN-00000561,SIG-00056,2024-02-11 15:57:06.215949,4220.5,out,transfer,IN,USD
TXN-00009612,SIG-01063,2024-08-05 06:44:59.492908,932.53,in,atm_withdrawal,US,USD
TXN-00008436,SIG-00933,2024-09-21 11:59:30.668372,892.12,out,card_purchase,US,USD
TXN-00005436,SIG-00607,2024-03-04 14:30:15.710237,4904.51,in,payment,AE,EUR
TXN-00004438,SIG-00492,2024-10-02 00:03:11.871129,5230.19,out,deposit,US,USD
TXN-00008598,SIG-00952,2024-05-01 04:42:06.996255,233.64,in,withdrawal,UA,JPY
TXN-00001443,SIG-00157,2024-04-03 06:43:23.736272,4371.03,in,deposit,US,USD
TXN-00008454,SIG-00936,2024-11-06 20:35:00.442380,199.62,out,wire,US,USD
TXN-00004407,SIG-00488,2024-03-30 09:26:48.225669,3789.45,in,atm_withdrawal,IN,USD
TXN-00010393,SIG-01149,2024-04-16 06:06:07.049418,1248.92,out,withdrawal,US,USD
TXN-00001690,SIG-00184,2024-01-25 12:42:08.960055,3128.24,out,card_purchase,US,USD
TXN-00010837,SIG-01195,2024-05-02 20:25:18.826932,301.26,out,atm_withdrawal,US,USD
TXN-00009811,SIG-01084,2024-03-25 20:08:27.313540,1455.23,in,atm_withdrawal,US,USD
TXN-00005963,SIG-00666,2024-04-04 03:25:48.810687,462.87,in,payment,US,USD
TXN-00002497,SIG-00273,2024-03-17 15:30:36.561875,134.47,in,card_purchase,IN,USD
TXN-00008945,SIG-00990,2024-01-28 10:36:51.462067,1326.93,out,wire,US,USD
TXN-00000341,SIG-00036,2024-07-06 23:48:34.753866,2710.93,in,wire,US,USD
TXN-00002409,SIG-00263,2024-10-14 10:33:47.471192,709.93,in,bill_pay,TR,USD
TXN-00009115,SIG-01012,2024-03-19 23:21:20.214207,171.46,in,transfer,US,USD
TXN-00005783,SIG-00649,2024-06-14 03:21:20.361433,1605.45,out,refund,US,USD
TXN-00004577,SIG-00508,2024-03-09 17:31:22.035739,3856.65,out,card_purchase,US,USD
TXN-00003726,SIG-00413,2024-03-20 02:26:09.689217,6403.85,out,card_purchase,US,USD
TXN-00002786,SIG-00306,2024-05-14 22:53:08.263858,1014.45,out,payment,US,USD
TXN-00001013,SIG-00105,2024-10-06 16:53:04.886102,57.09,in,atm_withdrawal,US,USD
TXN-00005281,SIG-00589,2024-08-09 16:58:31.841343,1326.5,in,atm_withdrawal,US,USD
TXN-00004896,SIG-00546,2024-05-16 04:13:54.777540,2181.55,out,deposit,KY,CHF
TXN-00007122,SIG-00796,2024-02-05 00:02:57.307004,1541.89,in,payment,CN,GBP
TXN-00006550,SIG-00733,2024-05-25 07:05:36.790237,8244.63,in,wire,US,USD
TXN-00004038,SIG-00450,2024-03-12 09:19:06.485171,1625.71,in,refund,US,USD
TXN-00000149,SIG-00016,2024-12-11 16:17:34.396720,1740.77,in,payment,US,USD
TXN-00000286,SIG-00030,2024-07-03 04:38:23.190826,2410.83,out,deposit,US,USD
TXN-00010522,SIG-01161,2024-01-05 23:15:15.381052,15228.4,out,payment,US,USD
TXN-00008556,SIG-00947,2023-12-16 10:29:45.391646,931.06,in,withdrawal,IN,EUR
TXN-00010865,SIG-01198,2024-03-28 08:00:04.881802,1077.56,in,card_purchase,US,USD
TXN-00006771,SIG-00757,2024-03-03 14:29:27.730241,1055.98,out,payment,US,USD
TXN-00004444,SIG-00493,2024-03-11 04:30:27.144631,226.27,out,wire,US,USD
TXN-00007447,SIG-00831,2024-02-24 03:29:45.475070,888.11,in,deposit,US,USD
TXN-00000237,SIG-00022,2024-12-11 00:41:51.712761,6043.63,in,payment,BR,CHF
TXN-00010452,SIG-01155,2024-08-27 14:44:56.101606,1135.15,in,refund,US,USD
TXN-00007124,SIG-00796,2024-02-10 15:55:21.182868,1032.88,out,transfer,US,USD
TXN-00009113,SIG-01011,2024-05-02 05:26:48.237631,2300.78,out,bill_pay,US,USD
TXN-00003084,SIG-00343,2024-06-11 07:26:00.527114,56.73,out,fx_exchange,US,USD
TXN-00000633,SIG-00064,2024-09-14 07:57:28.565486,1211.61,out,card_purchase,US,USD
TXN-00006814,SIG-00761,2024-12-28 19:35:31.993833,4890.1,out,deposit,US,USD
TXN-00002494,SIG-00272,2024-08-14 20:36:26.245261,4294.33,in,transfer,US,USD
TXN-00002666,SIG-00292,2024-07-14 22:43:51.931798,943.24,in,refund,US,USD
TXN-00009259,SIG-01025,2024-07-24 13:46:02.190150,180.63,in,atm_withdrawal,US,USD
TXN-00009183,SIG-01017,2024-11-13 19:30:41.632904,217.52,in,withdrawal,US,USD
TXN-00009235,SIG-01023,2024-12-18 21:49:27.650876,1574.49,out,transfer,AE,CHF
TXN-00004212,SIG-00467,2024-10-14 13:10:37.185677,151.58,in,atm_withdrawal,US,USD
TXN-00003875,SIG-00430,2024-08-18 03:14:00.779004,285.21,in,atm_withdrawal,US,USD
TXN-00002818,SIG-00312,2024-02-25 17:58:22.596777,1829.81,out,transfer,US,USD
TXN-00009430,SIG-01039,2024-06-28 21:49:44.995034,1234.53,out,transfer,IN,CHF
TXN-00010693,SIG-01181,2024-01-22 23:40:14.422339,3761.7,in,transfer,US,USD
TXN-00009797,SIG-01083,2024-06-23 10:48:02.422928,1164.01,in,refund,US,USD
TXN-00007427,SIG-00829,2024-09-04 12:00:36.220542,657.46,in,card_purchase,US,USD
TXN-00009385,SIG-01036,2024-03-27 17:43:41.796294,905.97,in,payment,US,USD
TXN-00009238,SIG-01023,2024-11-14 20:23:03.713383,959.42,in,atm_withdrawal,US,USD
TXN-00010033,SIG-01106,2024-01-30 07:39:32.860378,2020.35,in,card_purchase,RU,USD
TXN-00001736,SIG-00188,2024-02-22 11:15:24.533955,1005.21,out,deposit,US,USD
TXN-00007398,SIG-00825,2024-07-21 00:57:31.220753,1365.98,out,payment,US,USD
TXN-00004256,SIG-00472,2024-09-18 13:44:56.021139,5493.6,out,transfer,US,USD
TXN-00009039,SIG-01002,2024-11-23 14:42:59.990443,2685.65,out,withdrawal,US,USD
TXN-00002476,SIG-00271,2024-08-22 21:07:28.596266,18312.38,in,atm_withdrawal,US,USD
TXN-00010877,SIG-01199,2024-08-17 23:08:10.638769,5096.66,in,card_purchase,US,USD
TXN-00003714,SIG-00412,2024-08-25 04:13:52.785976,2604.14,in,transfer,US,USD
TXN-00009795,SIG-01083,2024-05-11 11:43:43.433040,269.3,in,deposit,US,USD
TXN-00001805,SIG-00196,2024-05-10 15:29:33.251655,165.52,out,payment,BR,JPY
TXN-00000708,SIG-00074,2023-12-26 12:45:33.893142,5191.53,out,fx_exchange,CN,CHF
TXN-00010024,SIG-01106,2024-01-09 07:37:38.354554,522.08,out,fx_exchange,US,USD
TXN-00005190,SIG-00577,2024-05-16 17:03:10.737861,9795.22,in,refund,US,USD
TXN-00005473,SIG-00610,2024-03-25 23:09:03.613507,686.31,in,transfer,US,USD
TXN-00000073,SIG-00008,2024-05-05 10:13:57.447174,4613.14,in,card_purchase,US,USD
TXN-00007844,SIG-00872,2024-09-07 09:51:51.713954,50.93,out,wire,US,USD
TXN-00005102,SIG-00569,2024-01-16 15:47:00.372180,4551.95,in,atm_withdrawal,US,USD
TXN-00006765,SIG-00756,2024-09-07 09:05:29.919994,945.01,in,refund,US,USD
TXN-00001126,SIG-00118,2024-03-05 15:28:28.446499,2965.02,out,payment,US,USD
TXN-00001242,SIG-00132,2024-09-27 15:39:44.660762,1109.99,in,deposit,PA,EUR
TXN-00009003,SIG-00998,2024-09-04 08:01:23.211974,6989.15,out,wire,IN,JPY
TXN-00002350,SIG-00257,2024-02-09 09:35:25.501467,854.24,out,withdrawal,UA,JPY
TXN-00006603,SIG-00739,2024-10-29 05:00:44.464974,6491.48,out,payment,BR,CHF
TXN-00006781,SIG-00757,2024-02-25 11:38:25.672157,13313.73,in,bill_pay,CN,CHF
TXN-00004359,SIG-00482,2024-07-01 16:48:08.007239,943.29,in,card_purchase,US,USD
TXN-00001344,SIG-00141,2024-08-14 19:26:14.309808,701.32,in,deposit,US,USD
TXN-00010882,SIG-01200,2024-05-07 07:44:47.849332,21281.09,out,card_purchase,US,USD
TXN-00009470,SIG-01045,2024-08-18 06:00:46.101206,380.98,out,wire,US,USD
TXN-00010441,SIG-01155,2024-08-28 06:22:28.949572,1635.0,out,bill_pay,PA,EUR
TXN-00008633,SIG-00955,2024-09-01 21:12:16.995046,916.81,in,payment,US,USD
TXN-00006653,SIG-00743,2024-07-18 12:30:39.088383,150.69,in,atm_withdrawal,US,USD
TXN-00001101,SIG-00115,2024-06-11 00:33:14.166755,541.9,out,card_purchase,US,USD
TXN-00008842,SIG-00978,2024-07-31 09:08:00.778883,1424.36,out,payment,US,USD
TXN-00007328,SIG-00818,2024-03-03 11:44:25.242780,169.95,in,payment,UA,USD
TXN-00007623,SIG-00850,2024-05-20 03:07:55.612718,2434.95,out,refund,US,USD
TXN-00000988,SIG-00102,2024-06-17 22:03:33.365677,2994.26,in,withdrawal,TR,GBP
TXN-00002853,SIG-00316,2024-06-07 17:49:16.153291,533.62,in,transfer,US,USD
TXN-00008854,SIG-00979,2024-04-06 10:37:11.968205,4806.45,in,fx_exchange,US,USD
TXN-00000631,SIG-00064,2024-09-15 17:21:54.627206,5926.69,out,transfer,US,USD
TXN-00001250,SIG-00133,2024-01-02 10:54:11.645759,706.24,in,card_purchase,PA,EUR
TXN-00003180,SIG-00353,2024-06-12 15:07:15.882599,1084.97,in,transfer,US,USD
TXN-00000483,SIG-00049,2024-06-12 01:30:18.874560,3474.11,in,withdrawal,US,USD
TXN-00003041,SIG-00338,2024-03-08 13:52:00.426292,564.78,out,bill_pay,US,USD
TXN-00005011,SIG-00560,2024-07-16 09:15:19.421134,546.88,in,withdrawal,US,USD
TXN-00009524,SIG-01052,2024-02-17 16:08:25.270721,1655.69,in,transfer,US,USD
TXN-00007001,SIG-00785,2024-07-17 10:13:58.842026,22004.88,in,wire,US,USD
TXN-00003274,SIG-00363,2024-05-17 09:24:41.877743,1085.41,in,payment,US,USD
TXN-00007228,SIG-00811,2024-11-28 11:24:24.196062,21242.57,in,atm_withdrawal,KY,USD
TXN-00003684,SIG-00409,2024-11-16 00:24:21.678375,2859.47,out,payment,US,USD
TXN-00006675,SIG-00746,2024-09-12 06:04:03.389327,604.0,out,atm_withdrawal,US,USD
TXN-00006808,SIG-00761,2024-12-22 06:04:32.371919,4092.32,in,deposit,US,USD
TXN-00010611,SIG-01171,2024-08-05 19:08:27.021428,639.3,in,withdrawal,US,USD
TXN-00001317,SIG-00138,2024-08-16 22:41:02.808024,153.7,in,deposit,US,USD
TXN-00003226,SIG-00358,2024-10-21 06:45:35.844479,551.53,in,payment,US,USD
TXN-00001073,SIG-00112,2024-11-22 20:55:44.872954,12212.48,out,atm_withdrawal,CN,CHF
TXN-00004816,SIG-00538,2024-11-13 19:29:17.124817,231.35,in,card_purchase,US,USD
TXN-00009218,SIG-01021,2024-12-16 05:24:25.525456,3383.07,in,transfer,US,USD
TXN-00005753,SIG-00645,2024-05-15 03:51:40.872547,985.19,in,deposit,US,USD
TXN-00009974,SIG-01103,2024-03-31 01:42:44.594305,315.51,out,deposit,US,USD
TXN-00004617,SIG-00513,2024-10-28 23:46:16.610391,1778.83,out,payment,US,USD
TXN-00003098,SIG-00345,2024-03-25 07:52:16.491827,338.05,in,payment,US,USD
TXN-00006870,SIG-00768,2024-10-11 06:03:26.130013,1495.85,out,payment,US,USD
TXN-00001301,SIG-00137,2024-03-22 07:04:21.995847,142.21,in,atm_withdrawal,US,USD
TXN-00007286,SIG-00814,2024-06-15 09:01:51.487288,4468.59,out,deposit,US,USD
TXN-00006285,SIG-00705,2024-11-14 17:36:59.502263,1638.36,out,wire,US,USD
TXN-00005496,SIG-00614,2024-11-03 09:11:21.102729,3108.21,out,card_purchase,IN,GBP
TXN-00005292,SIG-00591,2024-09-03 15:02:19.535804,6629.11,in,fx_exchange,US,USD
TXN-00001799,SIG-00195,2024-11-15 19:03:58.192262,105.25,out,refund,US,USD
TXN-00005204,SIG-00577,2024-05-16 19:10:13.986873,1391.58,in,wire,US,USD
TXN-00008228,SIG-00909,2024-02-09 22:33:24.091870,120.66,in,deposit,US,USD
TXN-00005048,SIG-00563,2024-06-11 01:10:59.336563,898.09,out,payment,US,USD
TXN-00006442,SIG-00723,2024-02-21 08:49:10.342976,962.28,out,withdrawal,US,USD
TXN-00008637,SIG-00956,2024-02-22 06:38:00.419149,128.15,in,refund,US,USD
TXN-00008106,SIG-00897,2024-08-09 19:57:37.444168,6426.7,in,fx_exchange,US,USD
TXN-00002360,SIG-00257,2024-02-17 07:20:43.741345,6859.96,in,transfer,US,USD
TXN-00010227,SIG-01127,2024-03-28 05:36:01.478409,467.11,in,payment,US,USD
TXN-00003655,SIG-00406,2024-07-14 02:32:08.322875,412.66,in,card_purchase,US,USD
TXN-00007053,SIG-00789,2024-10-30 19:25:25.588522,49.28,out,withdrawal,US,USD
TXN-00001287,SIG-00135,2024-10-06 05:38:00.758682,1743.94,in,atm_withdrawal,US,USD
TXN-00009953,SIG-01099,2024-04-18 08:26:58.025974,10371.79,in,card_purchase,US,USD
TXN-00004446,SIG-00493,2024-03-22 03:34:20.463522,17683.03,in,card_purchase,RU,JPY
TXN-00002138,SIG-00233,2024-05-16 02:39:45.641389,2593.07,in,fx_exchange,US,USD
TXN-00006788,SIG-00759,2024-05-31 13:23:05.410706,85.96,out,card_purchase,US,USD
TXN-00010625,SIG-01172,2024-05-14 09:26:56.088966,473.3,out,payment,US,USD
TXN-00009279,SIG-01026,2024-12-01 20:35:28.406854,5163.63,out,transfer,US,USD
TXN-00009782,SIG-01082,2024-05-22 05:34:51.531302,1550.75,in,wire,IN,USD
TXN-00006895,SIG-00771,2024-10-10 22:47:54.553804,8795.69,out,bill_pay,US,USD
TXN-00010298,SIG-01136,2024-10-05 21:18:58.049326,296.54,in,card_purchase,US,USD
TXN-00008565,SIG-00948,2024-05-07 22:00:09.123222,347.12,out,wire,US,USD
TXN-00007152,SIG-00800,2024-02-08 20:55:54.516216,2776.77,in,deposit,US,USD
TXN-00000964,SIG-00100,2024-07-29 18:44:21.484156,366.32,in,withdrawal,US,USD
TXN-00006013,SIG-00672,2024-05-19 16:37:03.439972,441.04,in,bill_pay,US,USD
TXN-00004883,SIG-00544,2024-02-23 06:23:50.836204,2064.51,in,card_purchase,US,USD
TXN-00000141,SIG-00015,2024-09-30 22:54:23.852343,1987.35,out,deposit,US,USD
TXN-00009852,SIG-01088,2024-05-23 21:16:33.412820,313.16,out,deposit,US,USD
TXN-00008907,SIG-00985,2024-09-14 01:39:19.899640,1358.76,out,refund,CN,JPY
TXN-00006937,SIG-00775,2024-09-14 03:19:31.179053,1314.73,out,payment,US,USD
TXN-00006543,SIG-00733,2024-06-08 22:27:52.777507,1261.52,in,transfer,US,USD
TXN-00005244,SIG-00585,2024-09-01 16:54:15.728174,340.3,in,fx_exchange,US,USD
TXN-00004432,SIG-00491,2024-07-28 14:56:37.351773,1167.38,in,payment,US,USD
TXN-00000407,SIG-00040,2024-07-30 08:49:45.731135,1352.26,in,card_purchase,US,USD
TXN-00008213,SIG-00908,2024-09-22 14:35:05.269511,167.66,in,deposit,US,USD
TXN-00009133,SIG-01013,2024-03-26 21:22:40.155236,600.62,out,withdrawal,US,USD
TXN-00009413,SIG-01039,2024-06-25 16:28:49.771740,5002.35,out,refund,US,USD
TXN-00008235,SIG-00910,2024-03-08 17:30:24.391421,90.13,out,fx_exchange,US,USD
TXN-00004400,SIG-00487,2024-12-03 17:02:46.572928,9400.56,out,transfer,AE,GBP
TXN-00005253,SIG-00586,2024-01-20 06:37:30.726652,3211.94,out,fx_exchange,PA,GBP
TXN-00000012,SIG-00002,2024-10-11 14:51:56.764300,1022.43,in,transfer,US,USD
TXN-00004761,SIG-00532,2024-07-14 13:39:10.557021,2337.53,in,bill_pay,US,USD
TXN-00001178,SIG-00124,2024-04-25 14:59:36.729561,1631.05,in,card_purchase,US,USD
TXN-00002864,SIG-00317,2024-05-13 20:39:41.639990,43.52,out,payment,PA,USD
TXN-00006472,SIG-00727,2024-08-04 12:32:54.992114,2550.57,in,payment,US,USD
TXN-00006229,SIG-00699,2024-01-24 10:20:59.099686,129.9,in,withdrawal,US,USD
TXN-00002990,SIG-00333,2024-07-11 05:47:49.526255,902.09,in,withdrawal,US,USD
TXN-00007118,SIG-00795,2023-12-21 01:50:05.239407,1843.78,in,refund,US,USD
TXN-00007011,SIG-00785,2024-07-29 03:52:00.415827,9627.62,in,withdrawal,US,USD
TXN-00009989,SIG-01104,2024-01-31 15:37:32.923726,876.61,in,fx_exchange,US,USD
TXN-00008928,SIG-00988,2024-08-17 20:15:06.358109,891.07,out,payment,US,USD
TXN-00001441,SIG-00157,2024-03-13 23:20:07.341839,2256.08,out,transfer,US,USD
TXN-00010620,SIG-01172,2024-04-05 22:03:13.315640,2990.41,in,bill_pay,NG,CHF
TXN-00002876,SIG-00319,2024-11-22 17:16:07.390053,3375.36,in,wire,US,USD
TXN-00009921,SIG-01097,2024-12-16 15:20:08.944853,3207.86,in,wire,US,USD
TXN-00009593,SIG-01062,2024-11-20 16:58:54.532107,492.87,in,atm_withdrawal,US,USD
TXN-00007233,SIG-00811,2024-12-01 21:14:59.596927,30591.99,in,transfer,US,USD
TXN-00003727,SIG-00414,2024-01-11 03:03:27.563788,2185.42,out,deposit,US,USD
TXN-00002773,SIG-00305,2024-02-11 03:42:46.432280,354.91,out,wire,US,USD
TXN-00000455,SIG-00046,2024-06-06 22:01:10.981803,1394.82,in,refund,US,USD
TXN-00009014,SIG-01000,2024-03-26 08:41:36.118593,117.01,out,card_purchase,CN,EUR
TXN-00008190,SIG-00905,2023-12-23 19:37:32.649089,248.3,out,wire,UA,GBP
TXN-00001368,SIG-00145,2024-05-04 10:20:20.840697,116.2,out,card_purchase,CN,JPY
TXN-00003713,SIG-00412,2024-08-28 16:05:26.343948,230.98,in,transfer,US,USD
TXN-00010733,SIG-01185,2024-08-15 07:26:24.199370,214.33,out,withdrawal,US,USD
TXN-00001389,SIG-00147,2024-10-11 07:36:27.160046,445.17,in,card_purchase,US,USD
TXN-00009043,SIG-01002,2024-11-25 13:55:39.136185,21545.39,in,wire,US,USD
TXN-00001001,SIG-00103,2024-10-22 23:47:11.280058,317.17,in,refund,US,USD
TXN-00007762,SIG-00863,2024-08-26 07:12:21.851128,1989.18,out,atm_withdrawal,US,USD
TXN-00003554,SIG-00396,2024-05-02 16:01:36.785860,6396.36,in,fx_exchange,UA,GBP
TXN-00004115,SIG-00458,2024-04-06 02:58:21.461437,1788.96,in,wire,US,USD
TXN-00001668,SIG-00182,2024-12-08 10:41:22.504542,762.78,in,bill_pay,US,USD
TXN-00003174,SIG-00353,2024-06-13 16:30:28.258315,11498.02,in,payment,US,USD
TXN-00010244,SIG-01130,2024-02-16 20:57:17.801287,4835.19,out,wire,US,USD
TXN-00000489,SIG-00050,2024-01-29 17:51:26.257384,724.29,in,fx_exchange,US,USD
TXN-00003231,SIG-00359,2024-07-04 03:52:33.716227,2760.78,out,withdrawal,US,USD
TXN-00003829,SIG-00426,2024-05-31 04:17:23.543003,3585.57,in,wire,US,USD
TXN-00009439,SIG-01041,2024-09-13 22:25:27.543826,821.62,in,deposit,US,USD
TXN-00005209,SIG-00578,2024-06-09 20:45:23.636441,1657.53,in,withdrawal,US,USD
TXN-00007849,SIG-00872,2024-08-18 05:53:37.916665,1442.56,out,fx_exchange,US,USD
TXN-00005705,SIG-00637,2024-06-08 10:55:26.600438,1251.52,in,fx_exchange,US,USD
TXN-00010509,SIG-01159,2024-11-20 15:00:22.451574,2221.94,in,payment,US,USD
TXN-00008134,SIG-00899,2024-08-03 16:35:31.708707,1476.78,in,wire,US,USD
TXN-00000704,SIG-00073,2024-04-11 21:00:30.945787,6115.71,in,fx_exchange,US,USD
TXN-00005106,SIG-00570,2024-05-04 03:16:52.870908,6575.79,out,wire,RU,GBP
TXN-00009704,SIG-01073,2024-11-16 18:04:55.861794,834.53,out,payment,US,USD
TXN-00003292,SIG-00365,2024-07-23 20:04:26.227610,520.78,in,payment,US,USD
TXN-00008126,SIG-00899,2024-08-02 08:20:05.768716,13701.9,in,atm_withdrawal,US,USD
TXN-00010500,SIG-01159,2024-11-17 22:03:59.469778,1791.69,in,card_purchase,US,USD
TXN-00009840,SIG-01087,2024-06-10 19:06:02.494079,56.68,out,bill_pay,US,USD
TXN-00004910,SIG-00547,2024-09-18 08:48:21.005307,75.66,out,payment,US,USD
TXN-00004441,SIG-00492,2024-09-18 08:32:15.957103,78.0,in,atm_withdrawal,US,USD
TXN-00000987,SIG-00102,2024-06-19 22:51:13.226635,906.47,out,atm_withdrawal,TR,JPY
TXN-00010072,SIG-01110,2024-01-12 19:19:28.187078,1752.71,out,card_purchase,US,USD
TXN-00009883,SIG-01092,2024-05-01 19:28:35.043396,2397.9,in,transfer,US,USD
TXN-00007706,SIG-00858,2024-10-11 00:26:42.633137,559.32,in,deposit,US,USD
TXN-00006258,SIG-00702,2024-09-14 02:05:48.188071,257.35,out,transfer,KY,GBP
TXN-00006090,SIG-00684,2024-09-19 10:05:16.285847,473.28,in,wire,PA,USD
TXN-00005239,SIG-00584,2024-09-16 21:59:20.539988,315.12,out,atm_withdrawal,US,USD
TXN-00001199,SIG-00127,2024-05-20 10:12:31.936971,2062.15,in,atm_withdrawal,US,USD
TXN-00009891,SIG-01094,2024-03-07 07:05:26.683875,672.7,out,transfer,US,USD
TXN-00007520,SIG-00839,2024-12-02 13:21:34.901456,1670.5,out,withdrawal,PA,JPY
TXN-00006813,SIG-00761,2024-11-29 17:14:15.172669,1576.69,out,refund,TR,EUR
TXN-00008321,SIG-00918,2024-10-08 02:18:31.714000,2293.47,in,bill_pay,US,USD
TXN-00007176,SIG-00803,2024-12-06 05:38:17.434565,197.23,out,bill_pay,US,USD
TXN-00004471,SIG-00496,2024-02-22 09:14:39.928007,22551.38,out,deposit,AE,GBP
TXN-00000892,SIG-00092,2024-10-09 06:03:13.631474,898.56,in,fx_exchange,US,USD
TXN-00001970,SIG-00211,2024-10-27 02:05:31.149135,370.31,in,transfer,UA,GBP
TXN-00005758,SIG-00646,2024-04-27 18:47:08.665627,3087.99,in,fx_exchange,BR,CHF
TXN-00006528,SIG-00731,2024-03-05 18:03:30.500412,366.53,in,wire,US,USD
TXN-00006295,SIG-00706,2024-04-02 02:24:02.351668,1874.72,in,atm_withdrawal,US,USD
TXN-00007596,SIG-00848,2024-10-19 19:12:38.902774,414.78,in,transfer,US,USD
TXN-00009111,SIG-01011,2024-05-04 14:41:30.386979,592.14,in,transfer,AE,GBP
TXN-00003250,SIG-00361,2024-01-16 07:01:51.889828,1263.58,out,refund,US,USD
TXN-00006571,SIG-00734,2024-02-22 10:21:47.659435,702.29,out,wire,US,USD
TXN-00006639,SIG-00742,2024-12-19 10:52:56.450968,2467.29,out,withdrawal,TR,JPY
TXN-00007352,SIG-00820,2024-05-20 01:17:57.881707,131.2,in,card_purchase,US,USD
TXN-00010003,SIG-01105,2024-05-15 01:29:27.145268,321.0,out,payment,US,USD
TXN-00007474,SIG-00834,2024-09-19 06:18:54.683147,594.05,in,transfer,CN,JPY
TXN-00010040,SIG-01107,2024-03-18 07:02:26.544703,765.58,in,payment,US,USD
TXN-00009463,SIG-01044,2023-12-23 14:31:24.705280,4065.03,in,bill_pay,US,USD
TXN-00001240,SIG-00132,2024-10-10 08:38:34.665074,348.16,in,card_purchase,US,USD
TXN-00002290,SIG-00250,2024-01-17 21:03:45.480102,2259.94,in,transfer,US,USD
TXN-00002741,SIG-00301,2024-06-14 12:23:58.145495,2306.96,out,card_purchase,US,USD
TXN-00008468,SIG-00938,2024-10-26 20:02:38.234970,1747.02,in,atm_withdrawal,US,USD
TXN-00004586,SIG-00509,2024-09-17 01:36:35.052379,1525.55,in,deposit,US,USD
TXN-00001230,SIG-00130,2024-06-05 13:39:06.305782,143.64,out,withdrawal,US,USD
TXN-00006981,SIG-00782,2024-05-14 01:58:58.932895,1204.32,in,withdrawal,US,USD
TXN-00005179,SIG-00575,2024-05-19 13:33:53.755505,258.81,in,payment,IN,EUR
TXN-00004294,SIG-00476,2024-11-23 15:03:07.700341,601.74,in,payment,KY,GBP
TXN-00001059,SIG-00111,2024-09-24 09:07:40.805204,11904.87,in,wire,AE,EUR
TXN-00006263,SIG-00703,2024-01-09 11:13:50.680906,7619.28,in,withdrawal,US,USD
TXN-00000282,SIG-00029,2024-12-01 00:14:20.635776,3795.06,out,atm_withdrawal,US,USD
TXN-00000969,SIG-00100,2024-07-27 15:34:33.216311,1665.78,out,bill_pay,BR,EUR
TXN-00003954,SIG-00441,2024-08-07 08:58:18.617158,1938.85,out,atm_withdrawal,PA,EUR
TXN-00001940,SIG-00207,2024-09-30 00:41:20.697039,24354.69,in,wire,UA,EUR
TXN-00009224,SIG-01022,2024-05-29 13:14:57.666510,3632.32,out,card_purchase,US,USD
TXN-00001275,SIG-00134,2024-03-08 16:27:05.531537,5537.87,in,wire,US,USD
TXN-00000620,SIG-00063,2024-02-23 00:20:52.983716,242.07,in,payment,US,USD
TXN-00009271,SIG-01026,2024-11-30 14:46:23.907590,1240.04,out,payment,US,USD
TXN-00001743,SIG-00189,2024-02-25 03:46:24.609186,683.36,in,card_purchase,US,USD
TXN-00001391,SIG-00147,2024-10-10 07:11:25.865471,402.89,out,transfer,US,USD
TXN-00002204,SIG-00241,2024-12-02 10:29:33.249483,187.28,out,transfer,US,USD
TXN-00003569,SIG-00397,2024-07-29 16:00:42.635790,985.95,out,card_purchase,US,USD
TXN-00006117,SIG-00686,2024-10-27 12:14:38.149708,1138.52,in,transfer,US,USD
TXN-00010862,SIG-01198,2024-03-03 00:15:06.707470,917.62,in,card_purchase,US,USD
TXN-00006053,SIG-00679,2024-09-27 15:55:13.013685,9091.76,in,bill_pay,US,USD
TXN-00003179,SIG-00353,2024-06-21 07:05:01.168850,32399.85,out,withdrawal,US,USD
TXN-00003193,SIG-00355,2024-02-23 04:30:58.046484,6544.67,in,refund,US,USD
TXN-00006100,SIG-00684,2024-09-18 15:33:33.099288,1935.18,out,wire,PA,EUR
TXN-00007030,SIG-00787,2024-11-25 20:36:46.099182,145.17,in,transfer,US,USD
TXN-00000576,SIG-00058,2024-07-11 23:52:57.390568,4101.04,in,wire,US,USD
TXN-00006657,SIG-00743,2024-07-23 20:54:12.520006,6301.94,in,payment,US,USD
TXN-00007116,SIG-00795,2023-12-29 14:43:17.314697,1095.78,in,transfer,US,USD
TXN-00009608,SIG-01063,2024-08-27 19:25:34.625020,287.98,out,wire,US,USD
TXN-00006277,SIG-00705,2024-11-17 11:18:48.499979,232.56,in,card_purchase,US,USD
TXN-00009801,SIG-01083,2024-05-17 15:00:45.591441,186.56,out,payment,AE,USD
TXN-00005898,SIG-00658,2024-03-28 14:45:04.477178,978.2,in,card_purchase,US,USD
TXN-00005725,SIG-00640,2024-04-12 23:11:19.282639,795.03,out,payment,BR,EUR
TXN-00000270,SIG-00028,2024-04-18 08:46:08.695913,550.62,in,atm_withdrawal,US,USD
TXN-00000630,SIG-00064,2024-09-16 06:27:07.849653,249.3,out,card_purchase,US,USD
TXN-00003082,SIG-00343,2024-06-03 00:20:34.808090,2038.27,out,transfer,US,USD
TXN-00003467,SIG-00387,2024-05-04 06:32:19.145811,1852.65,in,card_purchase,US,USD
TXN-00006431,SIG-00721,2024-03-02 19:57:28.837311,967.7,in,payment,US,USD
TXN-00010152,SIG-01119,2024-03-03 06:27:01.304081,102.26,out,payment,US,USD
TXN-00007063,SIG-00790,2024-06-13 02:55:52.432416,7596.72,in,transfer,US,USD
TXN-00010600,SIG-01170,2024-01-13 12:04:22.395651,503.78,out,bill_pay,KY,JPY
TXN-00005544,SIG-00618,2024-09-17 18:12:07.213917,3776.38,in,payment,US,USD
TXN-00004357,SIG-00482,2024-06-20 14:07:03.222821,4764.08,in,wire,RU,JPY
TXN-00002114,SIG-00231,2024-06-14 18:59:52.531712,920.01,out,transfer,CN,EUR
TXN-00008220,SIG-00909,2024-02-01 13:56:13.882189,872.31,out,refund,US,USD
TXN-00003217,SIG-00357,2024-08-31 14:38:21.368365,4100.14,in,payment,US,USD
TXN-00003815,SIG-00423,2024-07-08 09:42:09.090516,615.18,out,wire,US,USD
TXN-00008322,SIG-00918,2024-10-08 04:27:44.103788,207.75,out,atm_withdrawal,US,USD
TXN-00009369,SIG-01034,2023-12-08 09:20:09.847562,1046.14,out,withdrawal,US,USD
TXN-00002279,SIG-00249,2024-11-14 09:15:27.774128,2740.84,in,card_purchase,AE,JPY
TXN-00004600,SIG-00510,2024-09-04 12:14:28.407744,38728.78,in,deposit,US,USD
TXN-00000014,SIG-00002,2024-10-12 21:54:25.009811,6847.73,in,withdrawal,US,USD
TXN-00010061,SIG-01108,2024-01-11 09:29:31.095132,63.09,out,transfer,US,USD
TXN-00001526,SIG-00164,2024-09-29 02:19:01.336994,354.23,in,wire,TR,GBP
TXN-00002366,SIG-00258,2024-08-26 08:41:26.791792,58256.05,in,transfer,US,USD
TXN-00004649,SIG-00517,2024-07-23 11:13:28.742087,4142.8,in,payment,KY,JPY
TXN-00000375,SIG-00038,2024-09-14 16:49:14.758686,1114.11,in,card_purchase,TR,JPY
TXN-00009290,SIG-01028,2024-01-12 21:36:29.142959,407.75,in,card_purchase,US,USD
TXN-00006478,SIG-00727,2024-07-21 23:34:59.107559,3406.27,in,atm_withdrawal,US,USD
TXN-00000526,SIG-00053,2024-11-27 13:53:58.744913,189.88,in,payment,US,USD
TXN-00009132,SIG-01013,2024-03-18 02:04:00.041970,1116.02,in,card_purchase,TR,JPY
TXN-00006896,SIG-00771,2024-10-09 18:01:36.077053,7057.34,out,deposit,BR,CHF
TXN-00003592,SIG-00400,2024-01-29 00:36:56.137424,1700.72,in,payment,US,USD
TXN-00007905,SIG-00876,2024-01-14 20:10:50.734629,941.18,in,transfer,US,USD
TXN-00002959,SIG-00329,2024-07-31 20:28:16.059417,14844.63,in,fx_exchange,US,USD
TXN-00000530,SIG-00054,2024-05-29 07:29:01.919890,9934.74,out,wire,US,USD
TXN-00003715,SIG-00412,2024-08-24 04:56:15.115898,710.15,out,card_purchase,KY,GBP
TXN-00004733,SIG-00528,2024-06-18 01:06:00.539855,4312.33,in,withdrawal,US,USD
TXN-00001395,SIG-00148,2024-10-19 09:46:31.566341,3662.84,in,refund,US,USD
TXN-00005632,SIG-00629,2024-04-05 12:57:56.447991,9353.76,out,card_purchase,KY,EUR
TXN-00006564,SIG-00734,2024-02-18 10:33:16.978701,3976.14,out,transfer,TR,EUR
TXN-00004704,SIG-00522,2024-12-13 04:14:09.117068,2426.58,in,refund,BR,CHF
TXN-00001713,SIG-00186,2024-11-13 23:18:27.883036,4443.93,in,deposit,AE,JPY
TXN-00010629,SIG-01173,2024-05-08 02:53:29.914090,703.07,in,fx_exchange,US,USD
TXN-00000956,SIG-00099,2024-08-21 22:09:37.042217,1677.98,in,payment,RU,JPY
TXN-00006676,SIG-00746,2024-09-05 19:40:27.578408,950.74,out,refund,US,USD
TXN-00003454,SIG-00385,2023-12-18 19:18:29.394193,935.54,out,bill_pay,US,USD
TXN-00008596,SIG-00952,2024-05-02 18:00:53.291546,273.71,out,refund,US,USD
TXN-00002072,SIG-00225,2024-11-22 06:50:57.525518,1682.81,out,atm_withdrawal,US,USD
TXN-00010613,SIG-01171,2024-08-24 11:08:36.164580,4263.44,in,card_purchase,US,USD
TXN-00000159,SIG-00017,2024-10-23 00:56:24.798178,1687.18,out,withdrawal,US,USD
TXN-00007006,SIG-00785,2024-07-27 05:57:06.848150,29.21,in,fx_exchange,US,USD
TXN-00009095,SIG-01009,2024-09-06 15:08:28.286396,1058.94,out,deposit,US,USD
TXN-00000353,SIG-00036,2024-07-05 12:44:24.206503,7068.26,in,withdrawal,US,USD
TXN-00006079,SIG-00682,2024-02-07 14:55:55.483926,2404.01,in,withdrawal,BR,JPY
TXN-00006237,SIG-00701,2024-04-24 05:59:31.402802,2359.7,in,fx_exchange,IN,JPY
TXN-00008947,SIG-00990,2024-01-20 09:04:43.504921,58186.08,in,bill_pay,US,USD
TXN-00002921,SIG-00324,2024-09-05 14:22:18.327356,632.84,in,transfer,NG,CHF
TXN-00008504,SIG-00941,2024-01-27 00:07:53.367299,152.94,in,refund,US,USD
TXN-00004645,SIG-00517,2024-07-06 09:34:05.613261,4298.22,out,transfer,US,USD
TXN-00000662,SIG-00068,2024-02-21 16:26:55.268254,2943.17,out,withdrawal,US,USD
TXN-00007058,SIG-00789,2024-09-26 09:14:18.776365,354.83,in,payment,US,USD
TXN-00003666,SIG-00407,2024-01-19 00:58:15.916474,135.97,in,refund,US,USD
TXN-00007980,SIG-00883,2024-01-09 13:20:40.005831,1507.44,out,bill_pay,NG,JPY
TXN-00000307,SIG-00032,2024-10-18 13:41:05.028628,1212.32,in,deposit,US,USD
TXN-00004791,SIG-00536,2024-12-11 15:04:23.144089,3412.08,in,fx_exchange,US,USD
TXN-00002357,SIG-00257,2024-02-10 04:17:30.700601,3985.16,out,transfer,KY,USD
TXN-00001928,SIG-00207,2024-10-08 09:12:21.944644,906.24,in,transfer,US,USD
TXN-00010513,SIG-01160,2024-04-07 03:41:13.266627,5859.61,in,bill_pay,US,USD
TXN-00003428,SIG-00383,2024-08-07 16:58:48.598833,1059.65,in,deposit,US,USD
TXN-00008942,SIG-00990,2024-01-18 09:54:38.241779,8966.58,out,atm_withdrawal,US,USD
TXN-00003639,SIG-00405,2024-11-27 11:06:06.243809,4532.2,in,payment,US,USD
TXN-00001267,SIG-00134,2024-03-03 04:26:41.047510,12278.14,out,wire,US,USD
TXN-00001561,SIG-00168,2024-11-19 20:11:09.712403,3253.43,out,transfer,US,USD
TXN-00007180,SIG-00803,2024-12-07 10:58:10.108578,2401.79,in,card_purchase,US,USD
TXN-00004110,SIG-00458,2024-04-03 19:37:23.160898,2122.0,out,wire,BR,EUR
TXN-00007868,SIG-00874,2024-12-11 10:44:15.770765,13052.49,in,transfer,BR,GBP
TXN-00004905,SIG-00547,2024-09-20 10:02:44.818567,1455.38,in,payment,US,USD
TXN-00007295,SIG-00814,2024-06-28 19:41:59.695056,714.96,out,card_purchase,BR,GBP
TXN-00000515,SIG-00051,2024-07-28 12:07:04.627782,7794.92,out,payment,US,USD
TXN-00000895,SIG-00093,2024-02-14 04:32:25.279945,984.59,out,deposit,US,USD
TXN-00008602,SIG-00952,2024-05-02 10:54:31.187551,2408.6,out,atm_withdrawal,US,USD
TXN-00000022,SIG-00003,2024-02-04 23:45:14.850345,781.51,in,card_purchase,US,USD
TXN-00000900,SIG-00094,2024-06-15 20:26:22.396355,758.83,out,wire,US,USD
TXN-00000208,SIG-00020,2024-11-03 11:25:52.417833,2999.49,out,deposit,US,USD
TXN-00000459,SIG-00046,2024-05-13 16:22:14.236685,116.61,in,payment,NG,EUR
TXN-00002431,SIG-00267,2024-07-17 01:14:03.684417,372.01,in,withdrawal,US,USD
TXN-00008443,SIG-00934,2024-10-14 00:14:43.987217,9074.52,in,card_purchase,US,USD
TXN-00003390,SIG-00376,2024-04-10 06:31:16.357551,493.37,out,card_purchase,US,USD
TXN-00003912,SIG-00435,2024-04-22 11:46:52.875678,1623.48,out,refund,US,USD
TXN-00005384,SIG-00601,2024-06-12 22:01:52.218399,122.25,in,payment,US,USD
TXN-00008908,SIG-00985,2024-09-26 15:12:15.782501,246.9,in,withdrawal,US,USD
TXN-00000553,SIG-00056,2024-02-27 21:49:51.030884,355.69,in,deposit,US,USD
TXN-00003145,SIG-00352,2024-09-20 08:15:58.280394,1153.32,out,payment,US,USD
TXN-00006918,SIG-00773,2024-06-08 19:55:36.862779,1063.98,in,atm_withdrawal,US,USD
TXN-00002057,SIG-00223,2024-05-07 10:43:41.834358,591.84,in,deposit,US,USD
TXN-00001926,SIG-00207,2024-10-04 03:14:34.707714,2130.48,out,deposit,US,USD
TXN-00000635,SIG-00064,2024-09-17 10:40:41.870133,1129.85,in,card_purchase,IN,GBP
TXN-00006083,SIG-00682,2024-02-04 09:54:13.006184,92.56,out,transfer,IN,CHF
TXN-00008509,SIG-00942,2024-06-16 03:16:03.766413,1961.89,in,card_purchase,US,USD
TXN-00010108,SIG-01115,2024-02-06 17:45:32.100467,422.97,out,atm_withdrawal,US,USD
TXN-00010549,SIG-01165,2024-04-18 05:51:01.601338,390.82,in,refund,US,USD
TXN-00008620,SIG-00954,2024-10-22 05:04:47.899461,180.21,in,payment,KY,USD
TXN-00009374,SIG-01035,2024-05-13 13:13:56.333621,2657.07,out,transfer,US,USD
TXN-00000106,SIG-00010,2024-08-19 19:59:12.610813,12047.42,in,fx_exchange,RU,USD
TXN-00003042,SIG-00338,2024-03-07 20:11:59.580606,817.84,in,card_purchase,US,USD
TXN-00001710,SIG-00186,2024-11-06 01:27:39.665281,341.83,in,wire,US,USD
TXN-00000090,SIG-00009,2024-06-24 21:37:56.812907,911.97,out,deposit,RU,USD
TXN-00007015,SIG-00786,2024-05-26 12:33:23.602772,7855.15,in,transfer,US,USD
TXN-00003175,SIG-00353,2024-06-21 10:07:36.908401,1942.22,in,card_purchase,US,USD
TXN-00000918,SIG-00096,2024-09-11 05:35:44.929049,217.0,in,card_purchase,TR,CHF
TXN-00007834,SIG-00870,2024-05-22 15:40:21.090561,5456.89,out,deposit,CN,EUR
TXN-00006733,SIG-00752,2024-09-21 18:45:58.055993,7574.8,in,fx_exchange,US,USD
TXN-00001950,SIG-00207,2024-10-08 00:31:25.652065,2045.55,out,refund,US,USD
TXN-00006369,SIG-00714,2024-02-02 22:45:33.340738,9202.56,out,wire,US,USD
TXN-00000002,SIG-00001,2024-04-11 01:58:32.992086,5973.3,in,card_purchase,US,USD
TXN-00008033,SIG-00889,2024-08-01 17:02:20.731760,248.33,out,fx_exchange,BR,EUR
TXN-00006048,SIG-00679,2024-10-12 08:58:06.947082,851.09,in,payment,NG,CHF
TXN-00009128,SIG-01013,2024-03-31 04:41:39.122800,516.65,in,payment,US,USD
TXN-00010046,SIG-01107,2024-03-23 23:48:57.776196,2012.78,out,transfer,US,USD
TXN-00002721,SIG-00299,2024-04-08 10:03:26.831692,1028.72,out,atm_withdrawal,NG,CHF
TXN-00008784,SIG-00973,2024-08-17 23:11:06.462986,94.4,out,wire,US,USD
TXN-00010690,SIG-01180,2024-07-28 02:17:55.789540,1263.71,in,transfer,US,USD
TXN-00003118,SIG-00348,2024-11-03 00:46:14.807071,2652.33,out,bill_pay,US,USD
TXN-00010322,SIG-01140,2024-03-16 18:53:36.722282,734.08,out,refund,US,USD
TXN-00003763,SIG-00417,2024-05-21 05:44:12.270468,1500.5,in,atm_withdrawal,US,USD
TXN-00000214,SIG-00020,2024-11-13 21:58:01.239224,1346.11,in,transfer,IN,JPY
TXN-00000779,SIG-00082,2024-03-14 20:32:39.641544,629.77,in,payment,US,USD
TXN-00003497,SIG-00389,2024-02-13 23:44:15.353552,527.25,in,payment,US,USD
TXN-00009623,SIG-01063,2024-09-02 11:40:47.875764,9336.44,out,wire,US,USD
TXN-00002044,SIG-00221,2024-05-24 11:00:51.634933,2338.85,out,bill_pay,US,USD
TXN-00008921,SIG-00986,2024-09-20 04:04:56.694295,28063.24,out,wire,US,USD
TXN-00005421,SIG-00605,2024-06-24 09:41:53.178218,9231.45,out,withdrawal,US,USD
TXN-00006155,SIG-00691,2024-07-26 16:18:26.992090,11952.06,in,card_purchase,US,USD
TXN-00008358,SIG-00922,2024-07-14 09:48:52.615614,2203.28,in,withdrawal,US,USD
TXN-00009500,SIG-01048,2024-01-10 07:39:56.337367,1397.98,in,card_purchase,US,USD
TXN-00008466,SIG-00938,2024-10-25 00:10:58.061296,196.48,in,withdrawal,US,USD
TXN-00004168,SIG-00463,2024-03-22 09:11:11.850745,761.06,out,deposit,US,USD
TXN-00003789,SIG-00419,2024-04-11 19:59:09.394786,6113.39,in,payment,US,USD
TXN-00008587,SIG-00950,2023-12-31 09:57:59.456637,2943.28,out,deposit,US,USD
TXN-00000584,SIG-00059,2024-01-29 02:14:40.954380,251.92,out,card_purchase,IN,EUR
TXN-00010795,SIG-01191,2024-03-23 16:37:10.607622,13321.42,in,atm_withdrawal,US,USD
TXN-00010879,SIG-01200,2024-05-18 02:42:38.492051,635.85,in,transfer,US,USD
TXN-00000117,SIG-00011,2024-01-15 18:35:11.647145,3316.75,out,withdrawal,IN,GBP
TXN-00006645,SIG-00742,2024-12-05 21:07:25.713554,6157.41,in,payment,US,USD
TXN-00009853,SIG-01088,2024-06-27 08:03:23.568655,650.87,out,deposit,US,USD
TXN-00010839,SIG-01195,2024-05-21 03:10:09.133703,2309.65,in,card_purchase,US,USD
TXN-00010642,SIG-01174,2024-04-02 08:27:38.045765,250.96,in,payment,US,USD
TXN-00009774,SIG-01081,2024-08-18 12:23:52.315924,534.42,out,withdrawal,US,USD
TXN-00008713,SIG-00964,2023-12-19 04:21:27.827898,564.21,in,refund,US,USD
TXN-00001764,SIG-00191,2024-01-24 11:59:17.005705,1224.63,out,atm_withdrawal,IN,EUR
TXN-00001876,SIG-00201,2024-12-15 15:52:05.990352,1979.98,in,card_purchase,US,USD
TXN-00003225,SIG-00358,2024-11-01 07:47:03.164186,1606.2,in,atm_withdrawal,US,USD
TXN-00000527,SIG-00053,2024-11-19 03:48:41.146625,3615.52,out,transfer,US,USD
TXN-00007726,SIG-00860,2024-03-07 13:30:42.666548,2237.86,in,transfer,US,USD
TXN-00002947,SIG-00327,2024-01-24 20:23:16.522469,5758.12,in,card_purchase,US,USD
TXN-00004474,SIG-00496,2024-02-14 05:27:48.436987,475.48,in,fx_exchange,US,USD
TXN-00005656,SIG-00632,2024-04-18 21:27:16.029962,1840.7,in,payment,US,USD
TXN-00008885,SIG-00982,2024-06-21 18:19:10.184412,718.51,out,bill_pay,US,USD
TXN-00006060,SIG-00680,2024-10-06 00:35:39.874371,1366.38,out,withdrawal,NG,CHF
TXN-00000960,SIG-00100,2024-07-26 14:08:15.915784,1130.87,out,card_purchase,US,USD
TXN-00006343,SIG-00712,2024-04-06 03:06:07.005547,2724.31,in,fx_exchange,US,USD
TXN-00003634,SIG-00405,2024-12-01 20:34:17.477773,371.19,out,atm_withdrawal,US,USD
TXN-00001051,SIG-00110,2024-12-03 12:13:29.495181,1931.83,in,withdrawal,US,USD
TXN-00008783,SIG-00973,2024-08-16 11:59:22.107262,862.98,out,card_purchase,US,USD
TXN-00008712,SIG-00964,2023-12-17 19:56:50.958026,189.21,out,payment,BR,EUR
TXN-00003381,SIG-00375,2024-02-12 03:37:45.572930,924.56,in,card_purchase,BR,EUR
TXN-00003677,SIG-00409,2024-11-15 00:48:06.564621,490.02,in,bill_pay,US,USD
TXN-00005777,SIG-00648,2024-09-23 22:27:22.926935,4555.21,in,card_purchase,US,USD
TXN-00009971,SIG-01103,2024-04-05 08:28:23.770407,954.82,in,payment,CN,EUR
TXN-00006574,SIG-00735,2024-04-02 21:10:21.013000,2408.62,in,wire,BR,JPY
TXN-00005180,SIG-00575,2024-05-20 05:53:38.465780,1339.83,in,transfer,US,USD
TXN-00001608,SIG-00174,2024-02-04 17:04:09.302225,2232.48,in,withdrawal,US,USD
TXN-00003611,SIG-00402,2024-01-10 02:21:27.759699,582.7,in,card_purchase,US,USD
TXN-00010632,SIG-01173,2024-05-15 13:30:15.985033,196.85,in,wire,US,USD
TXN-00006636,SIG-00742,2024-12-05 08:53:51.807148,2487.16,in,transfer,US,USD
TXN-00010891,SIG-01200,2024-04-24 10:41:14.669431,2317.06,out,transfer,US,USD
TXN-00000792,SIG-00083,2024-11-07 14:46:29.384207,2590.83,in,card_purchase,US,USD
TXN-00008985,SIG-00995,2024-02-04 16:10:48.825081,721.6,out,card_purchase,US,USD
TXN-00003057,SIG-00341,2024-03-11 16:30:09.279107,339.46,in,card_purchase,US,USD
TXN-00001981,SIG-00212,2024-12-16 14:34:05.794517,219.66,in,transfer,US,USD
TXN-00003599,SIG-00401,2024-11-13 07:12:23.076546,178.11,out,wire,US,USD
TXN-00000934,SIG-00098,2024-05-23 10:26:13.194218,317.97,in,atm_withdrawal,IN,GBP
TXN-00007425,SIG-00829,2024-09-17 10:15:59.305263,4278.32,out,bill_pay,US,USD
TXN-00005627,SIG-00628,2024-03-17 07:26:30.554158,970.41,in,refund,US,USD
TXN-00001683,SIG-00183,2024-09-28 08:07:53.846816,12115.66,in,withdrawal,CN,USD
TXN-00004180,SIG-00464,2024-01-07 18:25:21.153201,1232.54,in,withdrawal,US,USD
TXN-00006447,SIG-00723,2024-02-22 19:52:43.198650,1365.91,in,payment,US,USD
TXN-00004117,SIG-00458,2024-03-17 22:27:27.644307,8190.51,in,withdrawal,TR,USD
TXN-00000989,SIG-00103,2024-10-26 01:59:28.905536,3970.85,in,wire,US,USD
TXN-00002897,SIG-00321,2024-09-09 16:12:43.667789,2044.75,out,payment,US,USD
TXN-00003779,SIG-00418,2024-02-16 17:06:33.127312,1043.37,out,wire,RU,GBP
TXN-00005659,SIG-00633,2024-02-19 05:43:39.042518,4391.87,out,transfer,US,USD
TXN-00003094,SIG-00345,2024-03-05 03:39:35.931788,404.41,in,deposit,US,USD
TXN-00003156,SIG-00353,2024-06-30 16:49:34.962102,1893.65,in,transfer,US,USD
TXN-00001824,SIG-00198,2024-11-06 02:47:41.954897,1020.17,in,fx_exchange,US,USD
TXN-00010491,SIG-01158,2024-02-03 05:20:22.461481,462.52,in,bill_pay,PA,EUR
TXN-00001099,SIG-00115,2024-05-21 08:07:59.008761,884.92,out,payment,CN,USD
TXN-00002845,SIG-00315,2024-04-16 20:01:25.620445,454.84,in,fx_exchange,US,USD
TXN-00009079,SIG-01007,2024-04-23 14:31:18.628857,846.4,in,withdrawal,US,USD
TXN-00003343,SIG-00372,2024-03-10 08:12:59.716571,3327.24,out,atm_withdrawal,US,USD
TXN-00000039,SIG-00005,2024-04-16 20:25:32.522685,2407.35,out,withdrawal,US,USD
TXN-00006541,SIG-00732,2024-07-24 08:37:49.793627,10903.41,in,atm_withdrawal,US,USD
TXN-00010193,SIG-01123,2024-02-09 17:39:14.585329,5557.58,out,transfer,UA,CHF
TXN-00008708,SIG-00963,2024-05-05 21:55:04.212872,500.6,in,withdrawal,US,USD
TXN-00003357,SIG-00373,2024-08-10 21:01:23.393481,887.49,out,refund,US,USD
TXN-00007814,SIG-00867,2024-06-10 06:36:35.169640,4081.07,in,card_purchase,US,USD
TXN-00009099,SIG-01010,2024-08-18 09:23:21.552419,10213.99,in,atm_withdrawal,US,USD
TXN-00008221,SIG-00909,2024-01-26 06:54:48.044915,1883.08,out,payment,KY,JPY
TXN-00010063,SIG-01108,2024-01-11 20:19:03.467847,3247.13,in,payment,US,USD
TXN-00002429,SIG-00266,2024-10-05 22:12:09.740310,1678.75,in,payment,US,USD
TXN-00005044,SIG-00562,2024-05-27 03:58:59.321510,153.92,in,bill_pay,US,USD
TXN-00005347,SIG-00598,2024-01-05 17:55:27.230393,229.25,in,wire,US,USD
TXN-00008955,SIG-00991,2024-08-18 01:11:55.641813,119.7,out,wire,US,USD
TXN-00004812,SIG-00538,2024-10-27 13:24:59.391476,291.36,in,wire,US,USD
TXN-00008477,SIG-00938,2024-10-26 14:18:52.745474,262.08,out,deposit,US,USD
TXN-00000687,SIG-00073,2024-04-10 00:09:43.429279,5088.0,out,bill_pay,US,USD
TXN-00004800,SIG-00537,2024-01-05 15:17:25.626157,81.61,out,payment,US,USD
TXN-00007438,SIG-00830,2024-04-01 03:20:07.306260,842.24,out,deposit,US,USD
TXN-00002354,SIG-00257,2024-02-15 19:50:21.679944,1003.95,in,transfer,US,USD
TXN-00006354,SIG-00713,2024-05-01 09:51:18.177829,285.17,in,payment,US,USD
TXN-00004570,SIG-00508,2024-03-07 18:39:05.329584,3218.74,out,card_purchase,IN,USD
TXN-00008214,SIG-00908,2024-09-24 01:38:08.721234,8212.94,out,fx_exchange,US,USD
TXN-00002753,SIG-00302,2024-01-03 09:44:32.607947,2020.63,in,payment,AE,CHF
TXN-00009078,SIG-01007,2024-05-12 18:15:06.141844,9283.91,out,card_purchase,US,USD
TXN-00008074,SIG-00894,2024-01-22 03:46:18.359819,709.78,out,withdrawal,US,USD
TXN-00009110,SIG-01011,2024-05-06 15:59:50.479017,279.04,out,payment,US,USD
TXN-00001041,SIG-00108,2024-02-26 20:56:48.060636,558.36,in,card_purchase,US,USD
TXN-00007492,SIG-00837,2024-09-17 15:54:25.412899,466.48,out,card_purchase,US,USD
TXN-00001266,SIG-00134,2024-03-25 22:05:50.498304,14284.24,in,transfer,US,USD
TXN-00010102,SIG-01114,2024-04-01 09:37:26.711580,386.47,out,bill_pay,US,USD
TXN-00007060,SIG-00790,2024-06-15 11:54:12.500904,970.37,in,withdrawal,AE,GBP
TXN-00000278,SIG-00029,2024-12-01 11:45:20.987676,500.13,out,fx_exchange,US,USD
TXN-00005085,SIG-00567,2024-10-21 01:41:51.907462,2419.64,out,card_purchase,TR,USD
TXN-00002383,SIG-00260,2024-07-20 05:24:38.292115,3265.76,out,deposit,RU,CHF
TXN-00000572,SIG-00058,2024-06-26 23:56:37.765301,5129.16,out,deposit,US,USD
TXN-00001436,SIG-00156,2024-10-18 01:38:56.606267,267.63,out,wire,US,USD
TXN-00005353,SIG-00598,2023-12-11 21:13:43.722335,2533.73,out,bill_pay,US,USD
TXN-00005446,SIG-00608,2024-03-03 13:06:06.513090,3912.73,out,card_purchase,US,USD
TXN-00001008,SIG-00104,2024-08-09 07:30:31.033495,337.08,in,payment,US,USD
TXN-00004544,SIG-00506,2024-01-10 05:21:05.922141,1089.35,in,deposit,US,USD
TXN-00009622,SIG-01063,2024-08-20 02:41:48.616359,1157.12,in,payment,US,USD
TXN-00002065,SIG-00224,2024-08-06 01:38:00.882048,746.75,in,deposit,US,USD
TXN-00001137,SIG-00119,2024-02-11 02:59:32.026124,584.97,out,fx_exchange,US,USD
TXN-00005344,SIG-00597,2024-06-28 11:37:29.977206,429.84,in,card_purchase,US,USD
TXN-00000295,SIG-00031,2024-03-05 02:39:54.983786,1339.96,out,withdrawal,US,USD
TXN-00008781,SIG-00973,2024-08-17 00:29:54.609078,1620.57,out,withdrawal,US,USD
TXN-00002404,SIG-00263,2024-10-26 22:07:06.143282,374.73,out,payment,US,USD
TXN-00003999,SIG-00446,2024-01-23 06:36:00.032753,441.61,in,payment,US,USD
TXN-00003742,SIG-00416,2024-09-27 19:59:20.856941,2360.86,out,card_purchase,IN,GBP
TXN-00010058,SIG-01108,2023-12-16 22:10:10.917274,1697.8,in,withdrawal,US,USD
TXN-00002720,SIG-00298,2024-03-08 03:47:59.564225,3613.45,out,bill_pay,US,USD
TXN-00010034,SIG-01106,2024-01-11 23:25:17.027981,872.58,out,payment,TR,EUR
TXN-00005151,SIG-00574,2024-05-17 00:44:57.532457,877.07,in,card_purchase,US,USD
TXN-00002809,SIG-00310,2024-10-27 03:28:39.471852,1246.67,in,card_purchase,US,USD
TXN-00009018,SIG-01000,2024-02-23 06:17:03.927787,484.5,in,payment,US,USD
TXN-00000557,SIG-00056,2024-02-20 22:42:36.405064,1767.43,out,atm_withdrawal,US,USD
TXN-00009738,SIG-01079,2024-08-08 17:34:07.322362,2381.71,out,atm_withdrawal,US,USD
TXN-00004796,SIG-00536,2024-12-17 10:22:23.841131,2214.0,in,atm_withdrawal,US,USD
TXN-00002470,SIG-00271,2024-07-23 04:31:58.516668,41030.68,out,payment,US,USD
TXN-00003739,SIG-00415,2024-04-20 12:53:41.455250,2373.29,in,payment,US,USD
TXN-00004287,SIG-00476,2024-12-16 05:09:45.722121,2558.85,in,payment,US,USD
TXN-00002605,SIG-00286,2024-10-30 14:16:14.031880,85.64,out,payment,US,USD
TXN-00000363,SIG-00037,2024-03-02 14:39:05.179018,193.35,out,atm_withdrawal,CN,CHF
TXN-00006925,SIG-00774,2024-01-07 05:49:01.177860,346.92,in,deposit,US,USD
TXN-00001705,SIG-00186,2024-10-27 08:42:33.205168,11831.59,in,transfer,US,USD
TXN-00002140,SIG-00233,2024-05-13 23:57:06.091733,1266.35,in,transfer,BR,JPY
TXN-00003240,SIG-00360,2024-05-14 20:42:18.734572,5469.57,out,refund,US,USD
TXN-00002384,SIG-00260,2024-07-19 23:10:20.092257,3278.82,in,card_purchase,US,USD
TXN-00007315,SIG-00816,2024-08-11 10:05:03.790557,232.19,out,deposit,US,USD
TXN-00004312,SIG-00477,2024-10-19 08:48:21.679414,1353.11,out,bill_pay,US,USD
TXN-00001313,SIG-00138,2024-08-08 14:09:47.415330,7499.01,out,card_purchase,US,USD
TXN-00003931,SIG-00438,2024-04-30 01:35:40.480089,2602.84,in,atm_withdrawal,KY,GBP
TXN-00006184,SIG-00694,2024-08-02 10:46:00.702380,517.85,in,deposit,US,USD
TXN-00001592,SIG-00172,2024-06-23 18:27:24.742883,893.55,in,deposit,US,USD
TXN-00010846,SIG-01196,2024-02-13 06:42:25.306404,4447.12,out,payment,US,USD
TXN-00002163,SIG-00237,2024-10-23 00:46:08.025392,444.37,in,deposit,PA,GBP
TXN-00002397,SIG-00262,2024-03-23 12:18:28.351443,667.63,out,refund,US,USD
TXN-00000318,SIG-00034,2024-08-08 03:54:59.164366,1646.25,in,card_purchase,PA,CHF
TXN-00005234,SIG-00582,2024-03-26 05:20:42.207302,4975.11,in,bill_pay,US,USD
TXN-00005069,SIG-00565,2024-02-12 22:24:19.535111,1247.44,in,atm_withdrawal,US,USD
TXN-00004037,SIG-00450,2024-03-12 05:59:06.171623,1740.6,in,refund,US,USD
TXN-00008988,SIG-00996,2024-11-11 14:38:06.657916,243.4,in,card_purchase,NG,CHF
TXN-00003021,SIG-00336,2024-10-22 09:44:12.779348,4193.64,in,deposit,US,USD
TXN-00008229,SIG-00909,2024-01-24 12:29:27.378857,1044.5,out,atm_withdrawal,US,USD
TXN-00009106,SIG-01010,2024-08-20 23:37:58.238561,6189.36,in,atm_withdrawal,US,USD
TXN-00005296,SIG-00592,2024-02-04 11:36:36.153848,679.73,in,card_purchase,US,USD
TXN-00003973,SIG-00443,2024-01-04 02:07:33.039956,8588.64,in,deposit,BR,USD
TXN-00005371,SIG-00599,2024-01-24 14:08:50.886767,166.22,in,wire,US,USD
TXN-00004134,SIG-00459,2024-04-03 03:30:56.272031,1056.83,in,atm_withdrawal,US,USD
TXN-00000975,SIG-00101,2024-10-16 05:13:35.676326,754.89,out,wire,US,USD
TXN-00007292,SIG-00814,2024-06-04 23:00:19.677500,269.04,in,transfer,US,USD
TXN-00009176,SIG-01017,2024-10-31 00:47:23.769472,3369.89,out,deposit,US,USD
TXN-00000955,SIG-00099,2024-07-18 17:43:29.449049,1173.67,in,payment,US,USD
TXN-00010147,SIG-01118,2024-04-25 17:02:30.092172,1549.76,out,withdrawal,BR,USD
TXN-00005017,SIG-00560,2024-08-20 22:24:27.216323,10048.4,in,atm_withdrawal,US,USD
TXN-00010603,SIG-01170,2024-01-28 15:36:39.063190,506.05,in,deposit,US,USD
TXN-00009180,SIG-01017,2024-10-23 10:22:20.866592,2582.67,out,refund,US,USD
TXN-00007491,SIG-00837,2024-09-09 19:51:11.271660,221.34,in,transfer,US,USD
TXN-00001641,SIG-00178,2024-06-24 09:09:32.588733,688.13,out,payment,US,USD
TXN-00001291,SIG-00135,2024-09-15 13:26:11.068419,204.58,in,transfer,US,USD
TXN-00001381,SIG-00147,2024-10-08 01:17:59.558092,485.01,in,card_purchase,US,USD
TXN-00001934,SIG-00207,2024-09-28 17:23:29.783199,3858.81,in,card_purchase,PA,EUR
TXN-00004676,SIG-00520,2024-07-27 01:57:33.551006,404.63,in,fx_exchange,US,USD
TXN-00000893,SIG-00092,2024-10-05 02:56:55.241438,677.23,in,card_purchase,US,USD
TXN-00007288,SIG-00814,2024-06-22 09:08:49.688319,620.96,in,transfer,US,USD
TXN-00004877,SIG-00544,2024-02-26 16:21:23.371083,269.37,out,fx_exchange,US,USD
TXN-00007907,SIG-00876,2024-01-16 04:06:35.384583,2035.74,in,fx_exchange,US,USD
TXN-00008195,SIG-00905,2023-12-29 06:18:13.740219,1385.9,out,payment,US,USD
TXN-00010226,SIG-01127,2024-03-22 01:33:22.663975,6095.51,in,deposit,US,USD
TXN-00009042,SIG-01002,2024-12-05 00:59:21.838573,560.2,out,wire,US,USD
TXN-00002467,SIG-00270,2024-02-04 07:27:09.464617,994.73,out,card_purchase,BR,CHF
TXN-00007658,SIG-00854,2024-04-19 04:10:42.392635,1160.78,out,card_purchase,US,USD
TXN-00001914,SIG-00205,2024-11-28 06:17:41.568678,964.98,out,deposit,US,USD
TXN-00002737,SIG-00300,2024-03-04 00:49:38.641661,1084.54,out,payment,US,USD
TXN-00000727,SIG-00077,2024-02-12 17:50:46.732093,531.15,in,wire,US,USD
TXN-00007215,SIG-00808,2024-05-30 03:30:43.794509,298.11,in,deposit,US,USD
TXN-00008246,SIG-00910,2024-03-10 07:31:24.946277,1048.73,in,wire,US,USD
TXN-00001797,SIG-00195,2024-11-18 13:32:13.593454,790.29,in,withdrawal,US,USD
TXN-00003846,SIG-00427,2024-05-19 20:02:18.082358,8665.76,out,deposit,TR,GBP
TXN-00006403,SIG-00719,2024-04-17 06:49:12.124687,3244.23,in,transfer,US,USD
TXN-00000937,SIG-00098,2024-05-30 09:01:49.828686,701.8,in,payment,US,USD
TXN-00002266,SIG-00248,2024-08-04 00:35:53.339875,38.6,in,withdrawal,US,USD
TXN-00000825,SIG-00085,2024-02-01 21:01:50.661988,1314.2,in,withdrawal,US,USD
TXN-00007275,SIG-00814,2024-06-07 02:09:29.977696,938.6,out,refund,US,USD
TXN-00001390,SIG-00147,2024-10-08 13:14:58.260084,291.84,out,bill_pay,US,USD
TXN-00003565,SIG-00397,2024-08-01 13:43:34.883856,1308.92,in,atm_withdrawal,NG,JPY
TXN-00009077,SIG-01007,2024-04-29 21:10:56.445241,596.86,out,atm_withdrawal,IN,USD
TXN-00005430,SIG-00606,2024-09-02 02:31:47.503343,192.08,out,bill_pay,NG,CHF
TXN-00007828,SIG-00870,2024-05-21 03:45:30.237065,157.11,in,bill_pay,US,USD
TXN-00005691,SIG-00637,2024-06-05 05:06:05.757637,1832.47,out,withdrawal,TR,GBP
TXN-00007879,SIG-00875,2024-04-04 01:22:23.133275,1009.99,in,atm_withdrawal,US,USD
TXN-00001869,SIG-00201,2024-12-18 17:53:30.006876,3796.18,out,deposit,US,USD
TXN-00008203,SIG-00907,2024-11-09 03:20:22.935279,484.29,in,atm_withdrawal,US,USD
TXN-00007487,SIG-00836,2024-02-16 22:13:37.481288,709.58,out,bill_pay,US,USD
TXN-00000807,SIG-00084,2024-10-28 04:25:22.993221,2563.11,out,deposit,PA,EUR
TXN-00004806,SIG-00537,2024-01-02 00:07:56.893065,2983.89,in,card_purchase,US,USD
TXN-00009631,SIG-01065,2024-11-11 20:13:22.559124,581.78,in,bill_pay,PA,JPY
TXN-00009981,SIG-01103,2024-04-02 07:03:42.298080,957.37,in,withdrawal,US,USD
TXN-00009156,SIG-01015,2024-03-04 19:42:58.439365,444.86,in,card_purchase,IN,USD
TXN-00007512,SIG-00839,2024-11-18 11:25:44.008636,8633.32,in,deposit,US,USD
TXN-00008057,SIG-00893,2024-07-02 16:27:37.161241,881.15,in,withdrawal,US,USD
TXN-00004495,SIG-00499,2024-02-05 01:40:02.804759,4714.73,in,deposit,US,USD
TXN-00002633,SIG-00289,2024-01-31 14:41:22.336849,477.31,out,deposit,US,USD
TXN-00009711,SIG-01074,2024-12-06 18:44:21.180013,40160.06,in,withdrawal,US,USD
TXN-00008897,SIG-00984,2024-05-27 21:20:13.399364,1623.24,in,atm_withdrawal,RU,USD
TXN-00008624,SIG-00955,2024-08-26 11:10:59.588058,9661.83,out,withdrawal,US,USD
TXN-00007833,SIG-00870,2024-05-18 06:10:32.400194,1343.23,in,atm_withdrawal,US,USD
TXN-00004389,SIG-00485,2024-07-16 00:16:28.015023,3884.15,out,card_purchase,US,USD
TXN-00000146,SIG-00015,2024-10-02 14:18:36.223050,442.64,in,atm_withdrawal,UA,USD
TXN-00006468,SIG-00726,2024-10-04 23:55:47.922446,1741.57,in,bill_pay,US,USD
TXN-00002034,SIG-00220,2024-01-09 07:49:18.822425,2167.91,in,payment,US,USD
TXN-00009954,SIG-01099,2024-04-30 23:12:14.018228,1251.06,out,transfer,US,USD
TXN-00001166,SIG-00122,2024-10-22 01:35:31.897222,769.97,out,refund,US,USD
TXN-00002051,SIG-00222,2024-12-13 23:44:14.127629,18285.2,in,card_purchase,US,USD
TXN-00003761,SIG-00416,2024-09-30 12:27:53.040753,329.48,in,atm_withdrawal,US,USD
TXN-00004436,SIG-00491,2024-07-17 18:30:25.413209,884.34,in,card_purchase,US,USD
TXN-00003431,SIG-00383,2024-07-30 05:44:38.103171,2536.01,out,atm_withdrawal,US,USD
TXN-00008191,SIG-00905,2023-11-22 06:34:46.735818,2081.36,in,refund,US,USD
TXN-00009554,SIG-01055,2024-07-16 18:17:42.290402,630.35,in,withdrawal,US,USD
TXN-00007070,SIG-00790,2024-06-07 22:01:33.026050,1632.0,out,withdrawal,US,USD
TXN-00004362,SIG-00482,2024-06-24 18:32:54.350062,8202.56,in,fx_exchange,UA,CHF
TXN-00009455,SIG-01043,2024-08-01 00:53:35.145648,2156.19,in,deposit,US,USD
TXN-00001772,SIG-00193,2024-05-19 14:34:35.762947,757.05,in,refund,US,USD
TXN-00003512,SIG-00391,2024-01-29 10:18:32.400803,6224.12,in,atm_withdrawal,BR,CHF
TXN-00000272,SIG-00028,2024-04-20 02:47:11.524703,2235.68,in,payment,US,USD
TXN-00008437,SIG-00933,2024-09-19 06:30:22.022164,2448.34,out,deposit,US,USD
TXN-00002033,SIG-00220,2024-01-01 05:54:57.400648,621.79,in,bill_pay,US,USD
TXN-00009006,SIG-00998,2024-09-08 09:08:48.439851,12800.6,out,deposit,US,USD
TXN-00010535,SIG-01162,2024-05-19 15:46:27.955087,674.43,out,bill_pay,US,USD
TXN-00003811,SIG-00423,2024-06-24 04:35:22.760169,10979.53,in,transfer,US,USD
TXN-00004347,SIG-00480,2024-12-23 23:47:04.446247,1646.04,in,payment,US,USD
TXN-00000546,SIG-00055,2024-09-14 21:47:40.290292,888.11,in,atm_withdrawal,PA,JPY
TXN-00003242,SIG-00360,2024-05-14 09:50:49.518893,11000.65,out,wire,KY,JPY
TXN-00008931,SIG-00988,2024-08-17 14:42:54.140016,800.46,in,wire,TR,JPY
TXN-00008503,SIG-00941,2024-02-09 05:17:22.388773,571.27,in,payment,IN,JPY
TXN-00009324,SIG-01031,2024-07-02 15:57:43.406612,178.6,out,transfer,US,USD
TXN-00010802,SIG-01192,2024-04-30 13:20:40.219229,245.13,in,transfer,TR,JPY
TXN-00007565,SIG-00844,2024-02-08 15:25:36.781805,2210.29,out,transfer,RU,JPY
TXN-00000921,SIG-00096,2024-09-11 23:21:45.314450,903.78,out,bill_pay,US,USD
TXN-00009944,SIG-01099,2024-04-22 19:52:17.329613,799.84,in,card_purchase,US,USD
TXN-00006641,SIG-00742,2024-12-12 19:50:53.380215,19622.98,in,transfer,NG,GBP
TXN-00007695,SIG-00857,2024-09-16 15:44:00.821793,3099.66,out,wire,US,USD
TXN-00008231,SIG-00909,2024-02-16 15:10:37.869248,2216.32,out,card_purchase,US,USD
TXN-00007127,SIG-00797,2024-10-09 16:52:09.239487,642.67,out,transfer,US,USD
TXN-00004279,SIG-00475,2024-09-11 02:40:26.341093,624.7,out,payment,US,USD
TXN-00002984,SIG-00332,2024-10-02 19:18:12.183876,529.8,out,withdrawal,US,USD
TXN-00000131,SIG-00014,2024-04-13 06:46:21.698751,675.28,out,transfer,US,USD
TXN-00007981,SIG-00883,2024-01-20 15:32:57.775252,28193.75,in,payment,US,USD
TXN-00002668,SIG-00293,2024-09-01 16:52:17.434750,566.03,out,card_purchase,US,USD
TXN-00007139,SIG-00798,2024-03-19 08:50:47.266564,602.99,in,payment,PA,USD
TXN-00003224,SIG-00358,2024-10-23 04:52:24.208399,643.78,out,payment,KY,GBP
TXN-00009375,SIG-01035,2024-05-20 07:20:52.541436,5905.4,in,refund,US,USD
TXN-00007694,SIG-00857,2024-09-22 13:31:54.742826,1127.3,out,transfer,US,USD
TXN-00005393,SIG-00602,2024-11-05 21:17:18.880408,558.9,in,atm_withdrawal,US,USD
TXN-00000615,SIG-00062,2024-08-26 08:35:13.793754,2265.08,in,deposit,UA,CHF
TXN-00010786,SIG-01191,2024-03-14 02:17:25.646232,1602.55,in,deposit,US,USD
TXN-00001467,SIG-00159,2024-04-02 20:34:04.202496,1101.64,in,bill_pay,US,USD
TXN-00004498,SIG-00499,2024-02-13 13:35:04.023086,2986.21,in,bill_pay,US,USD
TXN-00003043,SIG-00338,2024-03-06 03:49:03.402153,519.4,in,refund,US,USD
TXN-00009127,SIG-01013,2024-02-27 03:55:47.880927,1234.14,in,deposit,NG,USD
TXN-00002420,SIG-00266,2024-09-05 23:16:39.888027,8345.81,out,payment,US,USD
TXN-00005086,SIG-00567,2024-10-21 19:40:23.107391,1320.79,out,fx_exchange,US,USD
TXN-00003295,SIG-00365,2024-08-11 04:47:06.344089,287.51,out,payment,US,USD
TXN-00006738,SIG-00753,2024-01-14 06:50:01.281714,402.81,out,deposit,CN,CHF
TXN-00001501,SIG-00162,2024-10-16 08:01:06.544753,107.49,out,wire,US,USD
TXN-00009019,SIG-01000,2024-03-26 02:23:31.038220,2803.68,in,payment,UA,EUR
TXN-00001522,SIG-00163,2024-02-23 21:26:12.887103,796.39,in,payment,US,USD
TXN-00009943,SIG-01099,2024-04-20 21:08:44.664802,1295.37,in,card_purchase,US,USD
TXN-00004233,SIG-00470,2024-02-04 03:21:42.177766,8330.45,out,deposit,US,USD
TXN-00007687,SIG-00856,2024-10-08 18:04:17.454405,854.11,out,withdrawal,TR,GBP
TXN-00008821,SIG-00976,2024-11-19 11:02:31.891494,991.91,in,wire,US,USD
TXN-00004431,SIG-00491,2024-08-06 03:35:07.231130,620.04,in,deposit,IN,USD
TXN-00000391,SIG-00040,2024-08-02 12:57:33.712704,321.59,out,payment,US,USD
TXN-00010740,SIG-01186,2023-12-29 15:54:38.131827,1514.05,out,card_purchase,US,USD
TXN-00007125,SIG-00796,2024-01-29 13:52:02.401324,450.91,in,withdrawal,US,USD
TXN-00005914,SIG-00661,2024-01-21 05:59:28.167852,823.94,in,payment,US,USD
TXN-00008593,SIG-00951,2024-08-23 03:03:47.722028,324.09,in,payment,RU,EUR
TXN-00004807,SIG-00537,2024-01-02 06:59:50.597762,351.42,in,payment,NG,CHF
TXN-00009768,SIG-01081,2024-08-25 21:31:35.640513,4632.87,in,payment,US,USD
TXN-00008239,SIG-00910,2024-03-05 19:21:17.976730,1924.87,out,fx_exchange,US,USD
TXN-00008045,SIG-00891,2024-05-09 20:45:41.571693,177.45,out,deposit,US,USD
TXN-00010658,SIG-01177,2024-07-09 18:19:08.363954,96.3,in,deposit,US,USD
TXN-00003994,SIG-00445,2024-09-18 17:44:44.708858,1411.93,out,deposit,US,USD
TXN-00010412,SIG-01150,2024-11-12 13:46:07.687050,3195.3,in,withdrawal,US,USD
TXN-00006610,SIG-00740,2024-05-12 08:05:48.907507,966.39,out,card_purchase,US,USD
TXN-00005320,SIG-00594,2024-09-04 23:23:17.002811,5818.91,out,atm_withdrawal,US,USD
TXN-00010721,SIG-01184,2024-02-21 03:01:58.263248,6913.39,in,bill_pay,US,USD
TXN-00007120,SIG-00795,2023-12-24 09:39:46.292330,749.98,in,transfer,US,USD
TXN-00002422,SIG-00266,2024-09-11 21:19:36.909289,33444.88,in,card_purchase,US,USD
TXN-00005605,SIG-00625,2024-10-21 11:51:19.833656,273.48,out,card_purchase,US,USD
TXN-00001751,SIG-00189,2024-01-30 02:33:15.495637,2168.01,out,payment,NG,GBP
TXN-00009834,SIG-01086,2024-09-27 06:40:35.727233,12089.87,out,transfer,AE,GBP
TXN-00010591,SIG-01169,2024-06-28 23:56:04.546072,5418.97,in,card_purchase,US,USD
TXN-00000339,SIG-00036,2024-07-09 10:47:14.145218,1266.63,in,card_purchase,US,USD
TXN-00008408,SIG-00929,2024-02-24 08:45:34.376324,705.33,in,bill_pay,US,USD
TXN-00001342,SIG-00141,2024-08-16 03:53:02.265355,483.13,out,refund,US,USD
TXN-00010405,SIG-01149,2024-04-24 11:00:16.219367,2059.29,in,wire,PA,CHF
TXN-00007983,SIG-00883,2024-01-15 09:16:42.760978,1658.08,out,wire,US,USD
TXN-00003641,SIG-00406,2024-07-06 19:27:08.730443,105.42,in,transfer,UA,CHF
TXN-00000330,SIG-00036,2024-06-29 01:54:32.343340,1434.73,in,fx_exchange,US,USD
TXN-00009635,SIG-01066,2024-10-11 05:56:15.314773,4901.98,in,transfer,US,USD
TXN-00003005,SIG-00335,2024-02-28 15:04:17.759749,974.63,out,fx_exchange,US,USD
TXN-00006961,SIG-00777,2024-07-06 13:14:31.770475,1062.75,in,card_purchase,PA,GBP
TXN-00004091,SIG-00456,2024-01-20 12:03:15.658870,879.81,out,card_purchase,US,USD
TXN-00002323,SIG-00254,2024-12-12 11:41:18.079801,72.89,in,bill_pay,US,USD
TXN-00006668,SIG-00745,2024-09-15 18:13:08.522020,518.78,in,withdrawal,UA,EUR
TXN-00007010,SIG-00785,2024-07-28 08:14:46.887290,4479.26,out,withdrawal,US,USD
TXN-00004198,SIG-00465,2024-10-17 12:14:05.408623,4734.72,out,fx_exchange,US,USD
TXN-00003550,SIG-00396,2024-05-05 03:38:00.817888,577.72,in,fx_exchange,US,USD
TXN-00008364,SIG-00923,2024-01-29 23:10:00.035696,477.07,out,wire,RU,GBP
TXN-00004204,SIG-00466,2024-12-27 01:45:26.444679,2847.42,out,deposit,US,USD
TXN-00010276,SIG-01134,2024-03-03 19:36:32.700163,12400.36,in,wire,US,USD
TXN-00009750,SIG-01080,2024-03-03 08:25:57.850429,273.18,in,transfer,US,USD
TXN-00006186,SIG-00694,2024-08-01 03:16:02.221248,1944.74,out,payment,US,USD
TXN-00001640,SIG-00178,2024-06-23 08:57:10.812549,2355.96,in,payment,US,USD
TXN-00009131,SIG-01013,2024-03-11 18:07:18.128076,2340.58,in,payment,US,USD
TXN-00000061,SIG-00007,2024-04-18 00:06:36.134528,2957.24,in,card_purchase,TR,USD
TXN-00001241,SIG-00132,2024-10-02 12:55:33.582589,766.24,out,card_purchase,US,USD
TXN-00005761,SIG-00646,2024-05-01 20:03:11.920051,1151.15,in,wire,NG,USD
TXN-00005137,SIG-00571,2024-10-21 13:48:39.916298,9651.38,out,atm_withdrawal,US,USD
TXN-00002344,SIG-00256,2024-07-25 01:13:17.987163,7395.11,in,deposit,TR,CHF
TXN-00002121,SIG-00231,2024-07-02 14:49:19.334742,28415.51,out,wire,PA,EUR
TXN-00001525,SIG-00164,2024-09-27 07:01:37.283203,2024.0,in,deposit,US,USD
TXN-00007618,SIG-00850,2024-06-05 20:17:32.408178,2493.74,in,atm_withdrawal,US,USD
TXN-00000154,SIG-00016,2024-11-18 17:08:15.817857,529.84,in,bill_pay,US,USD
TXN-00000482,SIG-00049,2024-06-01 15:56:44.430624,5549.93,in,transfer,US,USD
TXN-00006123,SIG-00687,2024-10-30 23:12:36.421001,746.53,out,card_purchase,IN,CHF
TXN-00007675,SIG-00855,2024-02-24 02:55:28.029926,515.43,out,payment,US,USD
TXN-00007102,SIG-00793,2024-11-09 06:26:04.359803,4190.13,in,wire,US,USD
TXN-00001763,SIG-00191,2024-01-28 04:40:49.158643,860.91,in,card_purchase,US,USD
TXN-00008943,SIG-00990,2024-01-29 05:11:24.226214,5340.2,out,refund,US,USD
TXN-00007716,SIG-00859,2024-05-04 11:17:47.620946,336.99,in,fx_exchange,US,USD
TXN-00009903,SIG-01094,2024-03-08 07:52:30.770543,495.5,in,transfer,US,USD
TXN-00007480,SIG-00836,2024-02-22 07:30:39.942995,745.15,out,bill_pay,KY,JPY
TXN-00006213,SIG-00698,2024-01-25 05:07:15.226903,630.94,in,refund,US,USD
TXN-00004854,SIG-00542,2024-04-13 07:25:05.172266,4036.01,in,card_purchase,US,USD
TXN-00002712,SIG-00297,2024-01-06 02:19:41.940179,1132.36,in,deposit,US,USD
TXN-00006767,SIG-00757,2024-02-26 06:58:19.604471,1884.85,in,card_purchase,US,USD
TXN-00004151,SIG-00461,2024-09-25 08:55:34.253886,597.39,out,deposit,KY,CHF
TXN-00001334,SIG-00141,2024-08-16 07:43:32.921223,1134.59,out,payment,US,USD
TXN-00010257,SIG-01132,2024-05-16 16:05:35.373596,2077.72,out,refund,US,USD
TXN-00008379,SIG-00924,2024-04-16 04:57:22.622508,338.27,out,transfer,US,USD
TXN-00009329,SIG-01031,2024-07-04 00:43:26.903071,5145.16,in,fx_exchange,TR,JPY
TXN-00010236,SIG-01129,2024-11-01 00:19:48.926123,600.44,in,payment,US,USD
TXN-00010580,SIG-01167,2024-08-31 16:26:52.321811,376.47,in,transfer,US,USD
TXN-00009947,SIG-01099,2024-04-25 21:05:24.482607,671.27,out,card_purchase,US,USD
TXN-00003851,SIG-00428,2024-05-17 06:53:38.805505,8302.08,out,deposit,US,USD
TXN-00008341,SIG-00920,2024-12-10 02:18:49.333113,21709.53,in,withdrawal,RU,CHF
TXN-00004125,SIG-00458,2024-03-30 05:19:36.826576,1337.17,in,withdrawal,UA,JPY
TXN-00009778,SIG-01082,2024-05-31 01:09:41.177544,677.24,in,withdrawal,AE,GBP
TXN-00004789,SIG-00535,2024-04-30 09:03:26.663271,374.63,out,card_purchase,CN,GBP
TXN-00002867,SIG-00318,2023-12-27 15:58:19.254692,7534.37,in,card_purchase,BR,USD
TXN-00001387,SIG-00147,2024-10-06 16:34:36.673517,3923.65,in,card_purchase,US,USD
TXN-00005942,SIG-00663,2024-06-06 00:50:39.457779,165.97,out,card_purchase,PA,JPY
TXN-00003068,SIG-00342,2024-06-19 16:31:52.699225,192.64,out,deposit,US,USD
TXN-00009879,SIG-01092,2024-05-06 02:52:40.840828,653.96,in,card_purchase,US,USD
TXN-00003630,SIG-00405,2024-12-02 13:27:10.572387,4076.6,out,card_purchase,US,USD
TXN-00010312,SIG-01139,2024-01-05 04:38:20.227526,199.94,in,deposit,RU,EUR
TXN-00009949,SIG-01099,2024-04-26 21:59:25.409078,191.33,out,withdrawal,US,USD
TXN-00003029,SIG-00337,2024-10-18 15:47:56.281649,4018.39,out,payment,US,USD
TXN-00002970,SIG-00331,2024-01-22 21:35:51.619827,449.75,in,card_purchase,RU,EUR
TXN-00008647,SIG-00957,2024-03-20 22:03:06.810090,2067.97,out,payment,US,USD
TXN-00006137,SIG-00688,2024-01-24 02:29:40.624256,3341.84,in,transfer,US,USD
TXN-00008802,SIG-00974,2024-03-12 17:36:24.000356,273.65,out,atm_withdrawal,US,USD
TXN-00004264,SIG-00474,2024-11-29 22:48:49.573720,18496.72,out,transfer,US,USD
TXN-00000646,SIG-00066,2024-02-08 08:32:53.691166,272.93,out,card_purchase,US,USD
TXN-00010524,SIG-01161,2024-01-01 08:36:36.196297,15738.34,in,transfer,US,USD
TXN-00002075,SIG-00225,2024-11-25 19:46:30.176470,1751.69,out,deposit,PA,EUR
TXN-00000342,SIG-00036,2024-07-18 11:35:32.533154,2775.49,in,payment,US,USD
TXN-00008042,SIG-00890,2024-08-04 21:51:01.192614,514.47,out,transfer,US,USD
TXN-00001623,SIG-00175,2024-01-09 15:07:13.697359,596.4,out,card_purchase,US,USD
TXN-00007142,SIG-00799,2024-04-03 06:53:12.614146,810.38,in,deposit,US,USD
TXN-00005797,SIG-00650,2024-05-10 05:55:59.745809,8728.85,in,card_purchase,US,USD
TXN-00007185,SIG-00804,2024-04-19 17:00:34.754336,285.36,out,bill_pay,US,USD
TXN-00008233,SIG-00909,2024-02-12 05:52:19.895440,3608.6,out,payment,US,USD
TXN-00005476,SIG-00611,2024-11-26 13:57:31.600368,391.79,out,transfer,US,USD
TXN-00010089,SIG-01112,2024-06-09 14:50:03.263531,480.34,in,wire,US,USD
TXN-00000075,SIG-00008,2024-05-12 15:36:28.538965,159.49,in,payment,US,USD
TXN-00010777,SIG-01191,2024-03-21 09:37:45.054125,7972.82,in,wire,US,USD
TXN-00008634,SIG-00955,2024-08-05 19:01:51.966004,5352.0,in,atm_withdrawal,US,USD
TXN-00010065,SIG-01109,2024-06-29 11:38:26.733543,499.48,in,withdrawal,US,USD
TXN-00002052,SIG-00222,2024-12-13 00:06:45.935738,855.2,in,withdrawal,US,USD
TXN-00002542,SIG-00279,2024-10-09 20:11:07.505235,29398.35,in,deposit,US,USD
TXN-00001302,SIG-00137,2024-03-20 21:57:42.937602,2226.41,out,transfer,TR,CHF
TXN-00005878,SIG-00657,2024-11-11 11:36:50.964632,6080.62,in,withdrawal,US,USD
TXN-00007369,SIG-00822,2024-08-02 05:43:42.953069,2143.34,in,withdrawal,US,USD
TXN-00001305,SIG-00137,2024-03-24 12:44:00.085753,669.88,out,atm_withdrawal,US,USD
TXN-00008429,SIG-00932,2024-07-25 15:45:55.024164,1882.16,out,bill_pay,US,USD
TXN-00009916,SIG-01096,2024-04-14 02:16:34.789478,996.83,out,wire,US,USD
TXN-00002600,SIG-00285,2024-03-28 07:52:48.260870,114.25,in,card_purchase,US,USD
TXN-00002574,SIG-00282,2024-04-18 05:48:45.469595,2247.05,out,payment,US,USD
TXN-00003187,SIG-00355,2024-02-24 20:01:19.573031,1509.41,in,deposit,US,USD
TXN-00002769,SIG-00304,2024-05-29 01:57:20.671978,571.42,out,deposit,PA,GBP
TXN-00004832,SIG-00540,2024-08-25 03:17:07.692647,1083.11,in,withdrawal,US,USD
TXN-00004224,SIG-00469,2024-06-12 07:36:48.161126,1124.34,out,refund,US,USD
TXN-00010520,SIG-01161,2024-01-04 06:30:23.194882,588.1,in,transfer,US,USD
TXN-00002107,SIG-00229,2024-05-08 00:55:05.127565,2070.42,in,atm_withdrawal,TR,USD
TXN-00002680,SIG-00295,2024-03-05 18:05:45.381298,2152.15,out,bill_pay,US,USD
TXN-00001388,SIG-00147,2024-10-10 21:45:07.605182,73.37,in,card_purchase,US,USD
TXN-00009744,SIG-01080,2024-02-17 09:38:15.119650,657.76,in,deposit,US,USD
TXN-00010530,SIG-01161,2024-01-01 10:22:52.588441,768.02,in,fx_exchange,US,USD
TXN-00007084,SIG-00792,2024-03-13 10:20:43.624253,3669.83,out,payment,US,USD
TXN-00001280,SIG-00134,2024-03-20 05:39:54.749651,538.9,in,deposit,KY,JPY
TXN-00000805,SIG-00084,2024-10-09 23:04:21.400790,1541.66,out,payment,US,USD
TXN-00001556,SIG-00168,2024-11-02 04:46:54.850286,2699.38,out,withdrawal,US,USD
TXN-00010343,SIG-01142,2024-02-03 13:19:48.004738,1136.3,in,card_purchase,US,USD
TXN-00004567,SIG-00508,2024-03-19 00:03:43.171165,5867.94,out,deposit,US,USD
TXN-00010540,SIG-01163,2024-11-06 23:38:57.037116,1960.07,out,bill_pay,US,USD
TXN-00004842,SIG-00541,2024-06-23 08:31:28.426397,1246.87,in,transfer,US,USD
TXN-00003595,SIG-00401,2024-11-22 04:08:09.628429,3059.33,in,atm_withdrawal,US,USD
TXN-00006036,SIG-00677,2024-05-15 00:16:54.052970,2218.03,out,fx_exchange,US,USD
TXN-00006853,SIG-00767,2024-04-16 01:16:50.072592,38.84,out,withdrawal,US,USD
TXN-00008706,SIG-00963,2024-04-29 20:18:44.408422,912.68,out,wire,KY,EUR
TXN-00004178,SIG-00464,2023-12-18 02:32:32.607872,252.61,in,refund,US,USD
TXN-00001309,SIG-00138,2024-08-06 23:18:14.233652,3247.67,in,withdrawal,US,USD
TXN-00009107,SIG-01010,2024-08-21 00:54:28.000009,667.7,in,bill_pay,RU,USD
TXN-00003453,SIG-00385,2023-12-16 13:57:29.543936,4553.64,out,transfer,US,USD
TXN-00003696,SIG-00411,2024-07-21 01:42:06.156106,833.16,out,deposit,US,USD
TXN-00004243,SIG-00471,2024-02-06 20:46:12.192977,317.27,in,transfer,US,USD
TXN-00002199,SIG-00241,2024-11-30 04:44:00.776578,637.77,in,card_purchase,US,USD
TXN-00008967,SIG-00993,2024-07-04 16:16:50.770851,830.12,out,withdrawal,US,USD
TXN-00004426,SIG-00491,2024-07-03 10:43:13.442347,600.91,in,refund,TR,EUR
TXN-00006151,SIG-00691,2024-08-12 16:58:40.765198,265.63,out,deposit,US,USD
TXN-00000944,SIG-00099,2024-07-25 08:17:07.375257,1299.4,out,bill_pay,KY,EUR
TXN-00000823,SIG-00085,2024-02-09 18:39:08.909835,1240.32,in,deposit,US,USD
TXN-00005006,SIG-00560,2024-07-16 08:29:41.713665,5023.48,out,wire,US,USD
TXN-00006613,SIG-00741,2024-02-02 08:02:23.888200,1525.83,in,deposit,US,USD
TXN-00008357,SIG-00922,2024-08-05 16:13:35.969361,110.19,in,deposit,US,USD
TXN-00005620,SIG-00627,2024-11-02 12:50:09.790099,1276.16,in,payment,US,USD
TXN-00004548,SIG-00506,2023-12-12 13:24:44.214141,2215.91,out,deposit,US,USD
TXN-00002539,SIG-00279,2024-10-09 11:59:37.217678,20949.94,in,bill_pay,US,USD
TXN-00009504,SIG-01049,2024-02-01 19:07:23.246424,553.52,in,payment,RU,EUR
TXN-00005208,SIG-00578,2024-06-09 09:41:02.500230,482.33,in,payment,US,USD
TXN-00010373,SIG-01146,2024-02-24 07:16:08.580894,1224.87,out,transfer,US,USD
TXN-00009827,SIG-01085,2024-08-02 00:47:46.956531,277.27,in,payment,US,USD
TXN-00003055,SIG-00340,2024-06-18 13:17:45.735779,799.82,in,payment,US,USD
TXN-00003676,SIG-00409,2024-11-16 15:06:09.646643,342.84,out,wire,US,USD
TXN-00007777,SIG-00865,2024-02-28 02:41:08.105961,315.84,out,wire,TR,GBP
TXN-00007219,SIG-00809,2024-10-29 14:06:30.013889,67.46,out,bill_pay,US,USD
TXN-00006723,SIG-00751,2024-11-15 00:47:39.154106,325.81,in,bill_pay,US,USD
TXN-00003301,SIG-00366,2024-01-15 06:54:44.785711,55.08,in,deposit,US,USD
TXN-00003311,SIG-00368,2024-02-28 04:15:37.471701,1562.16,in,bill_pay,CN,EUR
TXN-00007222,SIG-00810,2024-09-27 17:33:55.615187,1082.82,in,bill_pay,US,USD
TXN-00008520,SIG-00943,2024-08-06 17:06:01.921012,786.23,in,card_purchase,US,USD
TXN-00005955,SIG-00665,2024-05-28 18:55:21.599061,469.98,out,payment,US,USD
TXN-00000833,SIG-00086,2024-11-06 18:19:00.993784,3085.35,out,payment,US,USD
TXN-00003463,SIG-00386,2024-05-11 17:00:11.962332,215.67,out,deposit,US,USD
TXN-00007644,SIG-00853,2024-08-16 05:49:39.804868,4078.73,in,transfer,US,USD
TXN-00000055,SIG-00006,2024-06-02 12:30:05.133207,289.55,out,card_purchase,US,USD
TXN-00003452,SIG-00385,2023-11-27 06:00:02.626836,476.47,out,payment,US,USD
TXN-00006306,SIG-00708,2024-11-27 15:17:32.535721,1798.34,in,deposit,US,USD
TXN-00001482,SIG-00160,2024-04-01 06:58:22.455485,1432.66,out,atm_withdrawal,US,USD
TXN-00004874,SIG-00544,2024-02-25 18:50:09.777416,37605.93,in,fx_exchange,US,USD
TXN-00008039,SIG-00889,2024-08-07 08:07:33.028856,329.27,out,transfer,US,USD
TXN-00003336,SIG-00370,2024-12-09 19:26:56.898832,671.38,in,deposit,UA,JPY
TXN-00006017,SIG-00673,2024-05-17 01:26:00.860150,1683.24,out,payment,US,USD
TXN-00004927,SIG-00550,2024-11-13 16:23:08.150109,1808.13,out,card_purchase,US,USD
TXN-00009139,SIG-01014,2024-08-29 09:40:57.232109,567.37,in,atm_withdrawal,US,USD
TXN-00005798,SIG-00650,2024-06-24 10:14:19.042055,684.01,out,payment,US,USD
TXN-00010710,SIG-01183,2024-11-27 20:33:58.258550,2941.16,out,payment,UA,JPY
TXN-00005084,SIG-00567,2024-10-21 10:27:22.949238,62.73,in,withdrawal,US,USD
TXN-00006646,SIG-00742,2024-12-21 22:58:06.460639,871.75,out,transfer,PA,CHF
TXN-00005491,SIG-00613,2024-10-30 10:38:14.164227,650.4,out,bill_pay,US,USD
TXN-00000769,SIG-00080,2024-03-21 19:08:27.661441,1014.32,in,card_purchase,US,USD
TXN-00002066,SIG-00224,2024-08-07 07:50:31.414501,1467.0,in,withdrawal,US,USD
TXN-00010358,SIG-01145,2024-07-30 19:17:03.843998,7665.57,out,wire,US,USD
TXN-00007312,SIG-00816,2024-08-11 14:55:16.163008,1899.84,out,card_purchase,US,USD
TXN-00008478,SIG-00938,2024-10-23 13:46:54.022675,344.81,out,refund,US,USD
TXN-00010824,SIG-01194,2024-06-30 02:06:47.623932,5243.8,out,payment,US,USD
TXN-00004525,SIG-00503,2024-12-08 11:05:38.074038,206.59,out,deposit,US,USD
TXN-00002718,SIG-00298,2024-03-17 06:31:37.325083,1175.33,out,payment,US,USD
TXN-00002080,SIG-00225,2024-11-30 08:11:22.723721,1102.21,in,atm_withdrawal,UA,CHF
TXN-00008915,SIG-00986,2024-09-16 11:11:42.571055,3130.41,in,deposit,US,USD
TXN-00000952,SIG-00099,2024-09-03 02:41:25.244598,439.31,out,bill_pay,US,USD
TXN-00008059,SIG-00893,2024-07-11 18:38:27.113681,1800.5,in,wire,US,USD
TXN-00002483,SIG-00272,2024-08-11 20:08:52.444639,5694.59,out,deposit,US,USD
TXN-00009182,SIG-01017,2024-10-29 15:04:08.769793,537.12,in,transfer,US,USD
TXN-00001760,SIG-00191,2024-01-31 17:54:08.497917,773.96,in,transfer,US,USD
TXN-00004423,SIG-00490,2024-11-06 16:28:05.824723,1881.28,in,transfer,PA,JPY
TXN-00006705,SIG-00749,2024-07-22 18:48:39.428038,1839.27,out,deposit,US,USD
TXN-00005183,SIG-00576,2024-08-10 09:25:16.704082,162.06,in,payment,US,USD
TXN-00008534,SIG-00944,2024-09-29 01:38:38.000449,278.77,out,payment,US,USD
TXN-00003702,SIG-00411,2024-07-19 19:28:27.839303,671.79,in,card_purchase,BR,GBP
TXN-00004244,SIG-00471,2024-01-16 22:38:32.616672,866.42,in,card_purchase,US,USD
TXN-00000689,SIG-00073,2024-04-06 14:17:02.879480,747.08,in,card_purchase,BR,EUR
TXN-00003433,SIG-00384,2024-10-15 23:07:42.448937,230.27,out,payment,US,USD
TXN-00004945,SIG-00552,2024-09-17 05:57:33.505005,1015.85,out,transfer,BR,CHF
TXN-00000967,SIG-00100,2024-07-31 17:56:55.326944,472.13,in,transfer,US,USD
TXN-00010341,SIG-01142,2024-02-03 15:47:35.537270,1260.26,out,payment,US,USD
TXN-00002714,SIG-00298,2024-03-08 21:10:31.286471,567.79,out,deposit,US,USD
TXN-00004758,SIG-00532,2024-07-31 11:02:41.219410,2992.31,out,transfer,US,USD
TXN-00010406,SIG-01149,2024-05-14 04:48:08.346327,281.6,out,payment,US,USD
TXN-00006321,SIG-00709,2024-06-19 08:39:47.121954,460.47,out,atm_withdrawal,US,USD
TXN-00005976,SIG-00668,2024-04-14 21:14:53.455522,543.49,out,card_purchase,US,USD
TXN-00003573,SIG-00397,2024-07-26 14:06:01.525117,4622.23,out,withdrawal,US,USD
TXN-00005300,SIG-00592,2024-02-11 10:36:55.204056,197.91,out,payment,US,USD
TXN-00001991,SIG-00213,2024-10-14 13:48:51.741706,4937.45,in,atm_withdrawal,IN,USD
TXN-00001206,SIG-00127,2024-05-25 11:14:13.539886,496.83,in,withdrawal,US,USD
TXN-00004972,SIG-00554,2024-12-17 22:47:22.129836,284.1,out,deposit,US,USD
TXN-00010599,SIG-01169,2024-08-10 00:03:08.518536,2531.61,out,fx_exchange,US,USD
TXN-00006784,SIG-00758,2024-02-20 06:16:09.956481,345.81,in,deposit,US,USD
TXN-00003601,SIG-00401,2024-11-14 15:51:50.363988,225.42,out,payment,US,USD
TXN-00006491,SIG-00728,2024-10-12 00:10:15.711862,1013.33,in,payment,PA,CHF
TXN-00008610,SIG-00953,2024-04-17 19:32:59.439273,959.96,in,payment,US,USD
TXN-00010871,SIG-01199,2024-08-19 19:58:08.129193,404.19,out,wire,RU,USD
TXN-00008071,SIG-00894,2024-01-25 04:55:53.533556,571.33,in,wire,US,USD
TXN-00008578,SIG-00949,2024-07-12 08:14:04.786178,217.26,in,transfer,PA,USD
TXN-00007974,SIG-00883,2024-01-10 03:38:49.082573,10713.18,in,withdrawal,US,USD
TXN-00001626,SIG-00175,2024-01-12 17:01:58.270970,1555.89,in,card_purchase,US,USD
TXN-00000537,SIG-00055,2024-09-20 08:33:37.071708,1903.81,in,card_purchase,KY,JPY
TXN-00008767,SIG-00972,2024-10-27 12:48:47.820883,3458.78,out,payment,CN,JPY
TXN-00007971,SIG-00883,2024-01-03 11:36:35.708829,714.85,in,bill_pay,US,USD
TXN-00004213,SIG-00467,2024-10-16 01:32:28.265647,1050.84,out,withdrawal,BR,JPY
TXN-00006457,SIG-00725,2024-08-27 22:08:04.157515,1505.7,out,transfer,US,USD
TXN-00003508,SIG-00391,2024-01-26 13:18:58.939391,26336.83,out,withdrawal,US,USD
TXN-00008394,SIG-00927,2024-01-05 15:18:14.602003,3892.53,out,deposit,AE,USD
TXN-00009525,SIG-01052,2024-02-23 04:43:42.740831,3114.66,out,transfer,US,USD
TXN-00007113,SIG-00794,2024-08-01 12:27:13.375258,5722.54,out,payment,US,USD
TXN-00002709,SIG-00297,2024-01-06 05:59:19.855225,594.14,out,payment,US,USD
TXN-00005032,SIG-00562,2024-05-31 23:23:28.107896,2204.33,out,transfer,US,USD
TXN-00006515,SIG-00730,2024-01-10 10:43:54.115608,140.17,in,payment,US,USD
TXN-00004663,SIG-00518,2024-09-06 08:33:51.678694,4153.44,in,bill_pay,US,USD
TXN-00004022,SIG-00449,2024-10-29 15:58:18.749235,440.87,in,transfer,US,USD
TXN-00001855,SIG-00200,2023-12-13 00:37:12.774819,4349.15,out,transfer,NG,EUR
TXN-00010275,SIG-01134,2024-03-15 22:17:15.694539,183.18,out,transfer,US,USD
TXN-00002873,SIG-00319,2024-11-21 22:10:15.434084,4789.14,in,transfer,US,USD
TXN-00003031,SIG-00337,2024-10-12 17:29:12.042654,952.79,in,card_purchase,PA,EUR
TXN-00009398,SIG-01037,2024-04-06 08:07:49.927296,4201.77,in,deposit,US,USD
TXN-00001646,SIG-00179,2024-08-02 20:16:55.825696,1515.0,out,payment,US,USD
TXN-00003418,SIG-00381,2024-10-20 16:12:50.203641,5671.87,out,wire,US,USD
TXN-00003477,SIG-00387,2024-04-30 00:16:12.053463,2949.61,in,payment,US,USD
TXN-00010413,SIG-01150,2024-11-27 04:02:53.926796,516.53,out,transfer,US,USD
TXN-00001793,SIG-00195,2024-11-25 19:29:21.970854,941.37,out,fx_exchange,US,USD
TXN-00003798,SIG-00420,2024-12-11 13:31:49.901016,92.46,out,card_purchase,US,USD
TXN-00003369,SIG-00374,2024-11-28 22:26:11.626505,4905.94,in,bill_pay,US,USD
TXN-00007197,SIG-00806,2024-10-10 07:24:30.487510,1170.34,in,payment,US,USD
TXN-00010511,SIG-01160,2024-03-08 05:40:31.476477,1114.36,out,deposit,US,USD
TXN-00005110,SIG-00570,2024-05-05 06:54:39.618405,1258.73,out,wire,US,USD
TXN-00006025,SIG-00675,2024-03-17 07:32:14.542004,248.59,out,deposit,US,USD
TXN-00008796,SIG-00973,2024-08-19 07:22:25.284555,3932.42,out,card_purchase,US,USD
TXN-00010132,SIG-01118,2024-04-26 07:37:51.963403,554.81,out,payment,US,USD
TXN-00000127,SIG-00012,2024-11-27 02:02:40.617055,1314.64,out,deposit,US,USD
TXN-00005960,SIG-00666,2024-04-05 22:53:10.711583,3571.11,in,payment,US,USD
TXN-00003877,SIG-00430,2024-08-03 04:24:10.984773,1400.69,in,fx_exchange,US,USD
TXN-00004452,SIG-00493,2024-03-25 11:56:16.338673,737.74,in,payment,US,USD
TXN-00007148,SIG-00799,2024-04-06 17:57:54.206915,854.45,out,withdrawal,US,USD
TXN-00003532,SIG-00393,2024-07-31 23:46:35.131608,254.62,in,bill_pay,US,USD
TXN-00000828,SIG-00085,2024-02-11 00:01:32.333355,617.2,out,bill_pay,AE,GBP
TXN-00009832,SIG-01086,2024-09-03 17:59:18.879939,2326.15,in,withdrawal,US,USD
TXN-00007791,SIG-00865,2024-02-21 02:43:20.511029,150.24,out,card_purchase,US,USD
TXN-00000985,SIG-00102,2024-06-14 14:53:25.124239,123.53,out,payment,US,USD
TXN-00007784,SIG-00865,2024-02-23 16:17:33.121415,1070.07,out,atm_withdrawal,US,USD
TXN-00002444,SIG-00269,2024-01-01 22:34:16.561368,1713.21,in,withdrawal,KY,JPY
TXN-00008555,SIG-00947,2023-12-26 00:52:10.048559,132.55,in,deposit,US,USD
TXN-00000346,SIG-00036,2024-06-30 23:14:51.707589,19812.99,out,wire,US,USD
TXN-00000815,SIG-00084,2024-10-30 18:27:53.271087,701.36,in,payment,US,USD
TXN-00006167,SIG-00693,2024-05-03 06:04:18.387756,2582.68,in,payment,US,USD
TXN-00005780,SIG-00648,2024-10-02 00:21:10.095801,1327.19,in,payment,UA,USD
TXN-00002117,SIG-00231,2024-06-20 04:23:13.925955,2671.12,in,payment,US,USD
TXN-00000794,SIG-00083,2024-11-18 12:24:14.824256,1284.99,in,withdrawal,US,USD
TXN-00006899,SIG-00771,2024-10-08 13:37:10.545477,1276.41,out,refund,US,USD
TXN-00002675,SIG-00293,2024-10-17 18:27:45.297454,1094.97,out,card_purchase,BR,CHF
TXN-00000095,SIG-00009,2024-06-09 01:07:55.538660,1601.93,in,withdrawal,PA,CHF
TXN-00004226,SIG-00469,2024-06-14 21:28:01.847202,5897.14,in,refund,US,USD
TXN-00003757,SIG-00416,2024-10-08 15:39:52.541665,2050.96,out,refund,US,USD
TXN-00002892,SIG-00320,2024-08-10 09:48:52.958382,179.82,in,atm_withdrawal,US,USD
TXN-00002372,SIG-00259,2024-02-18 02:54:34.773745,11921.38,out,payment,US,USD
TXN-00010235,SIG-01129,2024-10-06 17:12:42.071744,730.88,in,transfer,US,USD
TXN-00003229,SIG-00358,2024-12-07 16:28:42.094479,112.74,out,bill_pay,US,USD
TXN-00007864,SIG-00874,2024-12-13 05:58:27.078934,827.49,in,deposit,US,USD
TXN-00006360,SIG-00713,2024-05-02 07:33:29.392228,3236.9,in,withdrawal,US,USD
TXN-00010030,SIG-01106,2023-12-31 05:41:20.950992,1645.38,in,card_purchase,US,USD
TXN-00007327,SIG-00818,2024-02-25 21:12:32.528342,5809.62,out,deposit,RU,EUR
TXN-00006029,SIG-00675,2024-03-03 17:13:54.923991,201.21,in,payment,US,USD
TXN-00001866,SIG-00201,2024-12-09 03:12:50.526537,8251.25,in,fx_exchange,US,USD
TXN-00004613,SIG-00512,2024-06-26 19:58:02.992361,214.77,in,payment,US,USD
TXN-00002646,SIG-00291,2024-05-08 21:47:55.106087,877.26,out,wire,US,USD
TXN-00002244,SIG-00247,2024-05-23 16:46:46.579300,1376.78,out,atm_withdrawal,US,USD
TXN-00005374,SIG-00599,2024-01-22 12:59:50.829748,302.66,out,payment,US,USD
TXN-00002337,SIG-00256,2024-07-12 22:46:55.610659,3426.42,in,withdrawal,US,USD
TXN-00000951,SIG-00099,2024-08-29 04:30:36.884544,4081.85,out,transfer,US,USD
TXN-00001121,SIG-00118,2024-03-16 21:12:53.328475,133.47,in,payment,US,USD
TXN-00002205,SIG-00241,2024-12-05 14:54:49.000793,918.77,in,refund,RU,GBP
TXN-00000420,SIG-00042,2024-04-29 06:55:17.782174,434.57,in,wire,US,USD
TXN-00000923,SIG-00096,2024-09-12 14:20:57.549997,240.38,in,atm_withdrawal,US,USD
TXN-00009447,SIG-01042,2024-01-31 15:03:48.033127,158.11,in,atm_withdrawal,US,USD
TXN-00008670,SIG-00960,2024-10-05 13:13:55.032270,333.63,out,payment,AE,USD
TXN-00005409,SIG-00603,2024-02-08 18:48:52.772312,22724.08,in,transfer,US,USD
TXN-00005789,SIG-00649,2024-06-11 15:59:28.646499,3136.12,out,payment,US,USD
TXN-00005743,SIG-00644,2024-09-13 04:01:58.972994,428.97,out,payment,US,USD
TXN-00007668,SIG-00854,2024-04-19 01:56:35.367729,617.25,out,withdrawal,US,USD
TXN-00005568,SIG-00621,2024-05-01 17:32:35.233799,1014.33,in,card_purchase,US,USD
TXN-00008136,SIG-00899,2024-07-29 15:03:02.610075,2404.57,out,withdrawal,US,USD
TXN-00001203,SIG-00127,2024-05-26 13:52:20.316685,2518.72,in,deposit,UA,JPY
TXN-00005766,SIG-00646,2024-05-04 04:39:45.285921,1664.26,out,wire,US,USD
TXN-00008390,SIG-00926,2024-07-08 07:31:41.061522,161.28,in,payment,KY,JPY
TXN-00001971,SIG-00211,2024-10-26 04:34:03.908684,1115.99,out,transfer,US,USD
TXN-00004019,SIG-00449,2024-10-27 15:34:15.380463,12483.21,out,bill_pay,US,USD
TXN-00003688,SIG-00409,2024-11-04 04:37:37.646353,75.03,in,payment,TR,USD
TXN-00001998,SIG-00214,2024-07-11 14:14:53.027677,496.82,in,refund,US,USD
TXN-00004034,SIG-00450,2024-03-18 17:40:01.734249,332.41,in,deposit,KY,GBP
TXN-00001249,SIG-00133,2023-12-24 14:04:11.088169,885.91,in,deposit,TR,GBP
TXN-00002193,SIG-00241,2024-11-30 08:48:03.723845,8075.85,out,payment,US,USD
TXN-00002713,SIG-00298,2024-02-24 01:47:20.433435,194.56,out,deposit,US,USD
TXN-00009185,SIG-01017,2024-10-28 20:33:42.878887,203.42,out,atm_withdrawal,US,USD
TXN-00002191,SIG-00240,2024-10-12 19:15:13.480666,451.86,in,atm_withdrawal,RU,CHF
TXN-00004671,SIG-00519,2024-10-08 03:22:51.369938,603.51,out,bill_pay,US,USD
TXN-00005143,SIG-00573,2024-03-26 00:39:23.278816,1818.54,in,payment,US,USD
TXN-00005985,SIG-00669,2024-05-29 23:23:54.259057,1276.39,in,atm_withdrawal,US,USD
TXN-00006566,SIG-00734,2024-02-13 13:01:59.144081,724.49,in,withdrawal,US,USD
TXN-00007805,SIG-00867,2024-06-08 03:45:02.208787,1771.2,out,payment,US,USD
TXN-00006944,SIG-00776,2024-02-26 04:35:34.359315,12278.06,out,deposit,US,USD
TXN-00009511,SIG-01050,2024-08-20 02:02:55.032209,2172.84,in,transfer,RU,USD
TXN-00002137,SIG-00233,2024-05-17 16:36:54.141249,1845.68,out,refund,US,USD
TXN-00001066,SIG-00112,2024-11-18 22:43:05.314563,2450.8,in,transfer,US,USD
TXN-00000601,SIG-00061,2024-03-19 00:30:33.208887,336.72,in,transfer,US,USD
TXN-00004228,SIG-00469,2024-06-25 04:40:25.482358,171.96,out,withdrawal,US,USD
TXN-00007578,SIG-00846,2024-09-30 10:41:52.188562,2404.47,out,transfer,US,USD
TXN-00000078,SIG-00008,2024-05-12 17:45:13.981633,3867.97,in,bill_pay,US,USD
TXN-00007547,SIG-00842,2024-06-14 15:18:27.218154,1389.21,in,deposit,US,USD
TXN-00002899,SIG-00321,2024-09-03 17:56:52.424916,6528.76,out,atm_withdrawal,US,USD
TXN-00004821,SIG-00539,2024-03-22 19:24:17.960135,1330.34,in,atm_withdrawal,US,USD
TXN-00009507,SIG-01050,2024-08-19 07:17:15.084842,124.43,in,transfer,US,USD
TXN-00010142,SIG-01118,2024-05-22 07:31:47.731416,469.26,in,card_purchase,US,USD
TXN-00006414,SIG-00719,2024-04-23 22:06:43.662849,538.96,in,wire,US,USD
TXN-00009445,SIG-01042,2024-01-22 12:13:09.835970,1349.39,in,card_purchase,US,USD
TXN-00009065,SIG-01006,2024-12-10 04:30:03.964273,667.16,out,payment,IN,CHF
TXN-00008008,SIG-00887,2024-11-03 11:23:54.114132,1462.42,in,wire,US,USD
TXN-00005469,SIG-00610,2024-05-19 18:05:57.935707,2295.16,in,card_purchase,US,USD
TXN-00005952,SIG-00665,2024-06-06 10:46:11.502076,95.61,in,wire,US,USD
TXN-00003392,SIG-00376,2024-04-13 00:37:57.082253,894.08,out,transfer,NG,EUR
TXN-00005416,SIG-00605,2024-06-27 14:59:35.778057,1290.12,in,payment,US,USD
TXN-00002561,SIG-00281,2024-11-29 13:40:26.970366,212.8,out,card_purchase,US,USD
TXN-00010774,SIG-01190,2024-05-03 01:28:08.847567,8526.92,in,transfer,US,USD
TXN-00008163,SIG-00902,2024-01-15 21:06:12.951344,202.83,in,deposit,US,USD
TXN-00002636,SIG-00290,2023-12-31 05:57:14.994464,559.09,out,deposit,US,USD
TXN-00005257,SIG-00586,2024-01-23 01:59:58.070118,1855.89,out,payment,US,USD
TXN-00003531,SIG-00393,2024-07-21 14:25:27.316812,5032.35,out,payment,US,USD
TXN-00008568,SIG-00948,2024-05-04 14:07:07.769761,2007.64,in,refund,US,USD
TXN-00001909,SIG-00205,2024-11-27 08:59:23.077675,599.64,in,card_purchase,US,USD
TXN-00000236,SIG-00022,2024-12-10 00:45:54.061993,2110.7,in,card_purchase,US,USD
TXN-00001605,SIG-00173,2024-03-23 17:08:02.926288,265.68,in,transfer,US,USD
TXN-00007985,SIG-00883,2024-01-23 08:16:38.791803,36349.85,out,transfer,US,USD
TXN-00009311,SIG-01030,2024-12-06 12:24:47.715655,3644.38,in,withdrawal,US,USD
TXN-00003491,SIG-00388,2024-10-06 22:39:30.469410,16832.98,in,deposit,PA,EUR
TXN-00001995,SIG-00214,2024-07-11 20:43:11.528317,276.86,out,bill_pay,US,USD
TXN-00002825,SIG-00312,2024-03-07 23:27:40.329858,687.38,in,transfer,US,USD
TXN-00010123,SIG-01116,2024-11-18 09:18:01.569683,6899.38,out,payment,US,USD
TXN-00001343,SIG-00141,2024-08-14 04:50:15.624686,709.27,out,transfer,US,USD
TXN-00008513,SIG-00942,2024-06-24 19:57:35.982447,105.01,in,payment,US,USD
TXN-00001620,SIG-00175,2024-01-17 00:27:08.121231,638.26,in,bill_pay,US,USD
TXN-00005288,SIG-00590,2024-08-15 08:13:04.679791,518.83,in,transfer,US,USD
TXN-00002061,SIG-00224,2024-08-06 05:38:01.564057,45.8,out,bill_pay,AE,EUR
TXN-00010843,SIG-01196,2024-02-12 22:33:49.259973,1386.7,in,wire,US,USD
TXN-00002220,SIG-00244,2024-10-14 16:41:08.439996,3635.1,out,card_purchase,US,USD
TXN-00009866,SIG-01090,2024-07-03 20:38:46.499771,4506.52,out,atm_withdrawal,US,USD
TXN-00006039,SIG-00678,2024-01-29 17:51:01.404253,12357.67,in,transfer,US,USD
TXN-00000261,SIG-00026,2024-04-02 04:52:28.946871,376.61,out,deposit,US,USD
TXN-00010211,SIG-01126,2024-04-17 20:37:07.702243,3439.7,in,payment,KY,USD
TXN-00009094,SIG-01009,2024-09-02 09:37:33.135315,322.22,out,transfer,US,USD
TXN-00003745,SIG-00416,2024-09-30 01:47:32.038765,5168.91,in,card_purchase,US,USD
TXN-00002027,SIG-00219,2024-09-20 23:48:34.012634,487.33,in,refund,US,USD
TXN-00006989,SIG-00783,2024-06-22 15:14:29.547767,1875.9,out,transfer,CN,GBP
TXN-00004235,SIG-00470,2024-02-15 04:35:21.592742,10199.66,out,payment,US,USD
TXN-00001918,SIG-00206,2024-04-28 12:38:13.889449,808.59,out,wire,CN,JPY
TXN-00001829,SIG-00198,2024-11-21 18:58:52.966968,6607.86,out,deposit,US,USD
TXN-00009766,SIG-01081,2024-08-16 19:14:59.289742,1892.81,in,card_purchase,US,USD
TXN-00006234,SIG-00700,2024-08-02 00:51:36.060009,9856.17,in,fx_exchange,US,USD
TXN-00010176,SIG-01122,2024-11-09 02:38:37.778690,867.2,in,refund,UA,GBP
TXN-00006284,SIG-00705,2024-11-20 02:44:49.138440,9711.01,in,bill_pay,US,USD
TXN-00004209,SIG-00467,2024-10-15 10:02:48.754916,136.56,out,payment,US,USD
TXN-00000225,SIG-00021,2024-09-29 22:26:42.794976,1858.99,out,fx_exchange,UA,EUR
TXN-00008916,SIG-00986,2024-09-13 08:10:03.656847,2141.93,in,withdrawal,US,USD
TXN-00009334,SIG-01031,2024-06-24 17:37:58.947975,262.6,in,refund,US,USD
TXN-00006470,SIG-00726,2024-09-24 08:06:22.139599,992.58,out,bill_pay,US,USD
TXN-00010262,SIG-01133,2024-03-06 03:44:42.556099,1691.77,in,card_purchase,NG,EUR
TXN-00000847,SIG-00088,2024-02-27 17:11:01.636889,1349.4,out,wire,US,USD
TXN-00004290,SIG-00476,2024-11-27 18:14:53.139128,1753.99,in,bill_pay,NG,JPY
TXN-00005561,SIG-00620,2024-11-02 09:54:06.058313,496.83,in,card_purchase,US,USD
TXN-00002552,SIG-00280,2024-08-04 07:16:01.596884,337.44,out,bill_pay,UA,USD
TXN-00000118,SIG-00011,2024-01-06 09:00:42.205169,380.56,in,refund,US,USD
TXN-00008838,SIG-00977,2024-07-30 15:33:47.130107,5354.64,in,deposit,US,USD
TXN-00005967,SIG-00666,2024-04-05 17:39:30.099805,2708.85,in,payment,US,USD
TXN-00008196,SIG-00906,2024-04-16 03:40:18.005506,278.93,out,atm_withdrawal,US,USD
TXN-00008660,SIG-00959,2024-09-02 16:13:05.910771,536.14,out,transfer,US,USD
TXN-00007490,SIG-00837,2024-09-17 20:25:42.806319,321.33,in,payment,US,USD
TXN-00000006,SIG-00001,2024-04-10 01:49:06.648721,1200.33,in,atm_withdrawal,UA,GBP
TXN-00005343,SIG-00597,2024-06-20 20:04:20.101726,574.12,in,transfer,US,USD
TXN-00009112,SIG-01011,2024-05-02 04:06:11.033308,119.63,out,transfer,US,USD
TXN-00004325,SIG-00478,2023-12-30 02:04:27.122094,179.13,out,atm_withdrawal,US,USD
TXN-00001064,SIG-00112,2024-11-22 17:51:49.641648,3076.04,in,withdrawal,US,USD
TXN-00002591,SIG-00284,2024-11-17 03:49:04.218762,561.65,out,card_purchase,UA,CHF
TXN-00008435,SIG-00933,2024-08-15 14:40:42.168298,244.36,out,atm_withdrawal,US,USD
TXN-00009353,SIG-01033,2024-10-09 21:08:06.862841,264.15,in,payment,US,USD
TXN-00003736,SIG-00415,2024-04-22 20:50:26.180818,1276.69,in,bill_pay,US,USD
TXN-00003518,SIG-00392,2024-01-15 04:55:43.402135,604.13,out,refund,US,USD
TXN-00006987,SIG-00783,2024-06-20 06:42:59.787526,5282.17,in,bill_pay,US,USD
TXN-00006768,SIG-00757,2024-02-28 15:36:47.016481,5113.35,out,withdrawal,US,USD
TXN-00005623,SIG-00628,2024-03-22 00:16:00.277929,650.89,in,card_purchase,US,USD
TXN-00001606,SIG-00173,2024-04-20 07:30:19.019080,841.61,out,withdrawal,US,USD
TXN-00001734,SIG-00188,2024-03-04 05:06:25.960772,1141.41,out,atm_withdrawal,US,USD
TXN-00010185,SIG-01123,2024-02-20 23:03:06.315599,4316.27,out,deposit,IN,CHF
TXN-00009505,SIG-01049,2024-02-13 21:23:40.790944,997.4,in,payment,IN,USD
TXN-00003813,SIG-00423,2024-06-22 00:21:14.532822,390.12,in,deposit,US,USD
TXN-00010563,SIG-01165,2024-03-29 13:34:45.175485,9104.74,out,withdrawal,PA,CHF
TXN-00001762,SIG-00191,2024-02-07 05:59:30.627469,273.7,out,payment,US,USD
TXN-00005402,SIG-00603,2024-02-09 17:01:06.114146,4476.74,out,atm_withdrawal,US,USD
TXN-00002740,SIG-00300,2024-03-08 18:57:40.346019,11309.56,in,payment,US,USD
TXN-00002473,SIG-00271,2024-07-22 06:16:27.455865,187.36,in,payment,US,USD
TXN-00006739,SIG-00753,2024-01-28 22:36:03.005840,457.61,in,card_purchase,TR,CHF
TXN-00006892,SIG-00771,2024-09-30 00:07:46.599623,654.57,in,atm_withdrawal,US,USD
TXN-00007944,SIG-00881,2024-06-19 06:27:47.520313,1642.94,in,fx_exchange,US,USD
TXN-00009686,SIG-01070,2024-04-02 11:14:31.219731,1406.81,in,deposit,US,USD
TXN-00004207,SIG-00466,2024-12-23 12:23:51.063009,72.28,out,atm_withdrawal,KY,USD
TXN-00006372,SIG-00714,2024-02-06 16:54:46.277311,4320.17,in,wire,US,USD
TXN-00009362,SIG-01034,2023-12-24 13:20:45.217374,264.44,in,payment,US,USD
TXN-00000233,SIG-00022,2024-12-13 23:28:54.853235,309.72,in,fx_exchange,US,USD
TXN-00008259,SIG-00912,2024-06-10 19:15:44.703640,319.6,out,transfer,US,USD
TXN-00007562,SIG-00844,2024-02-22 16:42:10.194637,864.91,out,payment,US,USD
TXN-00009796,SIG-01083,2024-06-11 10:51:14.087949,6693.04,out,payment,US,USD
TXN-00006169,SIG-00693,2024-04-19 22:00:31.400288,381.77,in,card_purchase,US,USD
TXN-00003597,SIG-00401,2024-12-06 22:06:02.118099,2233.67,out,transfer,NG,EUR
TXN-00006289,SIG-00706,2024-03-29 17:03:57.596373,4685.55,in,deposit,US,USD
TXN-00004633,SIG-00515,2024-11-24 15:01:55.491904,391.32,in,transfer,US,USD
TXN-00000126,SIG-00012,2024-11-26 23:13:57.936326,6591.67,out,transfer,TR,GBP
TXN-00007642,SIG-00852,2024-12-11 22:10:31.737745,418.24,out,card_purchase,US,USD
TXN-00006230,SIG-00700,2024-07-30 23:51:33.935864,1231.66,out,withdrawal,AE,JPY
TXN-00001297,SIG-00136,2024-02-28 15:59:36.557548,401.04,in,withdrawal,US,USD
TXN-00001977,SIG-00211,2024-10-27 06:49:24.741912,1315.83,out,withdrawal,US,USD
TXN-00010337,SIG-01141,2024-08-26 11:45:48.812455,3054.77,out,payment,NG,CHF
TXN-00010288,SIG-01135,2024-06-29 05:41:43.948124,1507.26,in,card_purchase,US,USD
TXN-00005751,SIG-00644,2024-09-13 13:32:43.378279,2003.66,out,payment,US,USD
TXN-00008153,SIG-00901,2024-09-01 05:39:38.572619,807.72,in,deposit,NG,CHF
TXN-00003087,SIG-00344,2024-05-01 23:15:45.235164,170.29,out,transfer,US,USD
TXN-00010114,SIG-01116,2024-12-03 08:22:45.650937,2232.72,in,transfer,US,USD
TXN-00006883,SIG-00770,2024-02-08 21:22:33.722250,20027.85,in,payment,US,USD
TXN-00010146,SIG-01118,2024-04-24 13:50:00.657579,7574.65,out,deposit,US,USD
TXN-00007674,SIG-00855,2024-02-21 01:08:44.093134,300.43,in,refund,US,USD
TXN-00003346,SIG-00372,2024-03-08 17:31:10.997078,779.71,in,atm_withdrawal,US,USD
TXN-00008173,SIG-00903,2024-10-19 15:28:48.143039,2211.74,out,card_purchase,US,USD
TXN-00010270,SIG-01134,2024-03-10 01:36:29.781923,523.93,out,transfer,US,USD
TXN-00005871,SIG-00657,2024-11-12 18:04:51.593064,4646.28,out,transfer,US,USD
TXN-00006507,SIG-00729,2024-03-05 02:57:51.487511,11810.81,out,wire,US,USD
TXN-00002798,SIG-00308,2024-10-14 05:16:44.733949,7019.92,in,transfer,US,USD
TXN-00000919,SIG-00096,2024-09-12 17:14:54.847317,8687.72,in,bill_pay,US,USD
TXN-00001647,SIG-00179,2024-08-13 12:40:58.424303,43.0,in,withdrawal,NG,USD
TXN-00005123,SIG-00571,2024-10-08 16:17:26.974089,12401.98,out,wire,US,USD
TXN-00005127,SIG-00571,2024-10-06 07:35:20.622865,2176.6,in,withdrawal,KY,GBP
TXN-00004622,SIG-00513,2024-10-14 07:24:23.533432,1511.89,in,deposit,US,USD
TXN-00006810,SIG-00761,2024-11-22 22:57:20.173423,7275.03,out,payment,US,USD
TXN-00000365,SIG-00037,2024-03-19 23:02:52.596616,375.82,in,payment,US,USD
TXN-00002126,SIG-00231,2024-06-22 01:47:55.873369,2415.32,out,transfer,TR,USD
TXN-00008151,SIG-00901,2024-08-30 23:57:45.413688,463.2,in,payment,US,USD
TXN-00008718,SIG-00965,2024-08-24 18:00:45.109374,7095.05,in,card_purchase,US,USD
TXN-00000056,SIG-00006,2024-05-24 06:14:10.523115,4840.39,in,payment,US,USD
TXN-00000639,SIG-00064,2024-09-17 13:42:09.204946,426.54,in,payment,US,USD
TXN-00000303,SIG-00032,2024-10-27 01:01:36.014456,1115.03,in,transfer,US,USD
TXN-00005812,SIG-00651,2024-02-05 14:19:20.191745,438.01,in,transfer,KY,CHF
TXN-00001277,SIG-00134,2024-03-07 12:59:13.046945,1772.03,in,transfer,US,USD
TXN-00004433,SIG-00491,2024-07-01 13:10:54.438077,6772.63,in,transfer,US,USD
TXN-00003645,SIG-00406,2024-07-17 17:17:09.337574,1665.09,in,withdrawal,US,USD
TXN-00004144,SIG-00460,2024-01-07 05:58:21.221723,458.01,in,payment,US,USD
TXN-00002879,SIG-00319,2024-11-14 06:12:10.226051,9849.19,out,transfer,US,USD
TXN-00006494,SIG-00728,2024-11-05 22:45:12.199580,601.54,in,deposit,US,USD
TXN-00005241,SIG-00584,2024-09-12 02:58:33.963727,129.54,in,bill_pay,US,USD
TXN-00010256,SIG-01132,2024-05-18 06:27:41.177149,28669.66,out,card_purchase,US,USD
TXN-00006938,SIG-00775,2024-09-11 09:58:29.865840,2499.08,in,deposit,US,USD
TXN-00007241,SIG-00811,2024-11-29 02:17:43.709073,20223.26,in,fx_exchange,US,USD
TXN-00009946,SIG-01099,2024-04-23 00:30:25.937916,72.65,out,transfer,US,USD
TXN-00002594,SIG-00284,2024-10-11 15:49:36.846284,3517.84,in,deposit,US,USD
TXN-00002394,SIG-00261,2024-04-07 22:33:48.483411,1041.48,out,deposit,US,USD
TXN-00000524,SIG-00053,2024-11-22 02:36:08.838717,581.19,in,withdrawal,US,USD
TXN-00006377,SIG-00715,2024-06-21 15:49:41.765757,7363.62,out,atm_withdrawal,US,USD
TXN-00006982,SIG-00783,2024-06-25 17:17:20.114952,661.0,in,withdrawal,US,USD
TXN-00006678,SIG-00746,2024-09-10 11:45:58.894296,278.27,in,deposit,IN,USD
TXN-00003901,SIG-00434,2024-02-15 02:57:58.124680,728.14,out,payment,US,USD
TXN-00010503,SIG-01159,2024-11-18 21:50:48.553697,20102.53,out,deposit,US,USD
TXN-00005586,SIG-00624,2024-07-15 14:42:31.281854,1793.57,in,card_purchase,US,USD
TXN-00010206,SIG-01125,2024-02-27 02:06:34.681404,6490.5,in,refund,US,USD
TXN-00007957,SIG-00882,2024-06-08 12:42:41.850142,1756.42,out,withdrawal,US,USD
TXN-00007571,SIG-00844,2024-02-19 00:13:42.739385,2601.29,in,transfer,RU,GBP
TXN-00006778,SIG-00757,2024-02-22 00:52:54.708279,1112.07,in,card_purchase,US,USD
TXN-00000672,SIG-00070,2024-04-25 18:59:15.033623,650.81,in,fx_exchange,PA,GBP
TXN-00004189,SIG-00465,2024-11-24 10:20:57.863720,1910.4,in,payment,US,USD
TXN-00000667,SIG-00069,2024-11-09 05:45:04.573040,1118.82,in,atm_withdrawal,US,USD
TXN-00003267,SIG-00362,2024-07-10 21:24:51.598349,709.61,out,bill_pay,US,USD
TXN-00001888,SIG-00203,2024-11-15 16:35:46.406248,98.24,out,card_purchase,US,USD
TXN-00008473,SIG-00938,2024-10-28 08:33:17.241209,699.27,out,payment,US,USD
TXN-00009912,SIG-01096,2024-04-07 13:21:05.456567,1554.27,out,atm_withdrawal,US,USD
TXN-00009092,SIG-01009,2024-09-03 01:16:58.617457,2246.53,in,refund,US,USD
TXN-00007688,SIG-00856,2024-10-06 20:00:35.828560,1233.7,out,transfer,US,USD
TXN-00006032,SIG-00676,2024-03-25 01:00:55.128781,1367.31,in,card_purchase,US,USD
TXN-00006091,SIG-00684,2024-09-24 21:17:26.789767,5325.27,in,withdrawal,US,USD
TXN-00006239,SIG-00701,2024-05-17 03:42:52.455827,1655.93,in,payment,US,USD
TXN-00007351,SIG-00820,2024-04-27 14:09:03.275201,135.41,in,atm_withdrawal,US,USD
TXN-00007831,SIG-00870,2024-06-01 03:11:27.672381,1277.99,in,deposit,UA,GBP
TXN-00000761,SIG-00079,2024-05-03 07:15:27.472139,1575.82,in,payment,CN,JPY
TXN-00006255,SIG-00702,2024-09-27 11:01:07.648315,2440.1,in,wire,US,USD
TXN-00001907,SIG-00204,2024-05-28 10:40:45.737003,534.89,out,withdrawal,US,USD
TXN-00003819,SIG-00424,2023-12-17 13:57:35.624959,4328.42,in,payment,US,USD
TXN-00006270,SIG-00705,2024-11-21 19:50:02.942545,312.81,out,deposit,US,USD
TXN-00004301,SIG-00477,2024-09-09 08:35:02.676593,12578.77,in,deposit,US,USD
TXN-00005570,SIG-00621,2024-05-11 02:23:17.744285,246.34,in,deposit,US,USD
TXN-00007942,SIG-00880,2024-05-02 23:05:47.835028,25851.98,in,transfer,UA,CHF
TXN-00004165,SIG-00462,2024-02-27 22:15:50.973893,629.19,in,payment,IN,JPY
TXN-00005972,SIG-00667,2024-10-24 13:54:07.559778,4870.03,out,bill_pay,US,USD
TXN-00003580,SIG-00398,2024-06-03 04:50:23.692914,5020.52,in,card_purchase,US,USD
TXN-00002833,SIG-00313,2024-03-08 12:15:24.775206,238.93,in,bill_pay,US,USD
TXN-00005450,SIG-00609,2023-12-19 10:56:18.951280,4645.89,in,wire,US,USD
TXN-00003473,SIG-00387,2024-05-06 04:26:40.507112,2047.2,out,transfer,US,USD
TXN-00006328,SIG-00710,2024-08-27 19:48:05.785778,2308.7,in,atm_withdrawal,US,USD
TXN-00000138,SIG-00015,2024-10-06 07:10:09.854625,1140.1,out,fx_exchange,US,USD
TXN-00007044,SIG-00788,2024-01-20 03:14:01.076327,4883.2,out,wire,US,USD
TXN-00004893,SIG-00545,2024-05-14 13:10:03.016650,29641.51,out,payment,US,USD
TXN-00002181,SIG-00240,2024-10-07 03:13:04.288984,6179.93,in,transfer,US,USD
TXN-00007731,SIG-00860,2024-03-18 05:40:58.566350,605.03,out,fx_exchange,TR,USD
TXN-00003178,SIG-00353,2024-06-28 04:23:11.346419,10673.53,in,wire,US,USD
TXN-00004855,SIG-00542,2024-04-13 18:24:16.021541,28224.17,in,transfer,TR,EUR
TXN-00004638,SIG-00515,2024-11-19 17:44:14.887982,692.15,out,withdrawal,US,USD
TXN-00005116,SIG-00571,2024-10-22 00:51:36.945867,3089.33,in,transfer,IN,EUR
TXN-00010141,SIG-01118,2024-05-05 03:03:41.665006,511.8,in,card_purchase,US,USD
TXN-00007649,SIG-00853,2024-08-05 22:57:16.887444,2047.62,in,deposit,US,USD
TXN-00004262,SIG-00473,2024-07-29 02:05:27.998599,363.16,out,wire,US,USD
TXN-00001332,SIG-00140,2024-08-25 11:18:04.806224,4025.63,out,transfer,AE,EUR
TXN-00007003,SIG-00785,2024-07-15 17:28:33.012452,1918.87,in,wire,US,USD
TXN-00009551,SIG-01054,2024-09-06 10:22:48.452303,13156.03,out,refund,NG,GBP
TXN-00006942,SIG-00775,2024-09-24 18:48:01.826016,1614.69,out,fx_exchange,US,USD
TXN-00008018,SIG-00887,2024-11-10 07:26:14.111869,496.85,out,atm_withdrawal,US,USD
TXN-00006242,SIG-00702,2024-10-08 11:32:12.760324,157.3,out,card_purchase,US,USD
TXN-00009522,SIG-01051,2024-08-11 03:05:34.005871,2243.93,in,payment,US,USD
TXN-00010880,SIG-01200,2024-04-30 05:05:58.945572,214.19,in,transfer,US,USD
TXN-00006882,SIG-00770,2024-02-04 14:20:50.468355,6568.82,out,deposit,TR,JPY
TXN-00004531,SIG-00504,2024-08-20 07:54:35.138991,6014.05,out,deposit,US,USD
TXN-00004674,SIG-00520,2024-08-19 21:03:37.846471,4672.84,out,transfer,IN,JPY
TXN-00006997,SIG-00784,2024-02-24 01:48:39.920011,994.2,out,payment,US,USD
TXN-00001253,SIG-00133,2024-01-06 07:26:54.444878,2154.75,out,transfer,US,USD
TXN-00003375,SIG-00374,2024-12-11 02:40:48.403145,2694.78,out,deposit,US,USD
TXN-00002815,SIG-00311,2024-11-11 18:56:23.189020,36973.6,out,card_purchase,US,USD
TXN-00004720,SIG-00526,2024-07-13 04:50:17.338430,689.37,out,card_purchase,US,USD
TXN-00006545,SIG-00733,2024-05-25 01:48:01.294575,220.63,in,transfer,US,USD
TXN-00010041,SIG-01107,2024-04-18 20:35:50.054886,1171.98,out,payment,US,USD
TXN-00004859,SIG-00542,2024-04-13 18:58:40.128092,1000.05,out,withdrawal,US,USD
TXN-00007902,SIG-00876,2024-01-04 16:40:00.591015,555.99,out,payment,UA,JPY
TXN-00008581,SIG-00949,2024-06-30 14:31:41.360074,972.51,in,payment,US,USD
TXN-00008428,SIG-00932,2024-07-26 09:37:06.164077,112.41,out,refund,UA,JPY
TXN-00001078,SIG-00113,2024-07-18 18:27:47.547535,6291.99,in,wire,TR,JPY
TXN-00004364,SIG-00482,2024-07-04 13:00:19.750711,220.03,out,payment,TR,CHF
TXN-00000771,SIG-00080,2024-03-31 17:37:29.509848,1207.72,in,deposit,BR,JPY
TXN-00008866,SIG-00980,2024-05-01 09:21:13.681506,973.65,out,atm_withdrawal,US,USD
TXN-00000250,SIG-00024,2024-02-12 02:02:28.594013,4673.79,in,payment,US,USD
TXN-00009767,SIG-01081,2024-08-14 07:07:05.617167,204.14,in,withdrawal,US,USD
TXN-00007240,SIG-00811,2024-12-06 22:59:55.386260,3185.48,in,wire,UA,JPY
TXN-00003420,SIG-00382,2024-07-03 08:12:42.359290,1996.48,in,wire,US,USD
TXN-00010016,SIG-01106,2024-01-27 05:23:35.954298,7330.15,out,transfer,US,USD
TXN-00004977,SIG-00555,2024-02-11 18:03:26.504690,4927.68,out,payment,US,USD
TXN-00004545,SIG-00506,2023-12-13 19:57:52.458086,5679.2,in,deposit,US,USD
TXN-00005566,SIG-00621,2024-05-12 22:46:28.341876,776.97,in,withdrawal,US,USD
TXN-00007940,SIG-00880,2024-05-02 18:57:48.304370,1235.3,in,transfer,US,USD
TXN-00000717,SIG-00075,2024-04-07 05:48:17.274932,1418.55,in,withdrawal,US,USD
TXN-00010523,SIG-01161,2024-01-01 02:49:54.570032,1628.1,in,wire,NG,CHF
TXN-00002049,SIG-00222,2024-12-11 23:36:49.032574,9759.54,in,card_purchase,US,USD
TXN-00005998,SIG-00671,2024-07-14 04:02:30.531720,2328.02,in,card_purchase,BR,EUR
TXN-00006601,SIG-00739,2024-10-22 02:14:40.069100,5789.54,in,wire,US,USD
TXN-00007246,SIG-00812,2024-03-07 16:25:51.790280,3035.7,out,fx_exchange,CN,EUR
TXN-00004179,SIG-00464,2024-01-06 03:18:21.966221,2533.83,in,deposit,US,USD
TXN-00004810,SIG-00537,2024-01-22 02:00:07.100124,2410.49,out,transfer,KY,CHF
TXN-00010339,SIG-01142,2024-02-18 01:09:54.992005,1527.38,in,payment,US,USD
TXN-00007141,SIG-00799,2024-04-04 21:54:21.952861,1853.5,in,card_purchase,US,USD
TXN-00007191,SIG-00805,2024-11-27 04:07:50.692245,3891.82,in,atm_withdrawal,UA,GBP
TXN-00001461,SIG-00158,2024-04-20 04:35:16.305519,1469.85,out,bill_pay,CN,EUR
TXN-00005990,SIG-00670,2024-03-08 08:52:22.603491,468.83,out,withdrawal,US,USD
TXN-00009861,SIG-01090,2024-06-27 16:44:26.748248,4257.54,in,fx_exchange,KY,GBP
TXN-00002001,SIG-00215,2024-06-14 07:50:28.382618,574.09,out,refund,US,USD
TXN-00008176,SIG-00903,2024-10-24 13:23:10.890068,1117.18,out,deposit,US,USD
TXN-00000405,SIG-00040,2024-07-22 01:02:39.259859,224.45,in,transfer,US,USD
TXN-00000385,SIG-00039,2024-02-11 06:24:16.812871,1557.78,in,fx_exchange,US,USD
TXN-00010302,SIG-01137,2024-08-25 01:04:13.347381,895.19,in,transfer,US,USD
TXN-00010344,SIG-01143,2024-10-17 22:20:27.716997,1177.88,in,atm_withdrawal,AE,CHF
TXN-00001634,SIG-00177,2024-01-05 03:03:50.018482,641.77,in,payment,US,USD
TXN-00010416,SIG-01150,2024-12-20 18:52:49.061566,2328.9,out,transfer,AE,JPY
TXN-00004785,SIG-00534,2024-09-21 21:03:57.760592,420.33,out,card_purchase,TR,CHF
TXN-00010313,SIG-01139,2023-12-21 05:04:32.134374,7415.87,in,transfer,US,USD
TXN-00006971,SIG-00780,2024-02-09 23:05:52.666794,460.1,out,withdrawal,US,USD
TXN-00003926,SIG-00438,2024-05-20 03:40:03.079558,636.54,in,transfer,AE,USD
TXN-00004159,SIG-00462,2024-02-29 16:13:23.582932,2097.33,in,payment,US,USD
TXN-00007450,SIG-00831,2024-02-20 19:00:51.385158,2705.45,out,atm_withdrawal,US,USD
TXN-00008416,SIG-00931,2024-07-13 23:46:22.102164,2410.07,in,withdrawal,PA,JPY
TXN-00002194,SIG-00241,2024-12-01 10:54:11.555273,9266.55,in,transfer,US,USD
TXN-00010017,SIG-01106,2024-01-07 09:32:05.779432,1435.54,out,atm_withdrawal,US,USD
TXN-00001016,SIG-00105,2024-09-24 18:23:40.888925,1328.88,in,transfer,US,USD
TXN-00005125,SIG-00571,2024-10-10 17:03:24.223922,4821.92,in,transfer,US,USD
TXN-00007419,SIG-00828,2024-04-11 08:13:55.998262,1285.08,out,transfer,US,USD
TXN-00007410,SIG-00826,2024-07-13 06:52:38.330322,1154.23,out,payment,US,USD
TXN-00008990,SIG-00997,2024-02-13 11:30:14.376768,4338.43,out,card_purchase,CN,USD
TXN-00002872,SIG-00319,2024-11-20 05:50:27.802241,2222.94,out,payment,US,USD
TXN-00000010,SIG-00002,2024-10-05 12:24:56.927769,4346.11,out,atm_withdrawal,US,USD
TXN-00010137,SIG-01118,2024-05-23 20:51:08.417466,2593.69,out,transfer,US,USD
TXN-00001839,SIG-00198,2024-12-05 01:07:58.039236,1534.88,in,wire,US,USD
TXN-00004805,SIG-00537,2024-01-17 09:41:30.849810,1025.06,in,wire,US,USD
TXN-00000256,SIG-00025,2024-01-18 18:10:09.550013,411.26,out,deposit,US,USD
TXN-00007027,SIG-00786,2024-05-27 21:35:05.432996,331.43,out,payment,US,USD
TXN-00005714,SIG-00639,2024-03-14 12:45:26.983605,1864.64,in,withdrawal,US,USD
TXN-00003325,SIG-00369,2024-06-21 20:18:44.507781,700.79,out,deposit,TR,GBP
TXN-00007715,SIG-00859,2024-04-23 07:44:10.848290,281.26,out,withdrawal,RU,EUR
TXN-00001582,SIG-00171,2024-08-23 08:03:36.610522,2699.66,out,wire,US,USD
TXN-00000925,SIG-00096,2024-09-10 07:21:29.383892,103.08,in,fx_exchange,US,USD
TXN-00002780,SIG-00306,2024-05-14 22:54:22.487766,422.87,out,deposit,US,USD
TXN-00007892,SIG-00876,2024-01-10 07:56:28.343787,31821.66,in,atm_withdrawal,US,USD
TXN-00006133,SIG-00687,2024-11-19 13:57:32.422530,6762.7,out,wire,US,USD
TXN-00005321,SIG-00594,2024-09-06 02:32:18.954474,256.92,out,deposit,US,USD
TXN-00007313,SIG-00816,2024-08-14 00:07:53.768202,6988.64,in,card_purchase,US,USD
TXN-00007103,SIG-00794,2024-07-28 06:56:26.754238,3568.86,in,wire,US,USD
TXN-00006043,SIG-00678,2024-01-27 01:04:39.837712,798.98,out,atm_withdrawal,US,USD
TXN-00003776,SIG-00418,2024-02-15 21:53:31.908098,544.65,out,fx_exchange,BR,USD
TXN-00004836,SIG-00540,2024-08-25 01:56:17.826711,695.73,out,deposit,US,USD
TXN-00004965,SIG-00553,2024-09-22 04:19:42.644778,3908.9,out,payment,BR,CHF
TXN-00000540,SIG-00055,2024-09-21 06:33:38.543111,6576.29,in,deposit,US,USD
TXN-00007484,SIG-00836,2024-02-10 06:35:15.124368,856.26,in,payment,US,USD
TXN-00002746,SIG-00301,2024-06-24 20:55:09.467180,2769.35,out,card_purchase,US,USD
TXN-00003720,SIG-00413,2024-04-02 17:44:45.954232,667.27,out,withdrawal,US,USD
TXN-00006820,SIG-00762,2024-04-23 20:37:22.040116,2618.76,in,bill_pay,IN,USD
TXN-00009338,SIG-01032,2024-07-30 01:50:59.389577,315.22,out,wire,US,USD
TXN-00004469,SIG-00495,2024-12-17 13:14:06.049882,2963.72,out,transfer,KY,USD
TXN-00000668,SIG-00069,2024-11-05 07:54:21.890826,881.5,out,payment,US,USD
TXN-00007576,SIG-00845,2024-12-14 14:50:33.203945,262.83,out,bill_pay,US,USD
TXN-00008550,SIG-00946,2024-09-19 18:36:11.110854,1790.34,out,atm_withdrawal,US,USD
TXN-00005064,SIG-00565,2024-02-29 08:06:49.269354,2655.07,out,card_purchase,PA,JPY
TXN-00001354,SIG-00143,2024-08-04 09:32:37.331204,864.61,out,transfer,US,USD
TXN-00007115,SIG-00795,2024-01-05 01:48:23.416649,1002.02,in,refund,US,USD
TXN-00010649,SIG-01175,2024-12-18 05:36:22.530258,338.81,in,deposit,US,USD
TXN-00008663,SIG-00960,2024-10-16 21:24:06.805047,324.91,in,withdrawal,US,USD
TXN-00002704,SIG-00297,2023-12-27 05:44:14.205074,2200.36,out,card_purchase,US,USD
TXN-00003331,SIG-00370,2024-12-02 17:39:23.922470,18022.66,in,fx_exchange,IN,USD
TXN-00008054,SIG-00892,2024-12-11 21:26:59.290607,356.28,in,atm_withdrawal,US,USD
TXN-00009589,SIG-01061,2024-10-20 23:24:09.431655,403.16,out,card_purchase,US,USD
TXN-00003585,SIG-00399,2024-11-13 10:16:39.891051,138.61,in,card_purchase,US,USD
TXN-00010294,SIG-01135,2024-07-01 19:34:25.367671,7630.25,in,refund,US,USD
TXN-00005646,SIG-00631,2024-11-04 06:21:46.608772,258.14,out,fx_exchange,US,USD
TXN-00003377,SIG-00374,2024-12-03 19:40:59.000184,1071.04,out,payment,US,USD
TXN-00001257,SIG-00133,2023-12-27 02:19:11.901959,2629.82,in,card_purchase,US,USD
TXN-00006191,SIG-00695,2024-12-16 08:21:48.907948,1016.81,out,payment,US,USD
TXN-00009443,SIG-01041,2024-08-25 11:50:41.811965,6709.14,in,withdrawal,US,USD
TXN-00005349,SIG-00598,2023-12-21 21:26:42.439881,86.3,in,atm_withdrawal,US,USD
TXN-00004176,SIG-00463,2024-03-25 15:04:49.946070,2340.87,in,bill_pay,US,USD
TXN-00004911,SIG-00548,2024-09-27 15:32:13.421087,270.86,in,payment,US,USD
TXN-00001853,SIG-00200,2023-12-13 20:30:17.915306,1457.04,in,bill_pay,US,USD
TXN-00006317,SIG-00708,2024-11-23 15:36:11.367541,3222.8,out,deposit,US,USD
TXN-00010736,SIG-01186,2024-01-02 10:34:56.034515,1645.07,in,transfer,US,USD
TXN-00002106,SIG-00229,2024-04-27 11:25:51.727129,854.0,out,wire,PA,CHF
TXN-00000134,SIG-00014,2024-04-09 21:29:23.889402,791.44,in,withdrawal,CN,USD
TXN-00005030,SIG-00561,2024-10-24 08:59:51.339056,494.51,out,withdrawal,BR,GBP
TXN-00000929,SIG-00096,2024-09-11 06:00:54.340714,141.51,in,withdrawal,US,USD
TXN-00000824,SIG-00085,2024-02-06 13:56:51.155847,16317.42,out,transfer,BR,CHF
TXN-00007577,SIG-00845,2024-12-17 19:26:04.955174,3043.03,out,payment,US,USD
TXN-00001532,SIG-00165,2024-07-23 18:41:22.121214,1203.63,in,withdrawal,IN,EUR
TXN-00001215,SIG-00129,2024-07-24 01:53:45.287494,1731.46,out,card_purchase,US,USD
TXN-00000505,SIG-00051,2024-07-21 22:58:02.388493,947.84,in,withdrawal,US,USD
TXN-00010189,SIG-01123,2024-02-20 12:42:40.698988,432.17,out,transfer,TR,EUR
TXN-00006531,SIG-00731,2024-03-08 23:34:45.847320,3265.03,in,fx_exchange,RU,EUR
TXN-00003073,SIG-00342,2024-06-27 21:09:17.851282,7856.59,out,bill_pay,US,USD
TXN-00010151,SIG-01119,2024-03-10 14:46:51.800400,1002.79,in,card_purchase,US,USD
TXN-00009577,SIG-01059,2024-06-21 20:37:17.852916,202.85,in,payment,US,USD
TXN-00009087,SIG-01009,2024-09-01 10:06:45.226635,1453.04,out,wire,US,USD
TXN-00008648,SIG-00957,2024-03-14 11:51:48.073902,199.62,out,payment,BR,JPY
TXN-00006620,SIG-00741,2024-01-29 06:19:53.601390,1248.07,out,atm_withdrawal,US,USD
TXN-00009274,SIG-01026,2024-12-06 07:37:23.285895,1311.28,in,wire,US,USD
TXN-00003710,SIG-00412,2024-08-24 07:03:37.044314,6524.36,out,card_purchase,UA,EUR
TXN-00010448,SIG-01155,2024-09-12 06:18:32.505578,101.64,out,payment,US,USD
TXN-00004850,SIG-00542,2024-04-13 04:43:09.138376,241.37,in,payment,BR,USD
TXN-00004749,SIG-00530,2023-12-31 05:45:44.297203,284.72,in,card_purchase,US,USD
TXN-00004269,SIG-00474,2024-11-26 13:49:44.020952,3690.86,out,deposit,US,USD
TXN-00010761,SIG-01189,2024-11-16 02:33:57.395893,602.08,in,card_purchase,US,USD
TXN-00008906,SIG-00985,2024-09-11 07:12:39.376787,859.99,out,transfer,US,USD
TXN-00004187,SIG-00464,2023-12-18 05:51:17.248377,581.86,in,card_purchase,US,USD
TXN-00005302,SIG-00592,2024-01-31 23:42:48.327263,2365.79,in,transfer,US,USD
TXN-00002924,SIG-00324,2024-09-13 09:07:00.839231,376.69,out,card_purchase,US,USD
TXN-00006589,SIG-00737,2024-04-18 02:05:05.091883,582.96,in,atm_withdrawal,US,USD
TXN-00001811,SIG-00196,2024-05-08 04:51:46.163397,935.13,in,deposit,US,USD
TXN-00003487,SIG-00388,2024-09-30 14:29:10.815221,242.04,out,wire,US,USD
TXN-00007420,SIG-00828,2024-04-09 12:24:08.252217,3727.37,out,card_purchase,US,USD
TXN-00003142,SIG-00352,2024-11-02 18:00:12.727476,195.89,in,deposit,US,USD
TXN-00010020,SIG-01106,2024-01-07 07:42:39.938902,1980.4,out,transfer,US,USD
TXN-00009348,SIG-01033,2024-09-24 21:43:08.754352,1094.79,out,wire,US,USD
TXN-00001325,SIG-00140,2024-09-15 01:47:49.242105,1191.52,out,transfer,US,USD
TXN-00004313,SIG-00477,2024-09-09 03:57:49.953536,2790.06,in,wire,US,USD
TXN-00007495,SIG-00837,2024-09-22 20:15:44.848222,503.59,in,fx_exchange,IN,USD
TXN-00008703,SIG-00963,2024-05-08 04:44:39.274983,102.21,out,deposit,US,USD
TXN-00009873,SIG-01091,2024-05-18 02:58:48.412871,914.54,out,card_purchase,US,USD
TXN-00008692,SIG-00962,2024-06-28 03:34:44.110899,4978.41,in,wire,US,USD
TXN-00010361,SIG-01145,2024-08-04 10:46:51.243617,266.4,out,withdrawal,KY,USD
TXN-00010049,SIG-01107,2024-04-02 19:46:05.257959,2502.69,in,bill_pay,US,USD
TXN-00009581,SIG-01060,2024-09-03 04:02:23.735630,1479.61,in,withdrawal,US,USD
TXN-00005542,SIG-00617,2024-07-28 13:37:05.800724,2687.73,out,deposit,AE,GBP
TXN-00006173,SIG-00693,2024-05-07 20:09:21.037627,525.99,in,withdrawal,US,USD
TXN-00001541,SIG-00166,2024-01-26 15:22:58.112257,4825.72,in,card_purchase,IN,EUR
TXN-00009410,SIG-01038,2024-10-20 20:03:38.945305,905.55,out,transfer,US,USD
TXN-00002682,SIG-00295,2024-03-05 11:28:54.133756,1904.25,out,deposit,NG,USD
TXN-00010765,SIG-01189,2024-12-05 09:28:09.842284,526.32,out,atm_withdrawal,US,USD
TXN-00006314,SIG-00708,2024-12-13 17:47:09.475591,48470.96,in,atm_withdrawal,US,USD
TXN-00001192,SIG-00126,2024-06-27 11:39:32.985337,1150.7,out,withdrawal,US,USD
TXN-00005294,SIG-00591,2024-09-24 00:10:56.257498,15955.27,in,withdrawal,US,USD
TXN-00001543,SIG-00166,2024-02-08 06:40:20.400375,1856.17,out,fx_exchange,US,USD
TXN-00007057,SIG-00789,2024-10-27 17:21:51.033782,1906.06,in,refund,US,USD
TXN-00002540,SIG-00279,2024-10-11 06:59:42.843296,3858.39,in,refund,BR,EUR
TXN-00000954,SIG-00099,2024-08-16 20:51:30.606375,3188.38,out,transfer,US,USD
TXN-00007242,SIG-00812,2024-02-15 15:34:15.675476,1403.94,in,payment,US,USD
TXN-00006732,SIG-00752,2024-09-28 08:31:36.788595,287.36,in,wire,US,USD
TXN-00004847,SIG-00541,2024-07-01 00:34:21.392007,228.86,in,refund,US,USD
TXN-00006802,SIG-00760,2024-12-17 13:24:34.033438,3113.6,in,atm_withdrawal,US,USD
TXN-00008011,SIG-00887,2024-11-05 15:30:43.127219,1020.3,out,payment,US,USD
TXN-00004331,SIG-00479,2024-02-14 18:03:33.365239,2249.54,out,payment,US,USD
TXN-00008925,SIG-00987,2024-05-03 18:58:15.363449,715.01,out,card_purchase,US,USD
TXN-00005335,SIG-00596,2024-07-30 04:23:04.500969,2140.62,in,payment,US,USD
TXN-00007331,SIG-00818,2024-02-29 03:10:28.499965,3922.55,in,bill_pay,US,USD
TXN-00009349,SIG-01033,2024-10-11 17:22:07.522421,4789.53,out,transfer,US,USD
TXN-00004730,SIG-00527,2024-11-25 21:08:40.364934,465.62,in,wire,US,USD
TXN-00006542,SIG-00732,2024-08-03 17:10:39.372374,2481.96,out,deposit,US,USD
TXN-00005306,SIG-00593,2024-09-04 16:04:42.222542,120.68,in,payment,US,USD
TXN-00005162,SIG-00575,2024-05-10 08:51:02.714337,1200.03,in,fx_exchange,CN,EUR
TXN-00007861,SIG-00874,2024-12-09 16:01:27.278734,1201.87,in,wire,US,USD
TXN-00002157,SIG-00236,2024-09-04 02:38:36.812267,1007.15,out,refund,US,USD
TXN-00001063,SIG-00112,2024-11-15 12:02:33.394907,2126.75,out,transfer,UA,USD
TXN-00001168,SIG-00122,2024-10-24 21:59:53.838996,1443.93,out,payment,US,USD
TXN-00003637,SIG-00405,2024-12-10 16:04:47.503846,855.84,out,card_purchase,PA,CHF
TXN-00007652,SIG-00853,2024-08-30 21:18:58.604478,1032.99,in,transfer,US,USD
TXN-00005589,SIG-00624,2024-07-27 08:06:56.948060,6461.18,in,transfer,US,USD
TXN-00007193,SIG-00806,2024-10-17 02:35:43.663624,320.95,out,bill_pay,US,USD
TXN-00004492,SIG-00499,2024-01-19 21:52:38.905631,1297.99,in,bill_pay,US,USD
TXN-00007267,SIG-00814,2024-07-01 23:01:09.226449,440.01,in,atm_withdrawal,US,USD
TXN-00004981,SIG-00556,2024-07-31 06:30:11.146051,1041.85,out,atm_withdrawal,US,USD
TXN-00008336,SIG-00920,2024-12-02 11:07:09.873873,2122.48,out,transfer,US,USD
TXN-00010840,SIG-01195,2024-05-12 02:02:27.683305,353.4,out,payment,US,USD
TXN-00004947,SIG-00552,2024-09-25 18:12:57.948357,179.95,out,refund,US,USD
TXN-00002783,SIG-00306,2024-05-17 05:15:22.486360,576.0,out,card_purchase,US,USD
TXN-00000718,SIG-00076,2024-10-14 05:43:40.543865,1593.53,out,card_purchase,US,USD
TXN-00010012,SIG-01106,2024-01-30 03:24:47.402804,598.99,in,transfer,US,USD
TXN-00002503,SIG-00273,2024-03-12 18:50:14.897326,773.45,out,bill_pay,US,USD
TXN-00004361,SIG-00482,2024-06-21 01:27:14.891026,8706.78,out,transfer,US,USD
TXN-00004172,SIG-00463,2024-03-16 17:38:12.773479,6612.94,in,deposit,US,USD
TXN-00008083,SIG-00895,2024-04-06 01:54:41.183283,411.53,out,withdrawal,US,USD
TXN-00010635,SIG-01173,2024-04-26 15:52:55.638894,1590.65,in,deposit,US,USD
TXN-00000396,SIG-00040,2024-07-21 16:34:25.267460,162.62,in,deposit,US,USD
TXN-00007187,SIG-00804,2024-03-11 11:08:25.736217,2255.67,out,card_purchase,US,USD
TXN-00010701,SIG-01182,2024-03-27 13:06:03.471748,68.21,out,withdrawal,US,USD
TXN-00004493,SIG-00499,2024-01-23 16:58:48.412357,539.5,in,bill_pay,UA,GBP
TXN-00001366,SIG-00145,2024-05-20 23:04:36.392782,4008.89,in,withdrawal,US,USD
TXN-00010385,SIG-01148,2024-07-18 06:49:39.566965,553.09,in,refund,US,USD
TXN-00008788,SIG-00973,2024-08-18 12:11:10.236665,978.08,in,deposit,UA,JPY
TXN-00005918,SIG-00661,2024-01-26 02:10:05.289683,1581.68,out,atm_withdrawal,US,USD
TXN-00004969,SIG-00554,2024-12-11 11:44:25.720651,552.76,in,card_purchase,AE,USD
TXN-00002915,SIG-00323,2024-09-23 10:41:45.073382,1140.85,in,payment,US,USD
TXN-00005645,SIG-00631,2024-10-16 22:17:13.543947,716.77,out,refund,US,USD
TXN-00003767,SIG-00418,2024-02-14 15:34:37.506966,3027.28,in,card_purchase,BR,JPY
TXN-00003441,SIG-00384,2024-10-19 13:40:16.175704,1599.58,in,transfer,US,USD
TXN-00007358,SIG-00821,2024-09-20 07:11:57.957359,129.59,out,deposit,RU,EUR
TXN-00006807,SIG-00761,2024-12-05 11:07:13.066895,4429.91,in,payment,US,USD
TXN-00009880,SIG-01092,2024-05-12 14:23:18.842862,1074.1,in,payment,US,USD
TXN-00002144,SIG-00233,2024-06-02 09:36:02.243227,3151.02,out,card_purchase,US,USD
TXN-00005105,SIG-00570,2024-05-03 20:49:46.920745,472.33,out,bill_pay,US,USD
TXN-00005074,SIG-00566,2024-02-09 11:09:34.386902,704.49,out,fx_exchange,PA,USD
TXN-00001572,SIG-00170,2024-04-25 00:27:31.746357,1389.31,out,transfer,AE,JPY
TXN-00004080,SIG-00454,2024-07-19 04:18:27.829298,1891.38,in,deposit,US,USD
TXN-00001123,SIG-00118,2024-02-17 15:09:00.356502,934.48,out,payment,US,USD
TXN-00002787,SIG-00307,2024-07-24 02:43:05.419321,450.83,out,refund,US,USD
TXN-00002968,SIG-00331,2024-01-17 07:33:01.028989,301.4,out,payment,US,USD
TXN-00002505,SIG-00274,2024-08-17 11:05:54.110685,1485.72,out,deposit,US,USD
TXN-00005989,SIG-00670,2024-03-13 01:44:41.645112,767.14,in,payment,US,USD
TXN-00008868,SIG-00980,2024-05-06 05:06:05.765693,876.39,out,refund,NG,JPY
TXN-00007165,SIG-00802,2024-09-18 14:24:28.349148,2373.02,out,withdrawal,US,USD
TXN-00000729,SIG-00077,2024-02-11 09:45:05.155891,555.82,in,bill_pay,US,USD
TXN-00007588,SIG-00847,2024-04-18 12:26:01.985298,626.17,in,deposit,US,USD
TXN-00007544,SIG-00842,2024-06-23 13:44:44.955104,573.86,out,payment,US,USD
TXN-00000413,SIG-00041,2024-09-01 03:37:56.153274,1512.95,out,payment,US,USD
TXN-00009709,SIG-01074,2024-11-25 14:45:13.123984,315.38,in,bill_pay,CN,JPY
TXN-00005746,SIG-00644,2024-09-12 08:52:00.273150,713.95,in,transfer,US,USD
TXN-00007669,SIG-00855,2024-03-02 13:01:19.972928,720.89,out,wire,US,USD
TXN-00000826,SIG-00085,2024-02-11 08:37:18.771770,7315.89,out,payment,US,USD
TXN-00003268,SIG-00362,2024-06-29 13:35:14.521491,2606.78,out,wire,BR,CHF
TXN-00003975,SIG-00443,2024-01-10 22:43:12.873889,1018.18,in,payment,US,USD
TXN-00008809,SIG-00975,2024-11-01 19:03:40.148739,429.89,in,fx_exchange,RU,EUR
TXN-00008307,SIG-00916,2024-01-30 17:53:34.101562,6398.85,out,fx_exchange,US,USD
TXN-00000418,SIG-00042,2024-05-04 03:39:46.440481,889.15,out,wire,US,USD
TXN-00009818,SIG-01084,2024-03-29 07:57:05.971283,428.47,out,deposit,US,USD
TXN-00006749,SIG-00754,2024-04-07 05:45:37.626561,359.82,out,refund,TR,EUR
TXN-00008968,SIG-00993,2024-07-15 10:14:50.037027,4926.21,out,card_purchase,US,USD
TXN-00002083,SIG-00225,2024-12-02 21:04:23.800495,1142.07,out,card_purchase,IN,GBP
TXN-00008946,SIG-00990,2024-01-24 23:52:24.930463,3420.84,out,transfer,US,USD
TXN-00003374,SIG-00374,2024-11-26 05:29:13.254312,4296.62,in,payment,TR,USD
TXN-00005727,SIG-00641,2024-09-23 04:01:21.455504,415.99,in,atm_withdrawal,US,USD
TXN-00004108,SIG-00458,2024-04-14 15:56:25.319127,265.14,in,atm_withdrawal,US,USD
TXN-00004381,SIG-00485,2024-07-24 18:10:06.830879,6220.3,in,bill_pay,US,USD
TXN-00007724,SIG-00860,2024-02-28 17:01:46.428008,223.28,in,transfer,US,USD
TXN-00001067,SIG-00112,2024-11-15 04:34:08.733145,4077.83,out,transfer,US,USD
TXN-00003914,SIG-00435,2024-04-27 23:17:00.494724,2025.78,out,wire,US,USD
TXN-00005537,SIG-00617,2024-08-04 10:28:29.617073,2880.19,out,atm_withdrawal,PA,JPY
TXN-00008003,SIG-00886,2024-11-21 21:01:47.939007,6094.71,in,card_purchase,CN,USD
TXN-00005388,SIG-00601,2024-06-19 03:38:01.517900,908.06,in,wire,US,USD
TXN-00005733,SIG-00642,2024-08-23 08:33:32.557085,2353.53,in,withdrawal,US,USD
TXN-00002739,SIG-00300,2024-03-04 22:23:08.273789,5849.44,out,card_purchase,US,USD
TXN-00005053,SIG-00564,2024-08-08 03:29:22.417941,410.25,out,card_purchase,US,USD
TXN-00004001,SIG-00446,2024-01-12 05:12:40.632200,844.43,in,fx_exchange,US,USD
TXN-00009761,SIG-01081,2024-08-14 11:04:18.981229,2675.85,out,card_purchase,NG,GBP
TXN-00002428,SIG-00266,2024-10-02 22:32:22.261117,384.41,out,payment,UA,USD
TXN-00006834,SIG-00764,2024-02-29 06:01:37.543349,590.92,out,withdrawal,US,USD
TXN-00010124,SIG-01116,2024-12-03 10:44:39.160610,752.56,out,card_purchase,US,USD
TXN-00001688,SIG-00184,2024-01-31 01:12:57.519427,455.16,out,card_purchase,US,USD
TXN-00000852,SIG-00088,2024-04-15 09:56:06.665332,318.38,in,deposit,US,USD
TXN-00006304,SIG-00708,2024-11-23 13:32:32.729747,2203.95,in,withdrawal,US,USD
TXN-00009088,SIG-01009,2024-09-06 09:24:11.612202,476.89,out,card_purchase,UA,GBP
TXN-00005879,SIG-00657,2024-11-11 23:58:40.372788,5772.76,in,card_purchase,US,USD
TXN-00008528,SIG-00944,2024-09-24 17:06:48.035680,679.51,out,bill_pay,US,USD
TXN-00002840,SIG-00314,2024-08-06 00:09:05.405435,308.45,in,payment,US,USD
TXN-00004612,SIG-00512,2024-06-28 10:12:32.862577,391.1,out,wire,US,USD
TXN-00009541,SIG-01053,2024-05-19 18:05:49.400884,1451.52,out,atm_withdrawal,US,USD
TXN-00009208,SIG-01019,2024-08-04 17:11:32.756147,2423.8,in,withdrawal,US,USD
TXN-00009824,SIG-01085,2024-07-27 05:41:05.828649,1144.95,in,fx_exchange,US,USD
TXN-00002490,SIG-00272,2024-08-03 01:45:03.078913,1309.35,out,withdrawal,US,USD
TXN-00006906,SIG-00772,2024-05-07 19:48:55.370185,3507.89,in,transfer,US,USD
TXN-00007391,SIG-00824,2024-05-04 14:46:39.977455,5485.6,out,atm_withdrawal,US,USD
TXN-00002850,SIG-00316,2024-06-10 15:22:03.529731,3768.85,out,fx_exchange,US,USD
TXN-00006666,SIG-00744,2024-11-08 12:42:13.785511,2392.94,in,wire,US,USD
TXN-00005882,SIG-00657,2024-11-12 21:07:29.125258,1779.1,in,transfer,US,USD
TXN-00010263,SIG-01133,2024-03-14 10:51:42.625292,258.15,in,payment,US,USD
TXN-00004453,SIG-00494,2024-01-18 13:01:20.434760,936.45,in,refund,US,USD
TXN-00009950,SIG-01099,2024-04-12 15:26:18.698886,767.35,out,card_purchase,UA,GBP
TXN-00007422,SIG-00829,2024-09-10 13:14:12.374391,3373.48,in,deposit,US,USD
TXN-00009828,SIG-01085,2024-07-08 04:45:48.217209,987.94,in,card_purchase,US,USD
TXN-00006485,SIG-00728,2024-10-28 10:36:33.139803,17278.97,out,transfer,CN,JPY
TXN-00002480,SIG-00271,2024-07-24 08:08:54.777260,2183.08,out,refund,NG,USD
TXN-00006618,SIG-00741,2024-02-06 15:54:03.290900,621.4,in,deposit,US,USD
TXN-00002142,SIG-00233,2024-05-08 02:20:46.851709,10219.21,out,deposit,US,USD
TXN-00005189,SIG-00577,2024-05-26 21:34:04.024891,2115.03,in,atm_withdrawal,TR,JPY
TXN-00010577,SIG-01167,2024-08-15 20:23:19.657995,2755.06,out,bill_pay,PA,EUR
TXN-00002745,SIG-00301,2024-07-12 05:27:54.681551,5101.84,out,atm_withdrawal,US,USD
TXN-00007254,SIG-00812,2024-03-18 16:55:13.311505,10822.16,in,fx_exchange,RU,USD
TXN-00003507,SIG-00390,2024-07-15 04:47:41.061715,11228.31,out,withdrawal,US,USD
TXN-00001680,SIG-00183,2024-09-27 06:48:08.006635,7123.54,out,card_purchase,CN,EUR
TXN-00004250,SIG-00472,2024-09-12 00:01:55.509604,205.45,in,card_purchase,US,USD
TXN-00003148,SIG-00352,2024-09-19 01:12:27.338159,4300.48,in,payment,US,USD
TXN-00008131,SIG-00899,2024-07-31 10:35:23.320914,458.87,in,bill_pay,US,USD
TXN-00007005,SIG-00785,2024-06-24 15:56:08.857119,320.23,out,wire,NG,CHF
TXN-00000581,SIG-00059,2024-01-26 23:53:53.055540,1492.16,out,transfer,US,USD
TXN-00009663,SIG-01068,2024-02-26 01:18:50.426390,2538.86,in,bill_pay,US,USD
TXN-00004071,SIG-00454,2024-07-09 14:15:07.114312,11992.51,in,transfer,TR,EUR
TXN-00003344,SIG-00372,2024-03-07 08:14:47.821804,233.54,out,payment,US,USD
TXN-00007405,SIG-00826,2024-07-17 12:57:56.120290,4579.48,out,withdrawal,US,USD
TXN-00003673,SIG-00408,2024-02-27 11:50:48.698304,78.51,out,transfer,US,USD
TXN-00000560,SIG-00056,2024-02-13 02:14:33.835003,1779.24,out,card_purchase,US,USD
TXN-00005238,SIG-00583,2024-02-08 20:10:30.125634,473.31,out,transfer,US,USD
TXN-00007806,SIG-00867,2024-06-08 13:00:29.648575,2864.82,in,transfer,US,USD
TXN-00000513,SIG-00051,2024-07-25 06:35:06.799865,15462.65,out,atm_withdrawal,US,USD
TXN-00001082,SIG-00113,2024-07-05 21:02:22.888514,1254.08,out,payment,US,USD
TXN-00001665,SIG-00181,2024-03-01 13:29:08.039797,228.33,in,payment,US,USD
TXN-00009205,SIG-01019,2024-08-10 16:09:57.638763,1378.16,in,transfer,US,USD
TXN-00001932,SIG-00207,2024-10-04 18:04:38.228211,3139.54,out,fx_exchange,IN,CHF
TXN-00010537,SIG-01162,2024-06-22 23:36:56.956941,1570.81,in,atm_withdrawal,US,USD
TXN-00001151,SIG-00121,2024-06-07 20:33:37.468473,5656.01,in,bill_pay,PA,JPY
TXN-00002839,SIG-00314,2024-07-31 11:54:25.529458,4319.8,out,card_purchase,UA,CHF
TXN-00005950,SIG-00665,2024-06-09 19:54:17.091237,2038.76,out,transfer,US,USD
TXN-00008309,SIG-00916,2024-02-09 07:24:23.536757,7659.8,in,transfer,NG,GBP
TXN-00008933,SIG-00989,2024-01-14 22:43:49.988826,161.64,in,card_purchase,US,USD
TXN-00010664,SIG-01178,2024-03-09 22:49:24.825374,1588.39,out,payment,US,USD
TXN-00005178,SIG-00575,2024-05-09 18:05:10.901599,11536.85,in,payment,US,USD
TXN-00000831,SIG-00086,2024-11-07 07:20:54.312751,4679.93,out,transfer,US,USD
TXN-00008312,SIG-00917,2024-11-07 04:24:28.036774,360.05,in,payment,US,USD
TXN-00004753,SIG-00531,2024-05-15 12:47:23.397349,649.16,in,card_purchase,KY,CHF
TXN-00010633,SIG-01173,2024-05-04 03:32:07.222043,1931.98,out,payment,US,USD
TXN-00010594,SIG-01169,2024-06-27 02:47:03.142428,4457.82,in,withdrawal,US,USD
TXN-00000636,SIG-00064,2024-09-14 17:41:59.293150,9101.49,out,wire,US,USD
TXN-00004466,SIG-00495,2024-12-26 03:01:35.295222,382.98,out,transfer,TR,CHF
TXN-00006800,SIG-00760,2024-12-23 08:54:11.848187,5453.63,in,transfer,CN,JPY
TXN-00007988,SIG-00884,2024-07-03 10:56:55.641549,396.1,out,wire,US,USD
TXN-00007080,SIG-00791,2024-01-31 06:08:02.346579,74.86,out,transfer,US,USD
TXN-00006967,SIG-00779,2024-03-09 20:41:15.005738,667.26,in,withdrawal,US,USD
TXN-00004143,SIG-00460,2024-01-23 20:03:03.660473,78.05,out,card_purchase,US,USD
TXN-00007028,SIG-00786,2024-05-15 06:38:23.228334,8657.25,out,withdrawal,RU,USD
TXN-00009184,SIG-01017,2024-11-05 01:56:15.325248,829.46,in,atm_withdrawal,US,USD
TXN-00000877,SIG-00091,2024-08-13 07:15:54.017759,2235.16,in,atm_withdrawal,IN,CHF
TXN-00004870,SIG-00543,2024-09-17 15:59:50.268818,423.52,out,payment,RU,CHF
TXN-00005316,SIG-00593,2024-09-06 04:38:12.870083,1466.06,in,payment,KY,USD
TXN-00005223,SIG-00581,2024-04-27 01:49:10.840997,10810.8,in,card_purchase,US,USD
TXN-00000005,SIG-00001,2024-04-10 03:12:38.217516,1721.71,in,atm_withdrawal,US,USD
TXN-00003052,SIG-00340,2024-06-13 18:11:39.408466,377.11,in,refund,US,USD
TXN-00005692,SIG-00637,2024-06-01 17:51:38.817769,110.86,in,withdrawal,US,USD
TXN-00003125,SIG-00349,2024-06-22 17:10:34.428786,323.87,out,transfer,US,USD
TXN-00002492,SIG-00272,2024-08-08 17:08:48.221572,857.99,out,fx_exchange,US,USD
TXN-00003855,SIG-00428,2024-05-17 22:43:36.072639,24493.35,in,bill_pay,US,USD
TXN-00004778,SIG-00533,2024-09-03 20:48:15.806048,2543.68,out,atm_withdrawal,KY,USD
TXN-00009908,SIG-01095,2024-07-06 20:54:33.621847,297.01,in,payment,CN,EUR
TXN-00007510,SIG-00839,2024-11-11 09:11:09.760896,734.14,out,wire,US,USD
TXN-00006458,SIG-00725,2024-08-28 01:37:27.025833,1192.55,in,transfer,US,USD
TXN-00006294,SIG-00706,2024-03-18 15:56:42.442189,1652.86,in,wire,TR,USD
TXN-00001149,SIG-00121,2024-05-17 17:03:32.695273,177.11,out,payment,US,USD
TXN-00000575,SIG-00058,2024-07-12 22:12:32.380948,1563.11,out,refund,US,USD
TXN-00003770,SIG-00418,2024-02-10 11:12:35.741814,6741.88,out,card_purchase,US,USD
TXN-00004147,SIG-00460,2024-01-29 06:00:39.280200,1734.41,out,card_purchase,US,USD
TXN-00000854,SIG-00089,2024-08-27 03:57:04.883586,792.08,in,withdrawal,US,USD
TXN-00010175,SIG-01122,2024-11-09 03:40:45.262008,2280.77,in,bill_pay,US,USD
TXN-00005920,SIG-00662,2024-06-14 20:17:09.323508,292.04,out,transfer,US,USD
TXN-00009359,SIG-01033,2024-10-01 22:58:52.165696,4481.14,out,bill_pay,US,USD
TXN-00006615,SIG-00741,2024-02-02 09:13:30.248017,858.12,out,atm_withdrawal,US,USD
TXN-00006003,SIG-00671,2024-07-09 09:18:44.909268,2006.52,out,withdrawal,PA,JPY
TXN-00009164,SIG-01015,2024-03-02 00:46:18.369840,540.2,in,transfer,US,USD
TXN-00004496,SIG-00499,2024-01-18 23:46:28.005775,5280.68,out,deposit,US,USD
TXN-00008174,SIG-00903,2024-10-16 18:17:11.233962,1279.11,out,withdrawal,US,USD
TXN-00006656,SIG-00743,2024-07-06 08:52:06.206146,4389.88,out,card_purchase,AE,GBP
TXN-00002369,SIG-00259,2024-02-12 02:39:47.520561,824.03,in,deposit,US,USD
TXN-00004781,SIG-00534,2024-09-22 09:55:59.660840,412.34,in,payment,IN,GBP
TXN-00007993,SIG-00884,2024-07-06 05:13:53.733174,20021.06,in,withdrawal,US,USD
TXN-00002951,SIG-00327,2024-01-01 10:07:11.935183,1232.88,in,payment,US,USD
TXN-00005626,SIG-00628,2024-03-18 18:03:20.819928,634.85,in,card_purchase,US,USD
TXN-00006972,SIG-00780,2024-02-11 03:23:57.770723,417.19,out,refund,US,USD
TXN-00008717,SIG-00965,2024-08-22 11:29:13.608013,1615.0,in,transfer,RU,JPY
TXN-00001842,SIG-00199,2024-07-21 18:42:06.386933,1613.83,out,transfer,US,USD
TXN-00005987,SIG-00670,2024-02-29 20:36:26.284101,890.08,out,withdrawal,US,USD
TXN-00000538,SIG-00055,2024-09-04 19:53:23.645930,5179.34,in,wire,US,USD
TXN-00002807,SIG-00309,2024-07-13 21:30:35.478019,1544.54,in,payment,CN,CHF
TXN-00005802,SIG-00650,2024-05-16 17:21:54.872856,584.02,in,transfer,US,USD
TXN-00005597,SIG-00624,2024-07-22 19:58:31.403837,5763.71,in,deposit,US,USD
TXN-00007207,SIG-00807,2024-09-07 04:39:02.248025,4654.72,out,card_purchase,US,USD
TXN-00007344,SIG-00819,2024-02-26 19:57:40.333678,430.08,in,payment,US,USD
TXN-00007561,SIG-00843,2024-07-22 00:18:55.374388,1690.68,in,card_purchase,US,USD
TXN-00008097,SIG-00896,2024-06-05 03:21:00.998949,688.45,in,deposit,US,USD
TXN-00000785,SIG-00083,2024-11-06 05:57:37.251360,374.8,in,fx_exchange,US,USD
TXN-00001410,SIG-00152,2024-02-11 16:06:50.243105,417.34,in,transfer,US,USD
TXN-00000155,SIG-00016,2024-12-20 08:58:56.874784,911.03,in,bill_pay,US,USD
TXN-00007807,SIG-00867,2024-06-09 10:35:47.663424,628.92,in,card_purchase,UA,EUR
TXN-00003010,SIG-00335,2024-03-01 02:53:47.284997,2363.61,in,payment,US,USD
TXN-00001687,SIG-00184,2024-01-28 08:53:53.062906,168.58,out,card_purchase,US,USD
TXN-00004015,SIG-00448,2024-06-09 13:05:06.281063,18769.84,in,deposit,US,USD
TXN-00007456,SIG-00832,2024-03-30 18:00:13.099907,3006.86,out,card_purchase,PA,USD
TXN-00003864,SIG-00429,2024-10-04 12:45:21.621134,7123.84,in,transfer,US,USD
TXN-00002734,SIG-00300,2024-02-28 16:24:34.157120,4428.92,in,wire,CN,CHF
TXN-00001896,SIG-00203,2024-11-15 14:02:46.829779,4779.76,in,transfer,US,USD
TXN-00005443,SIG-00608,2024-03-03 15:49:12.839623,14438.86,in,refund,RU,GBP
TXN-00000570,SIG-00058,2024-07-05 06:32:14.570727,272.43,in,atm_withdrawal,US,USD
TXN-00006710,SIG-00750,2024-10-25 09:12:12.330769,694.98,in,atm_withdrawal,US,USD
TXN-00005855,SIG-00656,2024-03-27 20:50:38.020905,1302.58,in,card_purchase,PA,JPY
TXN-00001817,SIG-00198,2024-12-07 16:47:55.815683,1516.02,out,withdrawal,US,USD
TXN-00010258,SIG-01132,2024-05-13 06:48:10.508795,996.36,in,wire,US,USD
TXN-00008320,SIG-00918,2024-10-13 11:35:22.498231,137.12,in,card_purchase,US,USD
TXN-00003395,SIG-00377,2024-08-07 21:48:58.954187,2280.88,out,fx_exchange,BR,CHF
TXN-00003328,SIG-00369,2024-06-26 12:43:44.074992,346.74,out,bill_pay,US,USD
TXN-00010875,SIG-01199,2024-09-19 18:54:45.300978,2642.67,out,refund,US,USD
TXN-00006103,SIG-00684,2024-09-18 17:29:57.235106,11707.6,out,transfer,US,USD
TXN-00002976,SIG-00332,2024-11-10 10:52:52.731827,4416.66,in,transfer,TR,USD
TXN-00000981,SIG-00102,2024-06-15 17:07:25.304488,745.53,in,withdrawal,US,USD
TXN-00010493,SIG-01158,2024-01-18 02:37:13.152068,3652.76,out,bill_pay,US,USD
TXN-00000191,SIG-00019,2024-08-06 20:03:43.210772,698.69,out,withdrawal,UA,EUR
TXN-00009332,SIG-01031,2024-06-29 09:29:42.015009,162.66,in,wire,US,USD
TXN-00005089,SIG-00568,2024-05-26 20:30:06.037707,1088.68,out,payment,KY,CHF
TXN-00000700,SIG-00073,2024-04-10 09:22:02.588545,513.76,out,transfer,US,USD
TXN-00010634,SIG-01173,2024-05-20 22:22:52.676815,412.43,in,transfer,US,USD
TXN-00000607,SIG-00061,2024-03-29 21:51:02.350742,534.22,in,refund,US,USD
TXN-00000302,SIG-00032,2024-10-14 21:33:36.042976,55.17,out,card_purchase,US,USD
TXN-00003421,SIG-00382,2024-07-09 09:56:09.022751,2566.63,in,bill_pay,US,USD
TXN-00010681,SIG-01179,2024-09-22 12:50:21.837043,2034.56,out,transfer,TR,CHF
TXN-00001061,SIG-00111,2024-09-27 05:10:05.811924,1412.83,out,withdrawal,CN,USD
TXN-00003445,SIG-00384,2024-10-25 10:37:06.461411,1356.18,out,transfer,US,USD
TXN-00001070,SIG-00112,2024-11-15 05:32:28.767844,4203.7,in,payment,US,USD
TXN-00002206,SIG-00242,2024-03-03 18:45:16.350553,782.38,out,withdrawal,US,USD
TXN-00009436,SIG-01040,2024-05-02 02:37:16.694294,85.83,in,payment,US,USD
TXN-00007340,SIG-00818,2024-03-03 20:55:26.626429,13844.3,out,card_purchase,US,USD
TXN-00008209,SIG-00908,2024-09-22 16:16:16.445512,3754.39,out,fx_exchange,US,USD
TXN-00007680,SIG-00856,2024-10-08 17:18:39.547224,6773.46,in,withdrawal,US,USD
TXN-00004643,SIG-00516,2024-05-20 23:10:01.298945,2064.21,in,payment,RU,EUR
TXN-00007684,SIG-00856,2024-10-05 23:49:18.640883,3320.72,out,card_purchase,PA,EUR
TXN-00009008,SIG-00999,2024-04-30 21:40:39.087458,264.89,in,deposit,US,USD
TXN-00007997,SIG-00885,2024-05-27 04:23:48.537795,9700.45,out,card_purchase,US,USD
TXN-00005601,SIG-00624,2024-07-21 10:32:32.747816,15.11,out,fx_exchange,US,USD
TXN-00009152,SIG-01015,2024-03-05 04:50:11.414662,10514.14,out,card_purchase,US,USD
TXN-00007023,SIG-00786,2024-05-26 14:03:49.762953,849.97,in,atm_withdrawal,US,USD
TXN-00004894,SIG-00546,2024-05-24 13:20:03.456702,879.33,out,fx_exchange,PA,EUR
TXN-00000226,SIG-00021,2024-09-11 08:10:38.410926,135.96,in,fx_exchange,US,USD
TXN-00003355,SIG-00372,2024-03-12 14:18:08.940243,490.84,in,withdrawal,KY,JPY
TXN-00005896,SIG-00658,2024-03-28 14:53:02.448500,295.08,out,transfer,AE,EUR
TXN-00008755,SIG-00971,2024-10-16 21:08:40.899183,7781.81,out,atm_withdrawal,RU,USD
TXN-00003437,SIG-00384,2024-10-16 07:35:54.846534,2509.45,in,deposit,US,USD
TXN-00001694,SIG-00185,2024-08-15 03:52:23.102236,1322.88,out,deposit,US,USD
TXN-00006894,SIG-00771,2024-10-06 07:45:48.731356,207.62,in,deposit,TR,GBP
TXN-00001046,SIG-00109,2024-09-11 09:11:12.807914,197.91,in,atm_withdrawal,US,USD
TXN-00003447,SIG-00384,2024-10-18 16:11:00.292208,4247.54,in,transfer,CN,USD
TXN-00008051,SIG-00892,2024-12-05 00:07:01.473667,130709.35,out,fx_exchange,US,USD
TXN-00009147,SIG-01014,2024-07-28 03:56:12.388178,382.83,in,refund,KY,USD
TXN-00010874,SIG-01199,2024-08-30 14:16:40.483573,596.98,in,payment,TR,GBP
TXN-00004736,SIG-00528,2024-06-02 23:06:37.847812,2753.83,in,wire,NG,CHF
TXN-00004497,SIG-00499,2024-02-15 14:45:53.798155,1195.64,in,card_purchase,US,USD
TXN-00001219,SIG-00129,2024-08-15 01:09:33.027561,323.21,in,transfer,US,USD
TXN-00006016,SIG-00673,2024-05-31 09:38:20.269702,3606.17,out,payment,NG,USD
TXN-00009720,SIG-01076,2024-06-27 22:13:38.641567,285.44,in,wire,US,USD
TXN-00003988,SIG-00444,2024-06-05 22:20:39.894739,21907.85,out,wire,US,USD
TXN-00004912,SIG-00548,2024-09-22 14:44:05.124130,274.88,in,deposit,KY,EUR
TXN-00009493,SIG-01048,2024-01-17 13:22:00.054463,4174.75,out,fx_exchange,US,USD
TXN-00004494,SIG-00499,2024-01-30 16:00:56.788917,2486.67,in,atm_withdrawal,US,USD
TXN-00006945,SIG-00776,2024-03-25 08:45:34.887620,19392.36,out,fx_exchange,US,USD
TXN-00005700,SIG-00637,2024-06-07 16:47:26.257142,1295.44,in,card_purchase,US,USD
TXN-00008353,SIG-00922,2024-08-21 11:19:06.869726,394.44,out,wire,US,USD
TXN-00000957,SIG-00099,2024-08-12 00:37:15.065998,1947.42,in,card_purchase,US,USD
TXN-00002870,SIG-00319,2024-11-17 19:16:16.517315,478.78,out,wire,US,USD
TXN-00004434,SIG-00491,2024-08-06 11:12:52.613977,273.5,in,payment,US,USD
TXN-00004974,SIG-00555,2024-01-25 08:26:58.824631,1510.2,in,transfer,TR,JPY
TXN-00002962,SIG-00329,2024-08-07 05:46:32.138665,196.7,out,payment,AE,USD
TXN-00002201,SIG-00241,2024-12-05 09:38:17.591376,872.3,in,deposit,US,USD
TXN-00000099,SIG-00010,2024-07-27 11:04:58.573963,599.53,in,atm_withdrawal,US,USD
TXN-00010729,SIG-01185,2024-08-23 06:48:38.095497,9212.4,out,fx_exchange,US,USD
TXN-00002558,SIG-00281,2024-12-02 14:40:10.436459,465.22,in,payment,US,USD
TXN-00008446,SIG-00935,2024-10-08 10:50:56.807510,1816.11,out,transfer,US,USD
TXN-00004200,SIG-00465,2024-11-24 12:07:53.229898,641.33,in,card_purchase,US,USD
TXN-00009638,SIG-01066,2024-09-26 03:02:56.989569,1119.67,out,atm_withdrawal,PA,USD
TXN-00005540,SIG-00617,2024-07-29 03:43:31.301551,4646.37,out,payment,US,USD
TXN-00001649,SIG-00179,2024-08-06 17:40:07.328827,10469.64,out,atm_withdrawal,IN,GBP
TXN-00009889,SIG-01094,2024-03-06 12:26:20.852039,2287.07,in,card_purchase,US,USD
TXN-00006198,SIG-00696,2024-05-04 18:35:24.678909,3467.32,out,card_purchase,US,USD
TXN-00006296,SIG-00706,2024-04-01 13:33:04.457188,788.39,out,bill_pay,US,USD
TXN-00004500,SIG-00499,2024-01-16 15:18:07.380969,12555.33,in,withdrawal,US,USD
TXN-00001155,SIG-00121,2024-05-05 08:27:30.187903,465.01,out,transfer,US,USD
TXN-00002256,SIG-00247,2024-05-22 20:09:20.714818,168.8,out,deposit,US,USD
TXN-00009875,SIG-01091,2024-05-17 14:40:13.750376,534.2,out,payment,PA,CHF
TXN-00003171,SIG-00353,2024-06-12 17:49:58.937418,1736.14,out,card_purchase,TR,USD
TXN-00007401,SIG-00826,2024-07-14 16:58:37.747456,2295.12,in,payment,US,USD
TXN-00010249,SIG-01131,2024-05-15 19:54:20.408064,1304.63,out,transfer,US,USD
TXN-00007159,SIG-00801,2024-09-21 07:12:42.124982,4623.4,in,transfer,US,USD
TXN-00003109,SIG-00347,2024-10-03 12:31:42.023658,422.25,out,payment,US,USD
TXN-00004549,SIG-00506,2023-12-17 01:00:39.860988,601.86,out,withdrawal,UA,CHF
TXN-00005424,SIG-00605,2024-06-26 18:38:25.910905,403.89,in,withdrawal,US,USD
TXN-00002050,SIG-00222,2024-12-09 23:34:39.023637,13857.74,out,transfer,PA,USD
TXN-00009209,SIG-01019,2024-08-15 08:47:13.551142,546.79,in,payment,US,USD
TXN-00008816,SIG-00976,2024-11-16 12:58:34.769369,1414.49,in,transfer,US,USD
TXN-00010674,SIG-01179,2024-09-20 19:33:19.846501,2515.05,in,transfer,US,USD
TXN-00000263,SIG-00027,2024-11-25 13:59:42.001418,2212.03,out,payment,TR,CHF
TXN-00004062,SIG-00453,2024-10-27 22:52:07.259515,323.3,out,deposit,US,USD
TXN-00005535,SIG-00617,2024-07-30 16:48:08.177867,208.14,in,bill_pay,IN,GBP
TXN-00006617,SIG-00741,2024-02-01 17:21:36.861290,3582.46,out,card_purchase,US,USD
TXN-00008121,SIG-00898,2024-02-01 12:12:16.389779,633.22,in,transfer,US,USD
TXN-00008156,SIG-00901,2024-09-04 13:52:12.140306,1788.08,out,card_purchase,US,USD
TXN-00001803,SIG-00196,2024-05-03 11:23:24.800602,894.89,out,card_purchase,US,USD
TXN-00004737,SIG-00528,2024-06-04 02:08:59.020843,418.54,out,transfer,US,USD
TXN-00002386,SIG-00260,2024-07-26 22:59:00.000956,695.41,out,deposit,US,USD
TXN-00006695,SIG-00748,2024-01-01 13:24:05.898531,2440.77,out,atm_withdrawal,US,USD
TXN-00005760,SIG-00646,2024-05-03 22:58:02.230906,2136.16,out,withdrawal,TR,USD
TXN-00001960,SIG-00209,2024-07-24 13:08:38.903589,397.67,out,deposit,UA,CHF
TXN-00002977,SIG-00332,2024-10-30 14:44:44.405459,12721.14,out,deposit,US,USD
TXN-00008681,SIG-00961,2024-01-08 02:46:25.700530,322.21,in,atm_withdrawal,US,USD
TXN-00001844,SIG-00199,2024-08-12 14:05:10.770159,328.62,in,fx_exchange,CN,GBP
TXN-00001735,SIG-00188,2024-02-28 14:15:38.617419,150.36,out,card_purchase,US,USD
TXN-00002912,SIG-00323,2024-09-28 06:31:07.995694,465.17,in,payment,KY,GBP
TXN-00008339,SIG-00920,2024-11-14 07:37:13.251852,6085.68,out,card_purchase,US,USD
TXN-00001987,SIG-00212,2024-12-15 02:10:13.055679,987.73,in,withdrawal,US,USD
TXN-00009562,SIG-01057,2023-12-30 21:30:29.888309,97.24,out,deposit,US,USD
TXN-00006547,SIG-00733,2024-06-03 23:54:01.317830,4939.63,in,bill_pay,US,USD
TXN-00007099,SIG-00793,2024-11-22 16:30:17.743564,1175.58,out,card_purchase,US,USD
TXN-00002812,SIG-00311,2024-11-04 13:16:42.413241,9234.44,in,card_purchase,US,USD
TXN-00000660,SIG-00068,2024-02-10 07:04:57.382061,13994.48,out,atm_withdrawal,US,USD
TXN-00009987,SIG-01104,2024-01-28 20:03:44.310341,1422.33,in,transfer,US,USD
TXN-00002512,SIG-00275,2024-06-22 11:37:55.881257,749.39,out,card_purchase,US,USD
TXN-00004283,SIG-00476,2024-12-24 14:07:57.535573,517.04,out,payment,US,USD
TXN-00009340,SIG-01032,2024-07-29 07:28:03.819749,956.59,in,bill_pay,US,USD
TXN-00008801,SIG-00974,2024-03-08 20:21:32.631470,799.22,in,payment,US,USD
TXN-00006288,SIG-00706,2024-03-19 22:25:13.216298,399.84,in,bill_pay,TR,EUR
TXN-00001931,SIG-00207,2024-10-07 02:58:29.630457,10698.28,out,wire,US,USD
TXN-00007126,SIG-00796,2024-01-28 14:54:31.232449,396.88,out,refund,US,USD
TXN-00000198,SIG-00019,2024-08-04 00:22:35.353285,359.13,out,wire,CN,GBP
TXN-00007778,SIG-00865,2024-02-29 00:38:13.810306,4994.22,in,card_purchase,US,USD
TXN-00002932,SIG-00326,2024-09-06 01:02:05.428000,2210.18,in,payment,UA,GBP
TXN-00008005,SIG-00886,2024-10-28 21:14:36.969364,1592.71,out,atm_withdrawal,US,USD
TXN-00002328,SIG-00254,2024-12-20 22:21:25.839103,843.67,out,card_purchase,US,USD
TXN-00004390,SIG-00485,2024-07-06 19:23:29.683827,10059.42,in,payment,US,USD
TXN-00008959,SIG-00992,2024-02-19 21:47:54.046874,4952.63,out,bill_pay,US,USD
TXN-00004219,SIG-00468,2024-08-01 05:50:18.783294,1578.09,in,payment,US,USD
TXN-00000203,SIG-00020,2024-11-07 13:02:27.893975,82.44,out,transfer,AE,JPY
TXN-00003511,SIG-00391,2024-01-29 17:39:07.140523,850.98,in,payment,US,USD
TXN-00004932,SIG-00551,2023-12-31 03:06:57.644756,744.2,out,transfer,US,USD
TXN-00005536,SIG-00617,2024-08-06 16:37:32.755409,1444.59,in,atm_withdrawal,US,USD
TXN-00009926,SIG-01097,2024-12-23 22:05:44.157590,1305.0,in,transfer,US,USD
TXN-00005792,SIG-00649,2024-06-14 04:31:26.533896,13734.73,in,bill_pay,US,USD
TXN-00001708,SIG-00186,2024-11-05 22:12:07.463538,210.12,in,withdrawal,US,USD
TXN-00005173,SIG-00575,2024-05-11 04:01:49.856778,15113.46,in,withdrawal,US,USD
TXN-00005250,SIG-00585,2024-09-15 08:03:42.436441,22159.36,out,atm_withdrawal,US,USD
TXN-00006529,SIG-00731,2024-02-26 14:52:18.859125,2056.35,out,card_purchase,US,USD
TXN-00010727,SIG-01185,2024-08-16 06:11:27.200026,174.11,in,card_purchase,US,USD
TXN-00005856,SIG-00656,2024-03-24 12:16:02.562650,881.85,out,card_purchase,US,USD
TXN-00008165,SIG-00902,2024-01-13 09:51:31.268864,151.9,out,deposit,US,USD
TXN-00000855,SIG-00089,2024-07-25 09:58:10.111332,733.2,in,card_purchase,US,USD
TXN-00004738,SIG-00528,2024-06-30 08:23:17.498948,14031.49,in,wire,US,USD
TXN-00010353,SIG-01144,2024-09-28 17:22:51.646112,8191.01,out,bill_pay,US,USD
TXN-00000699,SIG-00073,2024-04-03 17:12:04.313679,671.17,in,transfer,US,USD
TXN-00003697,SIG-00411,2024-07-23 09:27:43.302384,4730.06,in,transfer,US,USD
TXN-00001637,SIG-00177,2023-12-22 15:07:05.133637,3746.8,out,payment,US,USD
TXN-00007281,SIG-00814,2024-06-09 01:05:57.838827,6542.68,out,transfer,RU,CHF
TXN-00007555,SIG-00843,2024-07-24 12:17:36.641872,3513.49,out,fx_exchange,US,USD
TXN-00003582,SIG-00398,2024-06-02 10:30:18.739239,23.63,in,deposit,US,USD
TXN-00001292,SIG-00135,2024-09-17 02:47:06.508576,389.11,out,card_purchase,US,USD
TXN-00006586,SIG-00737,2024-04-28 15:59:20.141452,327.26,in,deposit,US,USD
TXN-00001854,SIG-00200,2024-01-03 14:54:04.103376,464.41,out,payment,US,USD
TXN-00005233,SIG-00582,2024-03-30 04:53:06.904886,1096.78,in,payment,US,USD
TXN-00003764,SIG-00417,2024-05-20 21:02:19.744155,7098.86,out,card_purchase,US,USD
TXN-00003305,SIG-00367,2024-11-12 09:09:10.760732,2206.45,out,deposit,IN,USD
TXN-00001496,SIG-00161,2024-03-13 21:47:22.600013,3134.01,out,atm_withdrawal,US,USD
TXN-00007995,SIG-00885,2024-05-10 07:30:49.379478,2050.71,out,transfer,US,USD
TXN-00001999,SIG-00214,2024-07-09 02:44:19.726840,398.82,in,withdrawal,US,USD
TXN-00000664,SIG-00068,2024-01-26 03:52:26.988439,614.02,out,deposit,US,USD
TXN-00003749,SIG-00416,2024-09-23 21:47:23.667359,300.72,out,card_purchase,US,USD
TXN-00004414,SIG-00490,2024-11-06 05:06:27.377748,2781.45,in,bill_pay,US,USD
TXN-00005531,SIG-00617,2024-08-02 15:44:51.878489,207.0,in,wire,US,USD
TXN-00005576,SIG-00622,2024-07-06 13:15:41.323884,2356.86,in,card_purchase,US,USD
TXN-00008902,SIG-00984,2024-05-14 23:18:20.298271,359.83,in,card_purchase,US,USD
TXN-00007527,SIG-00840,2024-04-08 19:54:12.741237,3020.36,out,withdrawal,US,USD
TXN-00009475,SIG-01046,2024-01-27 19:02:10.834619,4286.59,in,wire,US,USD
TXN-00005865,SIG-00656,2024-03-19 00:32:17.199064,309.37,out,payment,US,USD
TXN-00006777,SIG-00757,2024-02-20 22:33:53.136001,2602.49,in,bill_pay,US,USD
TXN-00001307,SIG-00138,2024-08-19 03:48:07.572942,4455.45,out,payment,US,USD
TXN-00007393,SIG-00825,2024-07-12 18:37:06.495583,2313.44,in,transfer,US,USD
TXN-00010430,SIG-01152,2024-10-15 05:16:39.994346,8339.35,in,payment,TR,GBP
TXN-00005593,SIG-00624,2024-07-03 05:02:58.654194,2216.48,in,fx_exchange,AE,JPY
TXN-00010231,SIG-01128,2024-06-07 21:38:52.116630,2543.82,in,fx_exchange,US,USD
TXN-00009722,SIG-01076,2024-07-26 12:00:18.217782,2731.5,out,withdrawal,US,USD
TXN-00001664,SIG-00181,2024-02-09 02:41:13.289802,2068.3,out,deposit,US,USD
TXN-00005451,SIG-00609,2024-01-17 19:09:31.586662,957.25,in,payment,US,USD
TXN-00010819,SIG-01194,2024-06-29 00:14:37.446944,141.37,in,deposit,US,USD
TXN-00010842,SIG-01195,2024-05-23 20:32:58.456468,1131.55,out,refund,US,USD
TXN-00003628,SIG-00405,2024-12-02 01:35:03.669917,3038.52,out,card_purchase,PA,EUR
TXN-00002694,SIG-00296,2024-04-12 06:42:34.401025,1029.51,out,deposit,US,USD
TXN-00009790,SIG-01082,2024-06-03 09:04:53.483555,839.25,in,wire,US,USD
TXN-00005916,SIG-00661,2024-01-20 18:33:42.661347,185.46,out,deposit,US,USD
TXN-00003158,SIG-00353,2024-06-17 17:00:47.290165,3633.88,in,wire,UA,CHF
TXN-00009915,SIG-01096,2024-04-17 10:16:57.679683,6557.82,out,card_purchase,US,USD
TXN-00006669,SIG-00745,2024-09-21 15:29:11.535463,720.58,out,fx_exchange,US,USD
TXN-00001060,SIG-00111,2024-09-26 19:58:48.697409,313.83,in,transfer,AE,CHF
TXN-00004637,SIG-00515,2024-11-22 00:07:05.927502,1406.52,in,bill_pay,PA,USD
TXN-00003243,SIG-00360,2024-05-07 08:11:36.799964,6747.54,in,transfer,US,USD
TXN-00001679,SIG-00183,2024-09-27 17:50:07.030493,503.31,out,withdrawal,US,USD
TXN-00006893,SIG-00771,2024-10-08 22:51:05.442624,1022.48,in,atm_withdrawal,US,USD
TXN-00006375,SIG-00714,2024-02-04 21:45:49.200989,1838.48,in,atm_withdrawal,US,USD
TXN-00007575,SIG-00845,2024-12-17 03:55:03.194868,1531.27,in,payment,US,USD
TXN-00001758,SIG-00190,2024-01-01 17:32:38.884683,417.41,in,card_purchase,US,USD
TXN-00006020,SIG-00674,2024-10-22 13:39:29.097622,559.07,in,card_purchase,US,USD
TXN-00005117,SIG-00571,2024-10-15 15:39:46.973636,1502.32,out,card_purchase,TR,EUR
TXN-00008756,SIG-00971,2024-10-23 23:55:44.115274,1419.84,in,deposit,US,USD
TXN-00007409,SIG-00826,2024-07-13 11:16:55.785800,101.58,out,card_purchase,CN,EUR
TXN-00002791,SIG-00307,2024-07-30 22:00:36.279574,920.12,out,card_purchase,US,USD
TXN-00000864,SIG-00090,2024-04-14 18:24:21.845567,588.5,in,payment,US,USD
TXN-00007859,SIG-00874,2024-12-16 12:45:51.805812,8319.28,in,wire,US,USD
TXN-00001485,SIG-00160,2024-04-07 09:01:27.524854,26550.71,out,atm_withdrawal,PA,JPY
TXN-00007036,SIG-00788,2024-01-25 06:02:35.692704,1318.29,in,atm_withdrawal,US,USD
TXN-00007722,SIG-00860,2024-03-17 00:18:14.738655,14183.54,out,wire,RU,JPY
TXN-00005978,SIG-00668,2024-04-09 23:57:13.613893,325.12,out,withdrawal,US,USD
TXN-00005135,SIG-00571,2024-10-29 04:40:47.701418,257.14,out,withdrawal,US,USD
TXN-00000207,SIG-00020,2024-11-01 11:51:43.058128,14344.23,out,atm_withdrawal,PA,CHF
TXN-00004489,SIG-00498,2024-09-09 07:11:36.685471,1056.67,out,card_purchase,US,USD
TXN-00006939,SIG-00775,2024-09-25 05:05:51.466373,929.95,in,wire,US,USD
TXN-00009063,SIG-01006,2024-11-29 19:25:15.820812,640.46,in,refund,PA,EUR
TXN-00006911,SIG-00773,2024-05-12 10:17:00.263777,315.04,out,bill_pay,US,USD
TXN-00000503,SIG-00051,2024-07-19 16:43:40.119754,1065.23,out,card_purchase,US,USD
TXN-00007386,SIG-00823,2024-04-28 06:58:43.142895,675.96,in,refund,US,USD
TXN-00001029,SIG-00106,2024-01-06 14:41:43.195393,1505.01,in,withdrawal,US,USD
TXN-00003841,SIG-00427,2024-05-07 04:02:58.791809,274.39,in,deposit,US,USD
TXN-00008111,SIG-00897,2024-07-11 07:02:02.162940,563.32,in,atm_withdrawal,US,USD
TXN-00005057,SIG-00564,2024-08-21 18:16:27.079324,1508.58,in,refund,US,USD
TXN-00009763,SIG-01081,2024-08-11 16:23:55.585158,631.37,in,payment,RU,CHF
TXN-00008155,SIG-00901,2024-09-09 17:59:40.521594,2569.45,out,wire,US,USD
TXN-00002732,SIG-00300,2024-03-03 16:25:01.131145,26689.4,out,deposit,IN,JPY
TXN-00008997,SIG-00998,2024-09-04 09:41:26.098105,291.56,in,card_purchase,US,USD
TXN-00002455,SIG-00269,2024-01-03 05:15:26.460854,2153.56,in,deposit,US,USD
TXN-00007216,SIG-00809,2024-10-09 00:46:10.664028,49.48,in,card_purchase,US,USD
TXN-00003105,SIG-00346,2024-02-08 13:07:57.838893,760.86,out,withdrawal,US,USD
TXN-00008393,SIG-00927,2024-01-03 09:08:31.261281,1883.99,in,card_purchase,US,USD
TXN-00006279,SIG-00705,2024-11-18 21:38:48.686329,602.52,out,transfer,US,USD
TXN-00003100,SIG-00346,2024-01-01 02:30:06.716178,747.88,in,atm_withdrawal,US,USD
TXN-00006185,SIG-00694,2024-08-01 06:39:54.518033,558.36,out,withdrawal,US,USD
TXN-00010471,SIG-01157,2024-01-11 17:44:16.742183,1212.59,out,bill_pay,US,USD
TXN-00003562,SIG-00396,2024-05-19 14:48:10.857225,1121.23,in,payment,US,USD
TXN-00005893,SIG-00658,2024-03-21 03:15:07.626622,1852.83,out,card_purchase,RU,CHF
TXN-00000392,SIG-00040,2024-08-01 05:25:53.337150,3832.77,out,bill_pay,US,USD
TXN-00006737,SIG-00752,2024-09-28 12:19:56.491878,592.8,in,payment,US,USD
TXN-00005619,SIG-00627,2024-10-15 09:38:54.487299,3529.61,out,bill_pay,US,USD
TXN-00005259,SIG-00587,2024-03-23 22:24:34.795369,401.56,out,withdrawal,IN,CHF
TXN-00009688,SIG-01070,2024-04-01 01:54:20.764423,6456.61,in,atm_withdrawal,IN,EUR
TXN-00002696,SIG-00297,2024-01-02 13:15:39.177775,1576.2,in,deposit,PA,USD
TXN-00002028,SIG-00219,2024-09-26 05:27:55.429954,505.47,in,card_purchase,US,USD
TXN-00005464,SIG-00610,2024-04-01 02:14:50.763876,792.97,in,payment,IN,GBP
TXN-00002569,SIG-00282,2024-03-26 12:26:03.438219,478.6,in,payment,BR,USD
TXN-00008007,SIG-00887,2024-12-08 16:40:36.314523,432.63,in,payment,US,USD
TXN-00000065,SIG-00007,2024-04-26 02:52:24.203519,322.98,in,withdrawal,US,USD
TXN-00002063,SIG-00224,2024-08-06 10:03:27.009595,7896.08,out,payment,US,USD
TXN-00005277,SIG-00589,2024-07-27 07:17:35.103336,1900.33,out,bill_pay,US,USD
TXN-00007209,SIG-00807,2024-09-07 16:07:31.684479,5470.94,in,wire,RU,EUR
TXN-00008685,SIG-00962,2024-07-24 10:30:54.374180,288.64,in,card_purchase,US,USD
TXN-00008572,SIG-00948,2024-05-04 12:23:28.528239,382.01,out,card_purchase,US,USD
TXN-00006332,SIG-00711,2024-05-31 19:45:23.564362,6616.81,out,fx_exchange,US,USD
TXN-00004860,SIG-00542,2024-04-15 13:07:24.576107,4700.8,out,deposit,US,USD
TXN-00004888,SIG-00544,2024-02-15 19:04:28.958707,7004.91,in,payment,NG,JPY
TXN-00009269,SIG-01026,2024-12-12 10:33:52.201130,1567.42,out,wire,US,USD
TXN-00000879,SIG-00091,2024-07-18 19:50:58.773807,364.09,out,bill_pay,US,USD
TXN-00008530,SIG-00944,2024-09-28 15:33:51.171317,9834.78,in,payment,US,USD
TXN-00007917,SIG-00878,2024-01-17 15:52:45.252785,6635.12,in,transfer,US,USD
TXN-00006864,SIG-00768,2024-10-01 15:36:57.579186,3396.87,out,card_purchase,US,USD
TXN-00007893,SIG-00876,2024-01-08 10:55:00.246196,2416.8,in,wire,US,USD
TXN-00006440,SIG-00723,2024-02-21 02:44:21.187961,237.79,in,card_purchase,US,USD
TXN-00007870,SIG-00874,2024-12-13 01:24:09.655512,2999.59,out,wire,NG,CHF
TXN-00001017,SIG-00105,2024-10-06 12:35:29.303480,1287.64,in,bill_pay,US,USD
TXN-00009468,SIG-01045,2024-06-29 05:42:14.326965,1482.1,out,refund,US,USD
TXN-00007630,SIG-00851,2024-01-15 12:11:36.919345,281.0,out,wire,BR,JPY
TXN-00000996,SIG-00103,2024-11-02 21:15:14.125806,334.65,out,payment,BR,GBP
TXN-00010174,SIG-01122,2024-11-04 20:43:35.001086,1244.73,out,payment,CN,GBP
TXN-00004298,SIG-00476,2024-12-23 14:35:45.548416,20.7,out,withdrawal,US,USD
TXN-00000162,SIG-00017,2024-10-24 13:44:58.403245,9005.08,in,refund,US,USD
TXN-00005676,SIG-00635,2024-04-13 05:20:34.256676,248.43,out,card_purchase,US,USD
TXN-00006874,SIG-00769,2024-11-21 17:11:25.013494,13166.65,in,transfer,US,USD
TXN-00009693,SIG-01070,2024-03-29 22:23:33.676701,12383.27,out,card_purchase,US,USD
TXN-00007990,SIG-00884,2024-07-02 07:57:53.241229,1444.94,in,bill_pay,US,USD
TXN-00003844,SIG-00427,2024-05-15 18:04:41.596575,490.31,out,payment,US,USD
TXN-00010806,SIG-01193,2024-06-15 03:12:02.124383,2040.85,in,transfer,US,USD
TXN-00001022,SIG-00106,2023-12-29 04:17:58.143391,337.2,out,transfer,US,USD
TXN-00003074,SIG-00342,2024-06-08 05:04:42.880265,2887.19,in,bill_pay,AE,GBP
TXN-00007556,SIG-00843,2024-07-23 08:33:15.314005,1781.59,out,wire,US,USD
TXN-00003944,SIG-00440,2024-09-08 11:13:05.134982,616.17,in,refund,US,USD
TXN-00001586,SIG-00172,2024-06-23 22:28:45.845275,746.05,in,transfer,US,USD
TXN-00010148,SIG-01119,2024-03-15 22:55:49.205660,189.3,out,transfer,US,USD
TXN-00003153,SIG-00353,2024-06-09 03:19:02.641113,1237.43,in,card_purchase,US,USD
TXN-00008227,SIG-00909,2024-02-14 09:37:00.493103,8123.4,in,deposit,US,USD
TXN-00000776,SIG-00081,2024-11-10 14:39:55.582851,1571.39,in,payment,US,USD
TXN-00010749,SIG-01187,2024-11-16 12:04:05.520893,1749.4,out,payment,US,USD
TXN-00009671,SIG-01069,2024-10-02 16:35:21.087626,622.9,in,atm_withdrawal,CN,CHF
TXN-00007100,SIG-00793,2024-11-14 09:32:52.281077,1142.52,in,deposit,US,USD
TXN-00005487,SIG-00612,2024-05-12 12:56:16.429721,715.43,in,bill_pay,US,USD
TXN-00006236,SIG-00700,2024-08-06 17:54:06.948139,28498.9,in,atm_withdrawal,US,USD
TXN-00009556,SIG-01055,2024-07-05 23:09:02.854940,612.48,out,wire,US,USD
TXN-00007042,SIG-00788,2024-01-06 11:46:59.862156,820.73,out,card_purchase,BR,USD
TXN-00002613,SIG-00287,2024-08-04 14:19:13.631739,1507.12,in,withdrawal,US,USD
TXN-00007514,SIG-00839,2024-12-03 23:20:16.008275,892.17,in,card_purchase,US,USD
TXN-00010234,SIG-01129,2024-11-01 10:15:18.616571,384.68,in,payment,US,USD
TXN-00008434,SIG-00933,2024-09-21 12:46:56.679964,3108.08,in,withdrawal,US,USD
TXN-00010254,SIG-01132,2024-05-14 15:31:42.401333,837.96,out,payment,UA,EUR
TXN-00010556,SIG-01165,2024-04-17 07:22:21.882328,6112.9,out,transfer,US,USD
TXN-00008793,SIG-00973,2024-08-17 04:50:10.980969,7488.88,out,card_purchase,US,USD
TXN-00010628,SIG-01173,2024-04-30 19:51:31.173972,500.29,out,deposit,US,USD
TXN-00005394,SIG-00602,2024-11-08 16:23:01.698326,522.03,out,deposit,AE,USD
TXN-00008839,SIG-00977,2024-07-25 18:12:44.597543,204.11,out,withdrawal,CN,CHF
TXN-00003891,SIG-00431,2024-10-03 00:01:53.485190,427.5,out,card_purchase,IN,CHF
TXN-00003557,SIG-00396,2024-04-21 18:38:56.414599,1289.58,in,transfer,US,USD
TXN-00001529,SIG-00165,2024-07-15 01:27:37.542978,3002.32,out,transfer,IN,USD
TXN-00001268,SIG-00134,2024-03-03 15:57:20.306841,3425.64,in,transfer,US,USD
TXN-00007735,SIG-00860,2024-03-22 12:13:25.826850,2205.94,in,card_purchase,US,USD
TXN-00001900,SIG-00204,2024-05-17 22:58:09.735678,24884.11,out,bill_pay,US,USD
TXN-00004659,SIG-00518,2024-08-31 02:50:46.901276,2471.85,out,fx_exchange,US,USD
TXN-00003006,SIG-00335,2024-02-27 08:39:23.281387,479.97,out,atm_withdrawal,US,USD
TXN-00002735,SIG-00300,2024-02-25 22:32:07.885776,3352.71,out,transfer,US,USD
TXN-00000190,SIG-00019,2024-08-03 14:36:54.307638,34432.07,out,payment,US,USD
TXN-00009999,SIG-01105,2024-05-24 02:33:34.686280,1970.65,out,deposit,US,USD
TXN-00009168,SIG-01016,2024-07-30 14:04:07.057609,1302.77,in,transfer,US,USD
TXN-00002748,SIG-00301,2024-07-20 19:32:56.374044,3476.87,out,bill_pay,US,USD
TXN-00002048,SIG-00222,2024-11-29 23:45:37.725370,2654.81,out,atm_withdrawal,US,USD
TXN-00007850,SIG-00872,2024-09-08 03:07:56.890702,567.66,out,card_purchase,US,USD
TXN-00002559,SIG-00281,2024-12-04 14:11:34.819246,180.72,in,payment,US,USD
TXN-00009275,SIG-01026,2024-12-03 11:23:24.795842,1242.28,in,card_purchase,US,USD
TXN-00008667,SIG-00960,2024-10-02 00:21:37.656367,743.21,in,card_purchase,US,USD
TXN-00006397,SIG-00718,2024-09-29 07:13:52.197373,790.41,in,atm_withdrawal,IN,USD
TXN-00003386,SIG-00376,2024-04-12 07:28:01.283931,171.73,in,payment,US,USD
TXN-00004556,SIG-00507,2024-03-19 06:54:49.413959,488.22,out,atm_withdrawal,US,USD
TXN-00001185,SIG-00125,2024-10-26 16:03:54.870953,1231.74,out,withdrawal,AE,JPY
TXN-00006421,SIG-00720,2024-05-28 04:36:11.554801,4118.9,out,withdrawal,US,USD
TXN-00005052,SIG-00563,2024-05-28 19:48:03.847477,11393.39,out,payment,US,USD
TXN-00005312,SIG-00593,2024-09-03 13:02:23.340365,3006.53,in,payment,US,USD
TXN-00002434,SIG-00268,2024-01-17 18:00:20.307988,2309.5,out,bill_pay,US,USD
TXN-00006950,SIG-00776,2024-02-25 19:01:16.627872,3905.61,out,deposit,NG,GBP
TXN-00010584,SIG-01168,2024-10-10 20:45:13.548379,509.05,in,card_purchase,US,USD
TXN-00000770,SIG-00080,2024-03-30 14:25:51.867002,231.08,out,deposit,CN,GBP
TXN-00001686,SIG-00184,2024-01-23 07:11:02.543474,1650.62,out,bill_pay,AE,EUR
TXN-00008323,SIG-00918,2024-10-11 15:29:32.807240,81.11,out,transfer,US,USD
TXN-00005579,SIG-00623,2023-12-17 03:08:11.757048,370.0,in,fx_exchange,US,USD
TXN-00004427,SIG-00491,2024-06-27 19:12:38.592434,9673.38,out,transfer,US,USD
TXN-00000467,SIG-00048,2024-02-04 02:49:07.075407,981.47,out,payment,US,USD
TXN-00006266,SIG-00704,2024-11-10 15:54:27.249507,5200.41,out,card_purchase,US,USD
TXN-00005735,SIG-00642,2024-08-27 10:40:45.888170,89.06,out,wire,US,USD
TXN-00005192,SIG-00577,2024-05-27 10:05:15.164377,2115.55,in,transfer,PA,USD
TXN-00005391,SIG-00602,2024-09-28 07:47:53.771260,107.46,in,bill_pay,US,USD
TXN-00000861,SIG-00089,2024-07-20 21:05:07.774594,1638.13,in,atm_withdrawal,US,USD
TXN-00007271,SIG-00814,2024-07-08 00:09:16.477677,5376.24,out,fx_exchange,US,USD
